<?xml version="1.0" encoding="us-ascii"?>
<XML ID="EQInterfaceDefinitionLanguage">
  <Schema xmlns="EverQuestData" xmlns:dt="EverQuestDataTypes" />
  <!-- Original by Astryne and modified for Lunakin Quarmified by Brujoloco Nov 15 2023 -->
    <Button item="BW_Buff0_Button">
    <ScreenID>Buff0</ScreenID>
    <EQType>45</EQType>
    <Location>
      <X>742</X>
      <Y>0</Y>
    </Location>
    <Size>
      <CX>105</CX>
      <CY>30</CY>
    </Size>
    <ButtonDrawTemplate>
      <Normal>RedIconBackground</Normal>
      <NormalDecal>BuffIcons</NormalDecal>
    </ButtonDrawTemplate>
    <DecalOffset>
      <X>3</X>
      <Y>3</Y>
    </DecalOffset>
    <DecalSize>
      <CX>24</CX>
      <CY>24</CY>
    </DecalSize>
  </Button>
  <Button item="BW_Buff1_Button">
    <ScreenID>Buff1</ScreenID>
    <EQType>46</EQType>
    <Location>
      <X>742</X>
      <Y>31</Y>
    </Location>
    <Size>
      <CX>105</CX>
      <CY>30</CY>
    </Size>
    <ButtonDrawTemplate>
      <Normal>BlueIconBackground</Normal>
      <NormalDecal>BuffIcons</NormalDecal>
    </ButtonDrawTemplate>
    <DecalOffset>
      <X>3</X>
      <Y>3</Y>
    </DecalOffset>
    <DecalSize>
      <CX>24</CX>
      <CY>24</CY>
    </DecalSize>
  </Button>
  <Button item="BW_Buff2_Button">
    <ScreenID>Buff2</ScreenID>
    <EQType>47</EQType>
    <Location>
      <X>636</X>
      <Y>0</Y>
    </Location>
    <Size>
      <CX>105</CX>
      <CY>30</CY>
    </Size>
    <ButtonDrawTemplate>
      <Normal>RedIconBackground</Normal>
      <NormalDecal>BuffIcons</NormalDecal>
    </ButtonDrawTemplate>
    <DecalOffset>
      <X>3</X>
      <Y>3</Y>
    </DecalOffset>
    <DecalSize>
      <CX>24</CX>
      <CY>24</CY>
    </DecalSize>
  </Button>
  <Button item="BW_Buff3_Button">
    <ScreenID>Buff3</ScreenID>
    <EQType>48</EQType>
    <Location>
      <X>636</X>
      <Y>31</Y>
    </Location>
    <Size>
      <CX>105</CX>
      <CY>30</CY>
    </Size>
    <ButtonDrawTemplate>
      <Normal>BlueIconBackground</Normal>
      <NormalDecal>BuffIcons</NormalDecal>
    </ButtonDrawTemplate>
    <DecalOffset>
      <X>3</X>
      <Y>3</Y>
    </DecalOffset>
    <DecalSize>
      <CX>24</CX>
      <CY>24</CY>
    </DecalSize>
  </Button>
  <Button item="BW_Buff4_Button">
    <ScreenID>Buff4</ScreenID>
    <EQType>49</EQType>
    <Location>
      <X>530</X>
      <Y>0</Y>
    </Location>
    <Size>
      <CX>105</CX>
      <CY>30</CY>
    </Size>
    <ButtonDrawTemplate>
      <Normal>RedIconBackground</Normal>
      <NormalDecal>BuffIcons</NormalDecal>
    </ButtonDrawTemplate>
    <DecalOffset>
      <X>3</X>
      <Y>3</Y>
    </DecalOffset>
    <DecalSize>
      <CX>24</CX>
      <CY>24</CY>
    </DecalSize>
  </Button>
  <Button item="BW_Buff5_Button">
    <ScreenID>Buff5</ScreenID>
    <EQType>50</EQType>
    <Location>
      <X>530</X>
      <Y>31</Y>
    </Location>
    <Size>
      <CX>105</CX>
      <CY>30</CY>
    </Size>
    <ButtonDrawTemplate>
      <Normal>BlueIconBackground</Normal>
      <NormalDecal>BuffIcons</NormalDecal>
    </ButtonDrawTemplate>
    <DecalOffset>
      <X>3</X>
      <Y>3</Y>
    </DecalOffset>
    <DecalSize>
      <CX>24</CX>
      <CY>24</CY>
    </DecalSize>
  </Button>
  <Button item="BW_Buff6_Button">
    <ScreenID>Buff6</ScreenID>
    <EQType>51</EQType>
    <Location>
      <X>424</X>
      <Y>0</Y>
    </Location>
    <Size>
      <CX>105</CX>
      <CY>30</CY>
    </Size>
    <ButtonDrawTemplate>
      <Normal>RedIconBackground</Normal>
      <NormalDecal>BuffIcons</NormalDecal>
    </ButtonDrawTemplate>
    <DecalOffset>
      <X>3</X>
      <Y>3</Y>
    </DecalOffset>
    <DecalSize>
      <CX>24</CX>
      <CY>24</CY>
    </DecalSize>
  </Button>
  <Button item="BW_Buff7_Button">
    <ScreenID>Buff7</ScreenID>
    <EQType>52</EQType>
    <Location>
      <X>424</X>
      <Y>31</Y>
    </Location>
    <Size>
      <CX>105</CX>
      <CY>30</CY>
    </Size>
    <ButtonDrawTemplate>
      <Normal>BlueIconBackground</Normal>
      <NormalDecal>BuffIcons</NormalDecal>
    </ButtonDrawTemplate>
    <DecalOffset>
      <X>3</X>
      <Y>3</Y>
    </DecalOffset>
    <DecalSize>
      <CX>24</CX>
      <CY>24</CY>
    </DecalSize>
  </Button>
  <Button item="BW_Buff8_Button">
    <ScreenID>Buff8</ScreenID>
    <EQType>53</EQType>
    <Location>
      <X>318</X>
      <Y>0</Y>
    </Location>
    <Size>
      <CX>105</CX>
      <CY>30</CY>
    </Size>
    <ButtonDrawTemplate>
      <Normal>BlueIconBackground</Normal>
      <NormalDecal>BuffIcons</NormalDecal>
    </ButtonDrawTemplate>
    <DecalOffset>
      <X>3</X>
      <Y>3</Y>
    </DecalOffset>
    <DecalSize>
      <CX>24</CX>
      <CY>24</CY>
    </DecalSize>
  </Button>
  <Button item="BW_Buff9_Button">
    <ScreenID>Buff9</ScreenID>
    <EQType>54</EQType>
    <Location>
      <X>318</X>
      <Y>31</Y>
    </Location>
    <Size>
      <CX>105</CX>
      <CY>30</CY>
    </Size>
    <ButtonDrawTemplate>
      <Normal>RedIconBackground</Normal>
      <NormalDecal>BuffIcons</NormalDecal>
    </ButtonDrawTemplate>
    <DecalOffset>
      <X>3</X>
      <Y>3</Y>
    </DecalOffset>
    <DecalSize>
      <CX>24</CX>
      <CY>24</CY>
    </DecalSize>
  </Button>
  <Button item="BW_Buff10_Button">
    <ScreenID>Buff10</ScreenID>
    <EQType>55</EQType>
    <Location>
      <X>212</X>
      <Y>0</Y>
    </Location>
    <Size>
      <CX>105</CX>
      <CY>30</CY>
    </Size>
    <ButtonDrawTemplate>
      <Normal>BlueIconBackground</Normal>
      <NormalDecal>BuffIcons</NormalDecal>
    </ButtonDrawTemplate>
    <DecalOffset>
      <X>3</X>
      <Y>3</Y>
    </DecalOffset>
    <DecalSize>
      <CX>24</CX>
      <CY>24</CY>
    </DecalSize>
  </Button>
  <Button item="BW_Buff11_Button">
    <ScreenID>Buff11</ScreenID>
    <EQType>56</EQType>
    <Location>
      <X>212</X>
      <Y>31</Y>
    </Location>
    <Size>
      <CX>105</CX>
      <CY>30</CY>
    </Size>
    <ButtonDrawTemplate>
      <Normal>RedIconBackground</Normal>
      <NormalDecal>BuffIcons</NormalDecal>
    </ButtonDrawTemplate>
    <DecalOffset>
      <X>3</X>
      <Y>3</Y>
    </DecalOffset>
    <DecalSize>
      <CX>24</CX>
      <CY>24</CY>
    </DecalSize>
  </Button>
  <Button item="BW_Buff12_Button">
    <ScreenID>Buff12</ScreenID>
    <EQType>57</EQType>
    <Location>
      <X>106</X>
      <Y>0</Y>
    </Location>
    <Size>
      <CX>105</CX>
      <CY>30</CY>
    </Size>
    <ButtonDrawTemplate>
      <Normal>BlueIconBackground</Normal>
      <NormalDecal>BuffIcons</NormalDecal>
    </ButtonDrawTemplate>
    <DecalOffset>
      <X>3</X>
      <Y>3</Y>
    </DecalOffset>
    <DecalSize>
      <CX>24</CX>
      <CY>24</CY>
    </DecalSize>
  </Button>
  <Button item="BW_Buff13_Button">
    <ScreenID>Buff13</ScreenID>
    <EQType>58</EQType>
    <Location>
      <X>106</X>
      <Y>31</Y>
    </Location>
    <Size>
      <CX>105</CX>
      <CY>30</CY>
    </Size>
    <ButtonDrawTemplate>
      <Normal>RedIconBackground</Normal>
      <NormalDecal>BuffIcons</NormalDecal>
    </ButtonDrawTemplate>
    <DecalOffset>
      <X>3</X>
      <Y>3</Y>
    </DecalOffset>
    <DecalSize>
      <CX>24</CX>
      <CY>24</CY>
    </DecalSize>
  </Button>
  <Button item="BW_Buff14_Button">
    <ScreenID>Buff14</ScreenID>
    <EQType>59</EQType>
    <Location>
      <X>0</X>
      <Y>0</Y>
    </Location>
    <Size>
      <CX>105</CX>
      <CY>30</CY>
    </Size>
    <ButtonDrawTemplate>
      <Normal>BlueIconBackground</Normal>
      <NormalDecal>BuffIcons</NormalDecal>
    </ButtonDrawTemplate>
    <DecalOffset>
      <X>3</X>
      <Y>3</Y>
    </DecalOffset>
    <DecalSize>
      <CX>24</CX>
      <CY>24</CY>
    </DecalSize>
  </Button>
  <!-- A small message of love to everyone playing this wonderful game! Be well! - Brujoloco -->
  <Label item="BW_Buff0_Desc">
    <ScreenID>Buff0Desc</ScreenID>
    <EQType>45</EQType>
    <Font>1</Font>
    <Location>
      <X>769</X>
      <Y>0</Y>
    </Location>
    <Size>
      <CX>78</CX>
      <CY>30</CY>
    </Size>
    <TextColor>
      <R>0</R>
      <G>255</G>
      <B>0</B>
    </TextColor>
    <Text />
  </Label>
  <Label item="BW_Buff1_Desc">
    <ScreenID>Buff1Desc</ScreenID>
    <EQType>46</EQType>
    <Font>1</Font>
    <Location>
      <X>769</X>
      <Y>31</Y>
    </Location>
    <Size>
      <CX>78</CX>
      <CY>30</CY>
    </Size>
    <TextColor>
      <R>0</R>
      <G>255</G>
      <B>0</B>
    </TextColor>
    <Text />
  </Label>
  <Label item="BW_Buff2_Desc">
    <ScreenID>Buff2Desc</ScreenID>
    <EQType>47</EQType>
    <Font>1</Font>
    <Location>
      <X>663</X>
      <Y>0</Y>
    </Location>
    <Size>
      <CX>78</CX>
      <CY>30</CY>
    </Size>
    <TextColor>
      <R>0</R>
      <G>255</G>
      <B>0</B>
    </TextColor>
    <Text />
  </Label>
  <Label item="BW_Buff3_Desc">
    <ScreenID>Buff3Desc</ScreenID>
    <EQType>48</EQType>
    <Font>1</Font>
    <Location>
      <X>663</X>
      <Y>31</Y>
    </Location>
    <Size>
      <CX>78</CX>
      <CY>30</CY>
    </Size>
    <TextColor>
      <R>0</R>
      <G>255</G>
      <B>0</B>
    </TextColor>
    <Text />
  </Label>
  <Label item="BW_Buff4_Desc">
    <ScreenID>Buff4Desc</ScreenID>
    <EQType>49</EQType>
    <Font>1</Font>
    <Location>
      <X>557</X>
      <Y>0</Y>
    </Location>
    <Size>
      <CX>78</CX>
      <CY>30</CY>
    </Size>
    <TextColor>
      <R>0</R>
      <G>255</G>
      <B>0</B>
    </TextColor>
    <Text />
  </Label>
  <Label item="BW_Buff5_Desc">
    <ScreenID>Buff5Desc</ScreenID>
    <EQType>50</EQType>
    <Font>1</Font>
    <Location>
      <X>557</X>
      <Y>31</Y>
    </Location>
    <Size>
      <CX>78</CX>
      <CY>30</CY>
    </Size>
    <TextColor>
      <R>0</R>
      <G>255</G>
      <B>0</B>
    </TextColor>
    <Text />
  </Label>
  <Label item="BW_Buff6_Desc">
    <ScreenID>Buff6Desc</ScreenID>
    <EQType>51</EQType>
    <Font>1</Font>
    <Location>
      <X>451</X>
      <Y>0</Y>
    </Location>
    <Size>
      <CX>78</CX>
      <CY>30</CY>
    </Size>
    <TextColor>
      <R>0</R>
      <G>255</G>
      <B>0</B>
    </TextColor>
    <Text />
  </Label>
  <Label item="BW_Buff7_Desc">
    <ScreenID>Buff7Desc</ScreenID>
    <EQType>52</EQType>
    <Font>1</Font>
    <Location>
      <X>451</X>
      <Y>31</Y>
    </Location>
    <Size>
      <CX>78</CX>
      <CY>30</CY>
    </Size>
    <TextColor>
      <R>0</R>
      <G>255</G>
      <B>0</B>
    </TextColor>
    <Text />
  </Label>
  <Label item="BW_Buff8_Desc">
    <ScreenID>Buff8Desc</ScreenID>
    <EQType>53</EQType>
    <Font>1</Font>
    <Location>
      <X>345</X>
      <Y>0</Y>
    </Location>
    <Size>
      <CX>78</CX>
      <CY>30</CY>
    </Size>
    <TextColor>
      <R>0</R>
      <G>255</G>
      <B>0</B>
    </TextColor>
    <Text />
  </Label>
  <Label item="BW_Buff9_Desc">
    <ScreenID>Buff9Desc</ScreenID>
    <EQType>54</EQType>
    <Font>1</Font>
    <Location>
      <X>345</X>
      <Y>31</Y>
    </Location>
    <Size>
      <CX>78</CX>
      <CY>30</CY>
    </Size>
    <TextColor>
      <R>0</R>
      <G>255</G>
      <B>0</B>
    </TextColor>
    <Text />
  </Label>
  <Label item="BW_Buff10_Desc">
    <ScreenID>Buff10Desc</ScreenID>
    <EQType>55</EQType>
    <Font>1</Font>
    <Location>
      <X>239</X>
      <Y>0</Y>
    </Location>
    <Size>
      <CX>78</CX>
      <CY>30</CY>
    </Size>
    <TextColor>
      <R>0</R>
      <G>255</G>
      <B>0</B>
    </TextColor>
    <Text />
  </Label>
  <Label item="BW_Buff11_Desc">
    <ScreenID>Buff11Desc</ScreenID>
    <EQType>56</EQType>
    <Font>1</Font>
    <Location>
      <X>239</X>
      <Y>31</Y>
    </Location>
    <Size>
      <CX>78</CX>
      <CY>30</CY>
    </Size>
    <TextColor>
      <R>0</R>
      <G>255</G>
      <B>0</B>
    </TextColor>
    <Text />
  </Label>
  <Label item="BW_Buff12_Desc">
    <ScreenID>Buff12Desc</ScreenID>
    <EQType>57</EQType>
    <Font>1</Font>
    <Location>
      <X>133</X>
      <Y>0</Y>
    </Location>
    <Size>
      <CX>78</CX>
      <CY>30</CY>
    </Size>
    <TextColor>
      <R>0</R>
      <G>255</G>
      <B>0</B>
    </TextColor>
    <Text />
  </Label>
  <Label item="BW_Buff13_Desc">
    <ScreenID>Buff13Desc</ScreenID>
    <EQType>58</EQType>
    <Font>1</Font>
    <Location>
      <X>133</X>
      <Y>31</Y>
    </Location>
    <Size>
      <CX>78</CX>
      <CY>30</CY>
    </Size>
    <TextColor>
      <R>0</R>
      <G>255</G>
      <B>0</B>
    </TextColor>
    <Text />
  </Label>
  <Label item="BW_Buff14_Desc">
    <ScreenID>Buff14Desc</ScreenID>
    <EQType>59</EQType>
    <Font>1</Font>
    <Location>
      <X>27</X>
      <Y>0</Y>
    </Location>
    <Size>
      <CX>78</CX>
      <CY>30</CY>
    </Size>
    <TextColor>
      <R>0</R>
      <G>255</G>
      <B>0</B>
    </TextColor>
    <Text />
  </Label>
  <Gauge item="XCasting_Gauge">
    <ScreenID>Gauge</ScreenID>
    <!--<Font>3</Font> -->
    <RelativePosition>true</RelativePosition>
    <Location>
      <X>0</X>
      <Y>42</Y>
    </Location>
    <Size>
      <CX>105</CX>
      <CY>8</CY>
    </Size>
    <GaugeOffsetY>0</GaugeOffsetY>
    <Style_VScroll>false</Style_VScroll>
    <Style_HScroll>false</Style_HScroll>
    <Style_Transparent>false</Style_Transparent>
    <!--<TooltipReference/>-->
    <FillTint>
      <R>240</R>
      <G>0</G>
      <B>240</B>
    </FillTint>
    <LinesFillTint>
      <R>0</R>
      <G>0</G>
      <B>0</B>
    </LinesFillTint>
    <DrawLinesFill>false</DrawLinesFill>
    <EQType>7</EQType>
    <GaugeDrawTemplate>
      <Background>A_GaugeBackground</Background>
      <Fill>A_GaugeFill</Fill>
      <Lines>A_GaugeLines</Lines>
      <LinesFill>A_GaugeLinesFill</LinesFill>
      <EndCapLeft>A_GaugeEndCapLeft</EndCapLeft>
      <EndCapRight>A_GaugeEndCapRight</EndCapRight>
    </GaugeDrawTemplate>
  </Gauge>
  <Screen item="BuffWindow">
    <Text>Buffs</Text>
    <RelativePosition>false</RelativePosition>
    <Location>
      <X>168</X>
      <Y>0</Y>
    </Location>
    <Size>
      <CX>856</CX>
      <CY>72</CY>
    </Size>
    <Style_Transparent>true</Style_Transparent>
    <DrawTemplate>WDT_blulun</DrawTemplate>
    <Style_Titlebar>false</Style_Titlebar>
    <Style_Closebox>false</Style_Closebox>
    <Style_Minimizebox>false</Style_Minimizebox>
    <Style_Border>true</Style_Border>
    <Style_Sizable>false</Style_Sizable>
    <Pieces>BW_Buff0_Button</Pieces>
	<Pieces>BW_Buff0_Desc</Pieces>
	<Pieces>BW_Buff1_Button</Pieces>
    <Pieces>BW_Buff1_Desc</Pieces>
    <Pieces>BW_Buff2_Button</Pieces>
    <Pieces>BW_Buff2_Desc</Pieces>
    <Pieces>BW_Buff3_Button</Pieces>
    <Pieces>BW_Buff3_Desc</Pieces>
    <Pieces>BW_Buff4_Button</Pieces>
    <Pieces>BW_Buff4_Desc</Pieces>
    <Pieces>BW_Buff5_Button</Pieces>
    <Pieces>BW_Buff5_Desc</Pieces>
    <Pieces>BW_Buff6_Button</Pieces>
    <Pieces>BW_Buff6_Desc</Pieces>
    <Pieces>BW_Buff7_Button</Pieces>
    <Pieces>BW_Buff7_Desc</Pieces>
    <Pieces>BW_Buff8_Button</Pieces>
    <Pieces>BW_Buff8_Desc</Pieces>
    <Pieces>BW_Buff9_Button</Pieces>
    <Pieces>BW_Buff9_Desc</Pieces>
    <Pieces>BW_Buff10_Button</Pieces>
    <Pieces>BW_Buff10_Desc</Pieces>
    <Pieces>BW_Buff11_Button</Pieces>
    <Pieces>BW_Buff11_Desc</Pieces>
    <Pieces>BW_Buff12_Button</Pieces>
    <Pieces>BW_Buff12_Desc</Pieces>
    <Pieces>BW_Buff13_Button</Pieces>
    <Pieces>BW_Buff13_Desc</Pieces>
    <Pieces>BW_Buff14_Button</Pieces>
    <Pieces>BW_Buff14_Desc</Pieces>
    <!-- Brujoloco : commenting this out as it is unneeded  in Lunakin Quarmified
    <Pieces>XCasting_Gauge</Pieces>  -->
  </Screen>
</XML>
