<?xml version="1.0" encoding="us-ascii"?>
<XML ID="EQInterfaceDefinitionLanguage">
  <Schema xmlns="EverQuestData" xmlns:dt="EverQuestDataTypes" />
  <!-- Original PetWindow "Petwin" by Shadefox -->
  <!-- Modified by Brujoloco for QQQuarm Nov 6 2023 -->
  <!-- Removed Get Lost Button and switched with Taunt + icon mods: Brujoloco -->

  <Label item="PetWin.HPPerc">
    <EQType>69</EQType>
    <Font>3</Font>
    <RelativePosition>true</RelativePosition>
    <Location>
      <X>105</X>
      <Y>12</Y>
    </Location>
    <Size>
      <CX>30</CX>
      <CY>20</CY>
    </Size>
    <Text>0</Text>
    <TextColor>
      <R>250</R>
      <G>250</G>
      <B>250</B>
    </TextColor>
    <NoWrap>true</NoWrap>
    <AlignRight>true</AlignRight>
  </Label>
  <Label item="PetWin.HPPerc%">
    <Font>3</Font>
    <RelativePosition>true</RelativePosition>
    <Location>
      <X>140</X>
      <Y>12</Y>
    </Location>
    <Size>
      <CX>20</CX>
      <CY>20</CY>
    </Size>
    <Text>%</Text>
    <TextColor>
      <R>250</R>
      <G>250</G>
      <B>250</B>
    </TextColor>
    <NoWrap>true</NoWrap>
    <AlignLeft>true</AlignLeft>
  </Label>
  <!-- Lost -->
  <TextureInfo item="PetButtons.tga">
    <Size>
      <CX>256</CX>
      <CY>256</CY>
    </Size>
  </TextureInfo>
  <Ui2DAnimation item="PetWin.AttackR">
    <Cycle>false</Cycle>
    <Frames>
      <Texture>PetButtons.tga</Texture>
      <Location>
        <X>2</X>
        <Y>2</Y>
      </Location>
      <Size>
        <CX>22</CX>
        <CY>22</CY>
      </Size>
      <Hotspot>
        <X>0</X>
        <Y>0</Y>
      </Hotspot>
    </Frames>
  </Ui2DAnimation>
  <Ui2DAnimation item="PetWin.AttackD">
    <Cycle>false</Cycle>
    <Frames>
      <Texture>PetButtons.tga</Texture>
      <Location>
        <X>26</X>
        <Y>2</Y>
      </Location>
      <Size>
        <CX>22</CX>
        <CY>22</CY>
      </Size>
      <Hotspot>
        <X>0</X>
        <Y>0</Y>
      </Hotspot>
    </Frames>
  </Ui2DAnimation>
  <Ui2DAnimation item="PetWin.AttackF">
    <Cycle>false</Cycle>
    <Frames>
      <Texture>PetButtons.tga</Texture>
      <Location>
        <X>50</X>
        <Y>2</Y>
      </Location>
      <Size>
        <CX>22</CX>
        <CY>22</CY>
      </Size>
      <Hotspot>
        <X>0</X>
        <Y>0</Y>
      </Hotspot>
    </Frames>
  </Ui2DAnimation>
  <Ui2DAnimation item="PetWin.AttackP">
    <Cycle>false</Cycle>
    <Frames>
      <Texture>PetButtons.tga</Texture>
      <Location>
        <X>74</X>
        <Y>2</Y>
      </Location>
      <Size>
        <CX>22</CX>
        <CY>22</CY>
      </Size>
      <Hotspot>
        <X>0</X>
        <Y>0</Y>
      </Hotspot>
    </Frames>
  </Ui2DAnimation>
  <!--Guard -->
  <Ui2DAnimation item="PetWin.GuardR">
    <Cycle>false</Cycle>
    <Frames>
      <Texture>PetButtons.tga</Texture>
      <Location>
        <X>2</X>
        <Y>26</Y>
      </Location>
      <Size>
        <CX>18</CX>
        <CY>18</CY>
      </Size>
      <Hotspot>
        <X>0</X>
        <Y>0</Y>
      </Hotspot>
    </Frames>
  </Ui2DAnimation>
  <Ui2DAnimation item="PetWin.GuardD">
    <Cycle>false</Cycle>
    <Frames>
      <Texture>PetButtons.tga</Texture>
      <Location>
        <X>26</X>
        <Y>26</Y>
      </Location>
      <Size>
        <CX>18</CX>
        <CY>18</CY>
      </Size>
      <Hotspot>
        <X>0</X>
        <Y>0</Y>
      </Hotspot>
    </Frames>
  </Ui2DAnimation>
  <Ui2DAnimation item="PetWin.GuardF">
    <Cycle>false</Cycle>
    <Frames>
      <Texture>PetButtons.tga</Texture>
      <Location>
        <X>50</X>
        <Y>26</Y>
      </Location>
      <Size>
        <CX>18</CX>
        <CY>18</CY>
      </Size>
      <Hotspot>
        <X>0</X>
        <Y>0</Y>
      </Hotspot>
    </Frames>
  </Ui2DAnimation>
  <Ui2DAnimation item="PetWin.GuardP">
    <Cycle>false</Cycle>
    <Frames>
      <Texture>PetButtons.tga</Texture>
      <Location>
        <X>74</X>
        <Y>26</Y>
      </Location>
      <Size>
        <CX>18</CX>
        <CY>18</CY>
      </Size>
      <Hotspot>
        <X>0</X>
        <Y>0</Y>
      </Hotspot>
    </Frames>
  </Ui2DAnimation>
  <!-- Follow -->
  <Ui2DAnimation item="PetWin.FollowR">
    <Cycle>false</Cycle>
    <Frames>
      <Texture>PetButtons.tga</Texture>
      <Location>
        <X>2</X>
        <Y>50</Y>
      </Location>
      <Size>
        <CX>18</CX>
        <CY>18</CY>
      </Size>
      <Hotspot>
        <X>0</X>
        <Y>0</Y>
      </Hotspot>
    </Frames>
  </Ui2DAnimation>
  <Ui2DAnimation item="PetWin.FollowD">
    <Cycle>false</Cycle>
    <Frames>
      <Texture>PetButtons.tga</Texture>
      <Location>
        <X>26</X>
        <Y>50</Y>
      </Location>
      <Size>
        <CX>18</CX>
        <CY>18</CY>
      </Size>
      <Hotspot>
        <X>0</X>
        <Y>0</Y>
      </Hotspot>
    </Frames>
  </Ui2DAnimation>
  <Ui2DAnimation item="PetWin.FollowF">
    <Cycle>false</Cycle>
    <Frames>
      <Texture>PetButtons.tga</Texture>
      <Location>
        <X>50</X>
        <Y>50</Y>
      </Location>
      <Size>
        <CX>18</CX>
        <CY>18</CY>
      </Size>
      <Hotspot>
        <X>0</X>
        <Y>0</Y>
      </Hotspot>
    </Frames>
  </Ui2DAnimation>
  <Ui2DAnimation item="PetWin.FollowP">
    <Cycle>false</Cycle>
    <Frames>
      <Texture>PetButtons.tga</Texture>
      <Location>
        <X>74</X>
        <Y>50</Y>
      </Location>
      <Size>
        <CX>18</CX>
        <CY>18</CY>
      </Size>
      <Hotspot>
        <X>0</X>
        <Y>0</Y>
      </Hotspot>
    </Frames>
  </Ui2DAnimation>
  <!--BackOff -->
  <Ui2DAnimation item="PetWin.BackOffR">
    <Cycle>false</Cycle>
    <Frames>
      <Texture>PetButtons.tga</Texture>
      <Location>
        <X>2</X>
        <Y>76</Y>
      </Location>
      <Size>
        <CX>18</CX>
        <CY>18</CY>
      </Size>
      <Hotspot>
        <X>0</X>
        <Y>0</Y>
      </Hotspot>
    </Frames>
  </Ui2DAnimation>
  <Ui2DAnimation item="PetWin.BackOffD">
    <Cycle>false</Cycle>
    <Frames>
      <Texture>PetButtons.tga</Texture>
      <Location>
        <X>26</X>
        <Y>76</Y>
      </Location>
      <Size>
        <CX>18</CX>
        <CY>18</CY>
      </Size>
      <Hotspot>
        <X>0</X>
        <Y>0</Y>
      </Hotspot>
    </Frames>
  </Ui2DAnimation>
  <Ui2DAnimation item="PetWin.BackOffF">
    <Cycle>false</Cycle>
    <Frames>
      <Texture>PetButtons.tga</Texture>
      <Location>
        <X>50</X>
        <Y>76</Y>
      </Location>
      <Size>
        <CX>18</CX>
        <CY>18</CY>
      </Size>
      <Hotspot>
        <X>0</X>
        <Y>0</Y>
      </Hotspot>
    </Frames>
  </Ui2DAnimation>
  <Ui2DAnimation item="PetWin.BackOffP">
    <Cycle>false</Cycle>
    <Frames>
      <Texture>PetButtons.tga</Texture>
      <Location>
        <X>74</X>
        <Y>76</Y>
      </Location>
      <Size>
        <CX>18</CX>
        <CY>18</CY>
      </Size>
      <Hotspot>
        <X>0</X>
        <Y>0</Y>
      </Hotspot>
    </Frames>
  </Ui2DAnimation>
  <!-- Sit-->
  <Ui2DAnimation item="PetWin.SitR">
    <Cycle>false</Cycle>
    <Frames>
      <Texture>PetButtons.tga</Texture>
      <Location>
        <X>2</X>
        <Y>100</Y>
      </Location>
      <Size>
        <CX>18</CX>
        <CY>18</CY>
      </Size>
      <Hotspot>
        <X>0</X>
        <Y>0</Y>
      </Hotspot>
    </Frames>
  </Ui2DAnimation>
  <Ui2DAnimation item="PetWin.SitD">
    <Cycle>false</Cycle>
    <Frames>
      <Texture>PetButtons.tga</Texture>
      <Location>
        <X>26</X>
        <Y>100</Y>
      </Location>
      <Size>
        <CX>18</CX>
        <CY>18</CY>
      </Size>
      <Hotspot>
        <X>0</X>
        <Y>0</Y>
      </Hotspot>
    </Frames>
  </Ui2DAnimation>
  <Ui2DAnimation item="PetWin.SitF">
    <Cycle>false</Cycle>
    <Frames>
      <Texture>PetButtons.tga</Texture>
      <Location>
        <X>50</X>
        <Y>100</Y>
      </Location>
      <Size>
        <CX>18</CX>
        <CY>18</CY>
      </Size>
      <Hotspot>
        <X>0</X>
        <Y>0</Y>
      </Hotspot>
    </Frames>
  </Ui2DAnimation>
  <Ui2DAnimation item="PetWin.SitP">
    <Cycle>false</Cycle>
    <Frames>
      <Texture>PetButtons.tga</Texture>
      <Location>
        <X>74</X>
        <Y>100</Y>
      </Location>
      <Size>
        <CX>18</CX>
        <CY>18</CY>
      </Size>
      <Hotspot>
        <X>0</X>
        <Y>0</Y>
      </Hotspot>
    </Frames>
  </Ui2DAnimation>
  <!-- Dismiss (get lost)/ Changed to Taunt by Brujoloco for QQQuarm-->

  <Ui2DAnimation item="PetWin.TauntR">
    <Cycle>false</Cycle>
    <Frames>
      <Texture>PetButtons.tga</Texture>
      <Location>
        <X>2</X>
        <Y>124</Y>
      </Location>
      <Size>
        <CX>18</CX>
        <CY>18</CY>
      </Size>
      <Hotspot>
        <X>0</X>
        <Y>0</Y>
      </Hotspot>
    </Frames>
  </Ui2DAnimation>
  <Ui2DAnimation item="PetWin.TauntD">
    <Cycle>false</Cycle>
    <Frames>
      <Texture>PetButtons.tga</Texture>
      <Location>
        <X>26</X>
        <Y>124</Y>
      </Location>
      <Size>
        <CX>18</CX>
        <CY>18</CY>
      </Size>
      <Hotspot>
        <X>0</X>
        <Y>0</Y>
      </Hotspot>
    </Frames>
  </Ui2DAnimation>
  <Ui2DAnimation item="PetWin.TauntF">
    <Cycle>false</Cycle>
    <Frames>
      <Texture>PetButtons.tga</Texture>
      <Location>
        <X>50</X>
        <Y>124</Y>
      </Location>
      <Size>
        <CX>18</CX>
        <CY>18</CY>
      </Size>
      <Hotspot>
        <X>0</X>
        <Y>0</Y>
      </Hotspot>
    </Frames>
  </Ui2DAnimation>
  <Ui2DAnimation item="PetWin.TauntP">
    <Cycle>false</Cycle>
    <Frames>
      <Texture>PetButtons.tga</Texture>
      <Location>
        <X>74</X>
        <Y>124</Y>
      </Location>
      <Size>
        <CX>18</CX>
        <CY>18</CY>
      </Size>
      <Hotspot>
        <X>0</X>
        <Y>0</Y>
      </Hotspot>
    </Frames>
  </Ui2DAnimation> -->
  <!-- standard file-->
  <Button item="PIW_AttackButton">
    <ScreenID>AttackButton</ScreenID>
    <!--<Font>3</Font>-->
    <RelativePosition>true</RelativePosition>
    <Location>
      <X>2</X>
      <Y>25</Y>
    </Location>
    <Size>
      <CX>22</CX>
      <CY>22</CY>
    </Size>
    <Style_VScroll>false</Style_VScroll>
    <Style_HScroll>false</Style_HScroll>
    <Style_Transparent>True</Style_Transparent>
    <TooltipReference>Pet Attack</TooltipReference>
    <Style_Checkbox>false</Style_Checkbox>
    <!--<RadioGroup/>-->
    <TextColor>
      <R>255</R>
      <G>255</G>
      <B>255</B>
      <Alpha>0</Alpha>
    </TextColor>
    <ButtonDrawTemplate>
      <Normal>PetWin.AttackR</Normal>
      <Pressed>PetWin.AttackP</Pressed>
      <Disabled>PetWin.AttackD</Disabled>
      <Flyby>PetWin.AttackF</Flyby>
    </ButtonDrawTemplate>
    <Style_Border>True</Style_Border>
    <Font>0</Font>
  </Button>
  <Button item="PIW_FollowButton">
    <ScreenID>FollowButton</ScreenID>
    <!--<Font>3</Font>-->
    <RelativePosition>true</RelativePosition>
    <Location>
      <X>68</X>
      <Y>26</Y>
    </Location>
    <Size>
      <CX>18</CX>
      <CY>18</CY>
    </Size>
    <Style_VScroll>false</Style_VScroll>
    <Style_HScroll>false</Style_HScroll>
    <Style_Transparent>false</Style_Transparent>
    <TooltipReference>Pet Follow Me</TooltipReference>
    <Style_Checkbox>false</Style_Checkbox>
    <!--<RadioGroup/>-->
    <TextColor>
      <R>255</R>
      <G>255</G>
      <B>255</B>
    </TextColor>
    <ButtonDrawTemplate>
      <Normal>PetWin.FollowR</Normal>
      <Pressed>PetWin.FollowP</Pressed>
      <Disabled>PetWin.FollowD</Disabled>
      <Flyby>PetWin.FollowF</Flyby>
    </ButtonDrawTemplate>
    <Font>1</Font>
  </Button>
  <Button item="PIW_LostButton">
    <ScreenID>LostButton</ScreenID>
    <!--<Font>3</Font>-->
    <RelativePosition>true</RelativePosition>
    <Location>
      <!--
      <X>76</X>
      <Y>29</Y>
-->
      <X>-100</X>
      <Y>-100</Y>
    </Location>
    <Size>
      <CX>37</CX>
      <CY>20</CY>
    </Size>
    <Style_VScroll>false</Style_VScroll>
    <Style_HScroll>false</Style_HScroll>
    <Style_Transparent>false</Style_Transparent>
    <TooltipReference>Pet Lost</TooltipReference>
    <Style_Checkbox>false</Style_Checkbox>
    <!--<RadioGroup/>-->
    <Text>Taunt</Text>
    <TextColor>
      <R>255</R>
      <G>255</G>
      <B>255</B>
    </TextColor>
    <ButtonDrawTemplate>
      <Normal>A_BtnNormal</Normal>
      <Pressed>A_BtnPressed</Pressed>
      <Flyby>A_BtnFlyby</Flyby>
      <Disabled>A_BtnDisabled</Disabled>
      <PressedFlyby>A_BtnPressedFlyby</PressedFlyby>
    </ButtonDrawTemplate>
    <Font>1</Font>
  </Button>
  <Button item="PIW_GuardButton">
    <ScreenID>GuardButton</ScreenID>
    <!--<Font>3</Font>-->
    <RelativePosition>true</RelativePosition>
    <Location>
      <X>46</X>
      <Y>26</Y>
    </Location>
    <Size>
      <CX>18</CX>
      <CY>18</CY>
    </Size>
    <Style_VScroll>false</Style_VScroll>
    <Style_HScroll>false</Style_HScroll>
    <Style_Transparent>false</Style_Transparent>
    <TooltipReference>Pet Guard Here</TooltipReference>
    <Style_Checkbox>false</Style_Checkbox>
    <!--<RadioGroup/>-->
    <TextColor>
      <R>255</R>
      <G>255</G>
      <B>255</B>
    </TextColor>
    <ButtonDrawTemplate>
      <Normal>PetWin.GuardR</Normal>
      <Pressed>PetWin.GuardP</Pressed>
      <Disabled>PetWin.GuardD</Disabled>
      <Flyby>PetWin.GuardF</Flyby>
    </ButtonDrawTemplate>
    <Font>1</Font>
  </Button>
  <Button item="PIW_SitButton">
    <ScreenID>SitButton</ScreenID>
    <!--<Font>3</Font>-->
    <RelativePosition>true</RelativePosition>
    <Location>
      <X>90</X>
      <Y>26</Y>
    </Location>
    <Size>
      <CX>18</CX>
      <CY>18</CY>
    </Size>
    <Style_VScroll>false</Style_VScroll>
    <Style_HScroll>false</Style_HScroll>
    <Style_Transparent>false</Style_Transparent>
    <TooltipReference>Pet Sit Down/Pet Stand Up</TooltipReference>
    <Style_Checkbox>false</Style_Checkbox>
    <!--<RadioGroup/>-->
    <TextColor>
      <R>255</R>
      <G>100</G>
      <B>100</B>
    </TextColor>
    <ButtonDrawTemplate>
      <Normal>PetWin.SitR</Normal>
      <Pressed>PetWin.SitP</Pressed>
      <Disabled>PetWin.SitD</Disabled>
      <Flyby>PetWin.SitF</Flyby>
    </ButtonDrawTemplate>
    <Font>1</Font>
  </Button>
  <Button item="PIW_BackButton">
    <ScreenID>BackButton</ScreenID>
    <!--<Font>3</Font>-->
    <RelativePosition>true</RelativePosition>
    <Location>
      <X>24</X>
      <Y>26</Y>
    </Location>
    <Size>
      <CX>18</CX>
      <CY>18</CY>
    </Size>
    <Style_VScroll>false</Style_VScroll>
    <Style_HScroll>false</Style_HScroll>
    <Style_Transparent>false</Style_Transparent>
    <TooltipReference>Pet Back Off</TooltipReference>
    <Style_Checkbox>false</Style_Checkbox>
    <!--<RadioGroup/>-->
    <TextColor>
      <R>255</R>
      <G>255</G>
      <B>255</B>
    </TextColor>
    <ButtonDrawTemplate>
      <Normal>PetWin.BackOffR</Normal>
      <Pressed>PetWin.BackOffP</Pressed>
      <Disabled>PetWin.BackOffD</Disabled>
      <Flyby>PetWin.BackOffF</Flyby>
    </ButtonDrawTemplate>
    <Font>1</Font>
  </Button>
  <Button item="PIW_TauntButton">
    <ScreenID>TauntButton</ScreenID>
    <!--<Font>3</Font>-->
    <RelativePosition>true</RelativePosition>
    <Location>
      <X>122</X>
      <Y>26</Y>
    </Location>
    <Size>
      <CX>18</CX>
      <CY>18</CY>
    </Size>
    <Style_VScroll>false</Style_VScroll>
    <Style_HScroll>false</Style_HScroll>
    <Style_Transparent>false</Style_Transparent>
    <TooltipReference>Pet Taunt</TooltipReference>
    <Style_Checkbox>false</Style_Checkbox>
    <!--<RadioGroup/>-->
    <TextColor>
      <R>255</R>
      <G>255</G>
      <B>255</B>
    </TextColor>
    <ButtonDrawTemplate>
      <Normal>PetWin.TauntR</Normal>
      <Pressed>PetWin.TauntP</Pressed>
      <Disabled>PetWin.TauntD</Disabled>
      <Flyby>PetWin.TauntF</Flyby>
    </ButtonDrawTemplate>
    <Font>1</Font>
  </Button>
  <Gauge item="PIW_PetHPGauge">
    <ScreenID>PetHPGauge</ScreenID>
    <!--<Font>3</Font>-->
    <RelativePosition>true</RelativePosition>
    <Location>
      <X>2</X>
      <Y>3</Y>
    </Location>
    <Size>
      <CX>108</CX>
      <CY>20</CY>
    </Size>
    <GaugeOffsetY>12</GaugeOffsetY>
    <Text>No Pet</Text>
    <TextOffsetY>-1</TextOffsetY>
    <TextOffsetX>2</TextOffsetX>
    <TextColor>
      <R>240</R>
      <G>240</G>
      <B>240</B>
    </TextColor>
    <Style_VScroll>false</Style_VScroll>
    <Style_HScroll>false</Style_HScroll>
    <Style_Transparent>false</Style_Transparent>
    <!--<TooltipReference/>-->
    <FillTint>
      <R>240</R>
      <G>0</G>
      <B>0</B>
    </FillTint>
    <LinesFillTint>
      <R>220</R>
      <G>220</G>
      <B>0</B>
    </LinesFillTint>
    <DrawLinesFill>false</DrawLinesFill>
    <EQType>16</EQType>
    <GaugeDrawTemplate>
      <Background>A_GaugeBackground</Background>
      <Fill>A_GaugeFill</Fill>
      <Lines>A_GaugeLines</Lines>
      <LinesFill>A_GaugeLinesFill</LinesFill>
      <EndCapLeft>A_GaugeEndCapLeft</EndCapLeft>
      <EndCapRight>A_GaugeEndCapRight</EndCapRight>
    </GaugeDrawTemplate>
    <Font>1</Font>
  </Gauge>
  <Screen item="PetInfoWindow">
    <!--<ScreenID/>-->
    <RelativePosition>false</RelativePosition>
    <Location>
      <X>50</X>
      <Y>160</Y>
    </Location>
    <Size>
      <CX>160</CX>
      <CY>54</CY>
    </Size>
    <Style_VScroll>false</Style_VScroll>
    <Style_HScroll>false</Style_HScroll>
    <Style_Transparent>false</Style_Transparent>
    <!--<TooltipReference/>-->
    <Text>Pet Info</Text>
    <DrawTemplate>WDT_RoundedNoTitle</DrawTemplate>
    <Style_Titlebar>False</Style_Titlebar>
    <Style_Closebox>False</Style_Closebox>
    <Style_Minimizebox>False</Style_Minimizebox>
    <Style_Border>true</Style_Border>
    <Style_Sizable>false</Style_Sizable>
    <Pieces>PIW_AttackButton</Pieces>
    <Pieces>PIW_LostButton</Pieces>
    <Pieces>PIW_BackButton</Pieces>
    <Pieces>PIW_GuardButton</Pieces>
    <Pieces>PIW_FollowButton</Pieces>
    <Pieces>PIW_TauntButton</Pieces>
    <Pieces>PIW_SitButton</Pieces>
    <Pieces>PIW_PetHPGauge</Pieces>
    <Pieces>PetWin.HPPerc</Pieces>
    <Pieces>PetWin.HPPerc%</Pieces>
  </Screen>
</XML>
