<?xml version="1.0" encoding="us-ascii"?>
<XML ID="EQInterfaceDefinitionLanguage">
  <Schema xmlns="EverQuestData" xmlns:dt="EverQuestDataTypes" />
 <!-- Original Translunwrap by Lunakin modified for Project Quarm by Brujoloco -->
  <SpellGem item="CSPW_Spell0">
    <ScreenID>CSPW_Spell0</ScreenID>
    <RelativePosition>true</RelativePosition>
    <Location>
      <X>1</X>
      <Y>1</Y>
    </Location>
    <Size>
      <CX>40</CX>
      <CY>40</CY>
    </Size>
    <SpellGemDrawTemplate>
      <Highlight>A_lunaspellgem_highlight</Highlight>
      <Background>A_lunaspellgem_back</Background>
      <Holder>A_lunaspellgem_holder</Holder>
    </SpellGemDrawTemplate>
    <SpellIconOffsetX>8</SpellIconOffsetX>
    <SpellIconOffsetY>8</SpellIconOffsetY>
  </SpellGem>
  <SpellGem item="CSPW_Spell1">
    <ScreenID>CSPW_Spell1</ScreenID>
    <RelativePosition>true</RelativePosition>
    <Location>
      <X>42</X>
      <Y>1</Y>
    </Location>
    <Size>
      <CX>40</CX>
      <CY>40</CY>
    </Size>
    <SpellGemDrawTemplate>
      <Highlight>A_lunaspellgem_highlight</Highlight>
      <Background>A_lunaspellgem_back</Background>
      <Holder>A_lunaspellgem_holder</Holder>
    </SpellGemDrawTemplate>
    <SpellIconOffsetX>8</SpellIconOffsetX>
    <SpellIconOffsetY>8</SpellIconOffsetY>
  </SpellGem>
  <SpellGem item="CSPW_Spell2">
    <ScreenID>CSPW_Spell2</ScreenID>
    <RelativePosition>true</RelativePosition>
    <Location>
      <X>83</X>
      <Y>1</Y>
    </Location>
    <Size>
      <CX>40</CX>
      <CY>40</CY>
    </Size>
    <SpellGemDrawTemplate>
      <Highlight>A_lunaspellgem_highlight</Highlight>
      <Background>A_lunaspellgem_back</Background>
      <Holder>A_lunaspellgem_holder</Holder>
    </SpellGemDrawTemplate>
    <SpellIconOffsetX>8</SpellIconOffsetX>
    <SpellIconOffsetY>8</SpellIconOffsetY>
  </SpellGem>
  <SpellGem item="CSPW_Spell3">
    <ScreenID>CSPW_Spell3</ScreenID>
    <RelativePosition>true</RelativePosition>
    <Location>
      <X>124</X>
      <Y>1</Y>
    </Location>
    <Size>
      <CX>40</CX>
      <CY>40</CY>
    </Size>
    <SpellGemDrawTemplate>
      <Highlight>A_lunaspellgem_highlight</Highlight>
      <Background>A_lunaspellgem_back</Background>
      <Holder>A_lunaspellgem_holder</Holder>
    </SpellGemDrawTemplate>
    <SpellIconOffsetX>8</SpellIconOffsetX>
    <SpellIconOffsetY>8</SpellIconOffsetY>
  </SpellGem>
  <SpellGem item="CSPW_Spell4">
    <ScreenID>CSPW_Spell4</ScreenID>
    <RelativePosition>true</RelativePosition>
    <Location>
      <X>165</X>
      <Y>1</Y>
    </Location>
    <Size>
      <CX>40</CX>
      <CY>40</CY>
    </Size>
    <SpellGemDrawTemplate>
      <Highlight>A_lunaspellgem_highlight</Highlight>
      <Background>A_lunaspellgem_back</Background>
      <Holder>A_lunaspellgem_holder</Holder>
    </SpellGemDrawTemplate>
    <SpellIconOffsetX>8</SpellIconOffsetX>
    <SpellIconOffsetY>8</SpellIconOffsetY>
  </SpellGem>
  <SpellGem item="CSPW_Spell5">
    <ScreenID>CSPW_Spell5</ScreenID>
    <RelativePosition>true</RelativePosition>
    <Location>
      <X>206</X>
      <Y>1</Y>
    </Location>
    <Size>
      <CX>40</CX>
      <CY>40</CY>
    </Size>
    <SpellGemDrawTemplate>
      <Highlight>A_lunaspellgem_highlight</Highlight>
      <Background>A_lunaspellgem_back</Background>
      <Holder>A_lunaspellgem_holder</Holder>
    </SpellGemDrawTemplate>
    <SpellIconOffsetX>8</SpellIconOffsetX>
    <SpellIconOffsetY>8</SpellIconOffsetY>
  </SpellGem>
  <SpellGem item="CSPW_Spell6">
    <ScreenID>CSPW_Spell6</ScreenID>
    <RelativePosition>true</RelativePosition>
    <Location>
      <X>247</X>
      <Y>1</Y>
    </Location>
    <Size>
      <CX>40</CX>
      <CY>40</CY>
    </Size>
    <SpellGemDrawTemplate>
      <Highlight>A_lunaspellgem_highlight</Highlight>
      <Background>A_lunaspellgem_back</Background>
      <Holder>A_lunaspellgem_holder</Holder>
    </SpellGemDrawTemplate>
    <SpellIconOffsetX>8</SpellIconOffsetX>
    <SpellIconOffsetY>8</SpellIconOffsetY>
  </SpellGem>
  <SpellGem item="CSPW_Spell7">
    <ScreenID>CSPW_Spell7</ScreenID>
    <RelativePosition>true</RelativePosition>
    <Location>
      <X>288</X>
      <Y>1</Y>
    </Location>
    <Size>
      <CX>40</CX>
      <CY>40</CY>
    </Size>
    <SpellGemDrawTemplate>
      <Highlight>A_lunaspellgem_highlight</Highlight>
      <Background>A_lunaspellgem_back</Background>
      <Holder>A_lunaspellgem_holder</Holder>
    </SpellGemDrawTemplate>
    <SpellIconOffsetX>8</SpellIconOffsetX>
    <SpellIconOffsetY>8</SpellIconOffsetY>
  </SpellGem>
  <Button item="CSPW_SpellBook">
    <ScreenID>CSPW_SpellBook</ScreenID>
    <!--<Font>3</Font>-->
    <RelativePosition>true</RelativePosition>
    <Location>
      <X>329</X>
      <Y>21</Y>
    </Location>
    <Size>
      <CX>20</CX>
      <CY>20</CY>
    </Size>
    <Style_Transparent>True</Style_Transparent>
    <TooltipReference>Opens and closes Your Spellbook</TooltipReference>
    <Style_Checkbox>true</Style_Checkbox>
    <!--<RadioGroup/>-->
    <ButtonDrawTemplate>
      <Normal>A_BookBtnNormal</Normal>
      <Pressed>A_BookBtnPressed</Pressed>
      <Flyby>A_BookBtnFlyby</Flyby>
      <Disabled>A_BookBtnDisabled</Disabled>
      <PressedFlyby>A_BookBtnPressedFlyby</PressedFlyby>
    </ButtonDrawTemplate>
  </Button>
  <Screen item="CastSpellWnd">
    <!--<ScreenID/>-->
    <!--<Font/>-->
    <RelativePosition>false</RelativePosition>
    <Location>
      <X>0</X>
      <Y>25</Y>
    </Location>
    <Size>
      <CX>360</CX>
      <CY>52</CY>
    </Size>
    <Text>Spells</Text>
    <Style_Transparent>false</Style_Transparent>
    <TooltipReference>Allows you to cast your memorized spells</TooltipReference>
    <DrawTemplate>WDT_blulun</DrawTemplate>
    <Style_Titlebar>false</Style_Titlebar>
    <Style_Closebox>false</Style_Closebox>
    <Style_Minimizebox>false</Style_Minimizebox>
    <Style_Border>true</Style_Border>
    <Style_Sizable>false</Style_Sizable>
    <Pieces>CSPW_Spell0</Pieces>
    <Pieces>CSPW_Spell1</Pieces>
    <Pieces>CSPW_Spell2</Pieces>
    <Pieces>CSPW_Spell3</Pieces>
    <Pieces>CSPW_Spell4</Pieces>
    <Pieces>CSPW_Spell5</Pieces>
    <Pieces>CSPW_Spell6</Pieces>
    <Pieces>CSPW_Spell7</Pieces>
    <Pieces>CSPW_SpellBook</Pieces>
  </Screen>
</XML>
