<?xml version="1.0" encoding="us-ascii"?>
<XML ID="EQInterfaceDefinitionLanguage">
  <Schema xmlns="EverQuestData" xmlns:dt="EverQuestDataTypes" />
<!-- Original Translunwrap by Lunakin modified for Project Quarm by Brujoloco -->
  <Label item="IW_aapttotal_value">
    <ScreenID>A_Label</ScreenID>
    <Font>3</Font>
    <Text>999</Text>
    <TextColor>
      <R>255</R>
      <G>255</G>
      <B>255</B>
    </TextColor>
    <Size>
      <CX>30</CX>
      <CY>15</CY>
    </Size>
    <AlignCenter>true</AlignCenter>
    <Location>
      <X>365</X>
      <Y>352</Y>
    </Location>
    <EQType>71</EQType>
  </Label>
  <Label item="IW_aapttotal_label">
    <ScreenID>A_Label</ScreenID>
    <Font>2</Font>
    <Text>AApts :</Text>
    <TextColor>
      <R>255</R>
      <G>255</G>
      <B>255</B>
    </TextColor>
    <Size>
      <CX>35</CX>
      <CY>15</CY>
    </Size>
    <AlignCenter>true</AlignCenter>
    <Location>
      <X>329</X>
      <Y>352</Y>
    </Location>
  </Label>
  <Label item="IW_aaper_value">
    <ScreenID>A_Label</ScreenID>
    <Font>2</Font>
    <Text>100</Text>
    <TextColor>
      <R>255</R>
      <G>255</G>
      <B>255</B>
    </TextColor>
    <Size>
      <CX>25</CX>
      <CY>15</CY>
    </Size>
    <AlignCenter>true</AlignCenter>
    <Location>
      <X>300</X>
      <Y>352</Y>
    </Location>
    <EQType>72</EQType>
  </Label>
  <Label item="IW_AAper_label">
    <ScreenID>A_Label</ScreenID>
    <Font>2</Font>
    <Text>AA% :</Text>
    <TextColor>
      <R>255</R>
      <G>255</G>
      <B>255</B>
    </TextColor>
    <Size>
      <CX>30</CX>
      <CY>15</CY>
    </Size>
    <AlignCenter>true</AlignCenter>
    <Location>
      <X>270</X>
      <Y>352</Y>
    </Location>
  </Label>
  <Label item="IW_Lastname">
    <ScreenID>A_Label</ScreenID>
    <Font>3</Font>
    <Text>Crimsonblade</Text>
    <TextColor>
      <R>255</R>
      <G>255</G>
      <B>255</B>
    </TextColor>
    <Size>
      <CX>85</CX>
      <CY>14</CY>
    </Size>
    <AlignCenter>false</AlignCenter>
    <Location>
      <X>315</X>
      <Y>307</Y>
    </Location>
    <EQType>73</EQType>
  </Label>
  <Label item="IW_AA_Percent">
    <ScreenID>A_Label</ScreenID>
    <Font>5</Font>
    <Text>100</Text>
    <TextColor>
      <R>240</R>
      <G>240</G>
      <B>0</B>
    </TextColor>
    <Size>
      <CX>35</CX>
      <CY>15</CY>
    </Size>
    <AlignCenter>true</AlignCenter>
    <Location>
      <X>360</X>
      <Y>390</Y>
    </Location>
    <EQType>27</EQType>
  </Label>
  <Label item="IW_Exp_Percent">
    <ScreenID>A_Label</ScreenID>
    <Font>5</Font>
    <Text>100</Text>
    <TextColor>
      <R>220</R>
      <G>150</G>
      <B>0</B>
    </TextColor>
    <Size>
      <CX>35</CX>
      <CY>15</CY>
    </Size>
    <AlignCenter>true</AlignCenter>
    <Location>
      <X>360</X>
      <Y>369</Y>
    </Location>
    <EQType>26</EQType>
  </Label>
  <!-- IS_L_EAR		1 -->
  <InvSlot item="InvSlot0">
    <ScreenID>InvSlot0</ScreenID>
    <!--<Font>3</Font>-->
    <RelativePosition>true</RelativePosition>
    <Location>
      <X>105</X>
      <Y>304</Y>
    </Location>
    <Size>
      <CX>1</CX>
      <CY>1</CY>
    </Size>
    <Background>A_InvCharm</Background>
    <EQType>0</EQType>
    <Style_VScroll>false</Style_VScroll>
    <Style_HScroll>false</Style_HScroll>
    <Style_Transparent>false</Style_Transparent>
    <!--<TooltipReference/>-->
  </InvSlot>
  <InvSlot item="InvSlot1">
    <ScreenID>InvSlot1</ScreenID>
    <!--<Font>3</Font>-->
    <RelativePosition>true</RelativePosition>
    <Location>
      <X>366</X>
      <Y>4</Y>
    </Location>
    <Size>
      <CX>40</CX>
      <CY>40</CY>
    </Size>
    <Background>A_InvEar</Background>
    <EQType>1</EQType>
    <Style_VScroll>false</Style_VScroll>
    <Style_HScroll>false</Style_HScroll>
    <Style_Transparent>false</Style_Transparent>
    <!--<TooltipReference/>-->
  </InvSlot>
  <!-- IS_HEAD		2 -->
  <InvSlot item="InvSlot2">
    <ScreenID>InvSlot2</ScreenID>
    <!--<Font>3</Font>-->
    <RelativePosition>true</RelativePosition>
    <Location>
      <X>366</X>
      <Y>44</Y>
    </Location>
    <Size>
      <CX>40</CX>
      <CY>40</CY>
    </Size>
    <Background>A_InvHead</Background>
    <EQType>2</EQType>
    <Style_VScroll>false</Style_VScroll>
    <Style_HScroll>false</Style_HScroll>
    <Style_Transparent>false</Style_Transparent>
    <!--<TooltipReference/>-->
  </InvSlot>
  <!-- IS_FACE		3 -->
  <InvSlot item="InvSlot3">
    <ScreenID>InvSlot3</ScreenID>
    <!--<Font>3</Font>-->
    <RelativePosition>true</RelativePosition>
    <Location>
      <X>406</X>
      <Y>4</Y>
    </Location>
    <Size>
      <CX>40</CX>
      <CY>40</CY>
    </Size>
    <Background>A_InvFace</Background>
    <EQType>3</EQType>
    <Style_VScroll>false</Style_VScroll>
    <Style_HScroll>false</Style_HScroll>
    <Style_Transparent>false</Style_Transparent>
    <!--<TooltipReference/>-->
  </InvSlot>
  <!-- IS_R_EAR		4 -->
  <InvSlot item="InvSlot4">
    <ScreenID>InvSlot4</ScreenID>
    <!--<Font>3</Font>-->
    <RelativePosition>true</RelativePosition>
    <Location>
      <X>446</X>
      <Y>4</Y>
    </Location>
    <Size>
      <CX>40</CX>
      <CY>40</CY>
    </Size>
    <Background>A_InvEar</Background>
    <EQType>4</EQType>
    <Style_VScroll>false</Style_VScroll>
    <Style_HScroll>false</Style_HScroll>
    <Style_Transparent>false</Style_Transparent>
    <!--<TooltipReference/>-->
  </InvSlot>
  <!-- IS_NECK		5 -->
  <InvSlot item="InvSlot5">
    <ScreenID>InvSlot5</ScreenID>
    <!--<Font>3</Font>-->
    <RelativePosition>true</RelativePosition>
    <Location>
      <X>406</X>
      <Y>44</Y>
    </Location>
    <Size>
      <CX>40</CX>
      <CY>40</CY>
    </Size>
    <Background>A_InvNeck</Background>
    <EQType>5</EQType>
    <Style_VScroll>false</Style_VScroll>
    <Style_HScroll>false</Style_HScroll>
    <Style_Transparent>false</Style_Transparent>
    <!--<TooltipReference/>-->
  </InvSlot>
  <!-- IS_SHOULDERS	6 -->
  <InvSlot item="InvSlot6">
    <ScreenID>InvSlot6</ScreenID>
    <!--<Font>3</Font>-->
    <RelativePosition>true</RelativePosition>
    <Location>
      <X>446</X>
      <Y>44</Y>
    </Location>
    <Size>
      <CX>40</CX>
      <CY>40</CY>
    </Size>
    <Background>A_InvShoulders</Background>
    <EQType>6</EQType>
    <Style_VScroll>false</Style_VScroll>
    <Style_HScroll>false</Style_HScroll>
    <Style_Transparent>false</Style_Transparent>
    <!--<TooltipReference/>-->
  </InvSlot>
  <!-- IS_ARMS		7 -->
  <InvSlot item="InvSlot7">
    <ScreenID>InvSlot7</ScreenID>
    <!--<Font>3</Font>-->
    <RelativePosition>true</RelativePosition>
    <Location>
      <X>406</X>
      <Y>124</Y>
    </Location>
    <Size>
      <CX>40</CX>
      <CY>40</CY>
    </Size>
    <Background>A_InvArms</Background>
    <EQType>7</EQType>
    <Style_VScroll>false</Style_VScroll>
    <Style_HScroll>false</Style_HScroll>
    <Style_Transparent>false</Style_Transparent>
    <!--<TooltipReference/>-->
  </InvSlot>
  <!-- IS_ABOUT_BODY	8 -->
  <InvSlot item="InvSlot8">
    <ScreenID>InvSlot8</ScreenID>
    <!--<Font>3</Font>-->
    <RelativePosition>true</RelativePosition>
    <Location>
      <X>446</X>
      <Y>164</Y>
    </Location>
    <Size>
      <CX>40</CX>
      <CY>40</CY>
    </Size>
    <Background>A_InvAboutBody</Background>
    <EQType>8</EQType>
    <Style_VScroll>false</Style_VScroll>
    <Style_HScroll>false</Style_HScroll>
    <Style_Transparent>false</Style_Transparent>
    <!--<TooltipReference/>-->
  </InvSlot>
  <!-- IS_L_WRIST		9 -->
  <InvSlot item="InvSlot9">
    <ScreenID>InvSlot9</ScreenID>
    <!--<Font>3</Font>-->
    <RelativePosition>true</RelativePosition>
    <Location>
      <X>366</X>
      <Y>124</Y>
    </Location>
    <Size>
      <CX>40</CX>
      <CY>40</CY>
    </Size>
    <Background>A_InvWrist</Background>
    <EQType>9</EQType>
    <Style_VScroll>false</Style_VScroll>
    <Style_HScroll>false</Style_HScroll>
    <Style_Transparent>false</Style_Transparent>
    <!--<TooltipReference/>-->
  </InvSlot>
  <!-- IS_R_WRIST		10 -->
  <InvSlot item="InvSlot10">
    <ScreenID>InvSlot10</ScreenID>
    <!--<Font>3</Font>-->
    <RelativePosition>true</RelativePosition>
    <Location>
      <X>446</X>
      <Y>124</Y>
    </Location>
    <Size>
      <CX>40</CX>
      <CY>40</CY>
    </Size>
    <Background>A_InvWrist</Background>
    <EQType>10</EQType>
    <Style_VScroll>false</Style_VScroll>
    <Style_HScroll>false</Style_HScroll>
    <Style_Transparent>false</Style_Transparent>
    <!--<TooltipReference/>-->
  </InvSlot>
  <!-- IS_RANGE		11 -->
  <InvSlot item="InvSlot11">
    <ScreenID>InvSlot11</ScreenID>
    <!--<Font>3</Font>-->
    <RelativePosition>true</RelativePosition>
    <Location>
      <X>446</X>
      <Y>244</Y>
    </Location>
    <Size>
      <CX>40</CX>
      <CY>40</CY>
    </Size>
    <Background>A_InvRange</Background>
    <EQType>11</EQType>
    <Style_VScroll>false</Style_VScroll>
    <Style_HScroll>false</Style_HScroll>
    <Style_Transparent>false</Style_Transparent>
    <!--<TooltipReference/>-->
  </InvSlot>
  <!-- IS_HANDS		12 -->
  <InvSlot item="InvSlot12">
    <ScreenID>InvSlot12</ScreenID>
    <!--<Font>3</Font>-->
    <RelativePosition>true</RelativePosition>
    <Location>
      <X>406</X>
      <Y>84</Y>
    </Location>
    <Size>
      <CX>40</CX>
      <CY>40</CY>
    </Size>
    <Background>A_InvHands</Background>
    <EQType>12</EQType>
    <Style_VScroll>false</Style_VScroll>
    <Style_HScroll>false</Style_HScroll>
    <Style_Transparent>false</Style_Transparent>
    <!--<TooltipReference/>-->
  </InvSlot>
  <!-- IS_PRIMARY		13 -->
  <InvSlot item="InvSlot13">
    <ScreenID>InvSlot13</ScreenID>
    <!--<Font>3</Font>-->
    <RelativePosition>true</RelativePosition>
    <Location>
      <X>366</X>
      <Y>244</Y>
    </Location>
    <Size>
      <CX>40</CX>
      <CY>40</CY>
    </Size>
    <Background>A_InvPrimary</Background>
    <EQType>13</EQType>
    <Style_VScroll>false</Style_VScroll>
    <Style_HScroll>false</Style_HScroll>
    <Style_Transparent>false</Style_Transparent>
    <!--<TooltipReference/>-->
  </InvSlot>
  <!-- IS_SECONDARY	14 -->
  <InvSlot item="InvSlot14">
    <ScreenID>InvSlot14</ScreenID>
    <!--<Font>3</Font>-->
    <RelativePosition>true</RelativePosition>
    <Location>
      <X>406</X>
      <Y>244</Y>
    </Location>
    <Size>
      <CX>40</CX>
      <CY>40</CY>
    </Size>
    <Background>A_InvSecondary</Background>
    <EQType>14</EQType>
    <Style_VScroll>false</Style_VScroll>
    <Style_HScroll>false</Style_HScroll>
    <Style_Transparent>false</Style_Transparent>
    <!--<TooltipReference/>-->
  </InvSlot>
  <!-- IS_L_FINGERS	15 -->
  <InvSlot item="InvSlot15">
    <ScreenID>InvSlot15</ScreenID>
    <!--<Font>3</Font>-->
    <RelativePosition>true</RelativePosition>
    <Location>
      <X>366</X>
      <Y>84</Y>
    </Location>
    <Size>
      <CX>40</CX>
      <CY>40</CY>
    </Size>
    <Background>A_InvRing</Background>
    <EQType>15</EQType>
    <Style_VScroll>false</Style_VScroll>
    <Style_HScroll>false</Style_HScroll>
    <Style_Transparent>false</Style_Transparent>
    <!--<TooltipReference/>-->
  </InvSlot>
  <!-- IS_R_FINGERS	16 -->
  <InvSlot item="InvSlot16">
    <ScreenID>InvSlot16</ScreenID>
    <!--<Font>3</Font>-->
    <RelativePosition>true</RelativePosition>
    <Location>
      <X>446</X>
      <Y>84</Y>
    </Location>
    <Size>
      <CX>40</CX>
      <CY>40</CY>
    </Size>
    <Background>A_InvRing</Background>
    <EQType>16</EQType>
    <Style_VScroll>false</Style_VScroll>
    <Style_HScroll>false</Style_HScroll>
    <Style_Transparent>false</Style_Transparent>
    <!--<TooltipReference/>-->
  </InvSlot>
  <!-- IS_CHEST		17 -->
  <InvSlot item="InvSlot17">
    <ScreenID>InvSlot17</ScreenID>
    <!--<Font>3</Font>-->
    <RelativePosition>true</RelativePosition>
    <Location>
      <X>366</X>
      <Y>164</Y>
    </Location>
    <Size>
      <CX>40</CX>
      <CY>40</CY>
    </Size>
    <Background>A_InvChest</Background>
    <EQType>17</EQType>
    <Style_VScroll>false</Style_VScroll>
    <Style_HScroll>false</Style_HScroll>
    <Style_Transparent>false</Style_Transparent>
    <!--<TooltipReference/>-->
  </InvSlot>
  <!-- IS_LEGS		18 -->
  <InvSlot item="InvSlot18">
    <ScreenID>InvSlot18</ScreenID>
    <!--<Font>3</Font>-->
    <RelativePosition>true</RelativePosition>
    <Location>
      <X>366</X>
      <Y>204</Y>
    </Location>
    <Size>
      <CX>40</CX>
      <CY>40</CY>
    </Size>
    <Background>A_InvLegs</Background>
    <EQType>18</EQType>
    <Style_VScroll>false</Style_VScroll>
    <Style_HScroll>false</Style_HScroll>
    <Style_Transparent>false</Style_Transparent>
    <!--<TooltipReference/>-->
  </InvSlot>
  <!-- IS_FEET		19 -->
  <InvSlot item="InvSlot19">
    <ScreenID>InvSlot19</ScreenID>
    <!--<Font>3</Font>-->
    <RelativePosition>true</RelativePosition>
    <Location>
      <X>406</X>
      <Y>204</Y>
    </Location>
    <Size>
      <CX>40</CX>
      <CY>40</CY>
    </Size>
    <Background>A_InvFeet</Background>
    <EQType>19</EQType>
    <Style_VScroll>false</Style_VScroll>
    <Style_HScroll>false</Style_HScroll>
    <Style_Transparent>false</Style_Transparent>
    <!--<TooltipReference/>-->
  </InvSlot>
  <!-- IS_WAIST		20 -->
  <InvSlot item="InvSlot20">
    <ScreenID>InvSlot20</ScreenID>
    <!--<Font>3</Font>-->
    <RelativePosition>true</RelativePosition>
    <Location>
      <X>406</X>
      <Y>164</Y>
    </Location>
    <Size>
      <CX>40</CX>
      <CY>40</CY>
    </Size>
    <Background>A_InvWaist</Background>
    <EQType>20</EQType>
    <Style_VScroll>false</Style_VScroll>
    <Style_HScroll>false</Style_HScroll>
    <Style_Transparent>false</Style_Transparent>
    <!--<TooltipReference/>-->
  </InvSlot>
  <!-- IS_AMMO		21 -->
  <InvSlot item="InvSlot21">
    <ScreenID>InvSlot21</ScreenID>
    <!--<Font>3</Font>-->
    <RelativePosition>true</RelativePosition>
    <Location>
      <X>446</X>
      <Y>204</Y>
    </Location>
    <Size>
      <CX>40</CX>
      <CY>40</CY>
    </Size>
    <Background>A_InvAmmo</Background>
    <EQType>21</EQType>
    <Style_VScroll>false</Style_VScroll>
    <Style_HScroll>false</Style_HScroll>
    <Style_Transparent>false</Style_Transparent>
    <!--<TooltipReference/>-->
  </InvSlot>
  <!-- root inv slots, IS_B1 to IS_B8 -->
  <InvSlot item="InvSlot22">
    <ScreenID>InvSlot22</ScreenID>
    <!--<Font>3</Font>-->
    <RelativePosition>true</RelativePosition>
    <Location>
      <X>423</X>
      <Y>312</Y>
    </Location>
    <Size>
      <CX>30</CX>
      <CY>30</CY>
    </Size>
    <Background>A_RecessedBox</Background>
    <EQType>22</EQType>
    <Style_VScroll>false</Style_VScroll>
    <Style_HScroll>false</Style_HScroll>
    <Style_Transparent>false</Style_Transparent>
    <!--<TooltipReference/>-->
  </InvSlot>
  <InvSlot item="InvSlot23">
    <ScreenID>InvSlot23</ScreenID>
    <!--<Font>3</Font>-->
    <RelativePosition>true</RelativePosition>
    <Location>
      <X>2</X>
      <Y>81</Y>
    </Location>
    <Size>
      <CX>30</CX>
      <CY>30</CY>
    </Size>
    <Background>A_RecessedBox</Background>
    <EQType>23</EQType>
    <Style_VScroll>false</Style_VScroll>
    <Style_HScroll>false</Style_HScroll>
    <Style_Transparent>false</Style_Transparent>
    <!--<TooltipReference/>-->
  </InvSlot>
  <InvSlot item="InvSlot24">
    <ScreenID>InvSlot24</ScreenID>
    <!--<Font>3</Font>-->
    <RelativePosition>true</RelativePosition>
    <Location>
      <X>32</X>
      <Y>81</Y>
    </Location>
    <Size>
      <CX>30</CX>
      <CY>30</CY>
    </Size>
    <Background>A_RecessedBox</Background>
    <EQType>24</EQType>
    <Style_VScroll>false</Style_VScroll>
    <Style_HScroll>false</Style_HScroll>
    <Style_Transparent>false</Style_Transparent>
    <!--<TooltipReference/>-->
  </InvSlot>
  <InvSlot item="InvSlot25">
    <ScreenID>InvSlot25</ScreenID>
    <!--<Font>3</Font>-->
    <RelativePosition>true</RelativePosition>
    <Location>
      <X>423</X>
      <Y>402</Y>
    </Location>
    <Size>
      <CX>30</CX>
      <CY>30</CY>
    </Size>
    <Background>A_RecessedBox</Background>
    <EQType>25</EQType>
    <Style_VScroll>false</Style_VScroll>
    <Style_HScroll>false</Style_HScroll>
    <Style_Transparent>false</Style_Transparent>
    <!--<TooltipReference/>-->
  </InvSlot>
  <InvSlot item="InvSlot26">
    <ScreenID>InvSlot26</ScreenID>
    <!--<Font>3</Font>-->
    <RelativePosition>true</RelativePosition>
    <Location>
      <X>453</X>
      <Y>312</Y>
    </Location>
    <Size>
      <CX>30</CX>
      <CY>30</CY>
    </Size>
    <Background>A_RecessedBox</Background>
    <EQType>26</EQType>
    <Style_VScroll>false</Style_VScroll>
    <Style_HScroll>false</Style_HScroll>
    <Style_Transparent>false</Style_Transparent>
    <!--<TooltipReference/>-->
  </InvSlot>
  <InvSlot item="InvSlot27">
    <ScreenID>InvSlot27</ScreenID>
    <!--<Font>3</Font>-->
    <RelativePosition>true</RelativePosition>
    <Location>
      <X>453</X>
      <Y>342</Y>
    </Location>
    <Size>
      <CX>30</CX>
      <CY>30</CY>
    </Size>
    <Background>A_RecessedBox</Background>
    <EQType>27</EQType>
    <Style_VScroll>false</Style_VScroll>
    <Style_HScroll>false</Style_HScroll>
    <Style_Transparent>false</Style_Transparent>
    <!--<TooltipReference/>-->
  </InvSlot>
  <InvSlot item="InvSlot28">
    <ScreenID>InvSlot28</ScreenID>
    <!--<Font>3</Font>-->
    <RelativePosition>true</RelativePosition>
    <Location>
      <X>453</X>
      <Y>372</Y>
    </Location>
    <Size>
      <CX>30</CX>
      <CY>30</CY>
    </Size>
    <Background>A_RecessedBox</Background>
    <EQType>28</EQType>
    <Style_VScroll>false</Style_VScroll>
    <Style_HScroll>false</Style_HScroll>
    <Style_Transparent>false</Style_Transparent>
    <!--<TooltipReference/>-->
  </InvSlot>
  <InvSlot item="InvSlot29">
    <ScreenID>InvSlot29</ScreenID>
    <!--<Font>3</Font>-->
    <RelativePosition>true</RelativePosition>
    <Location>
      <X>453</X>
      <Y>402</Y>
    </Location>
    <Size>
      <CX>30</CX>
      <CY>30</CY>
    </Size>
    <Background>A_RecessedBox</Background>
    <EQType>29</EQType>
    <Style_VScroll>false</Style_VScroll>
    <Style_HScroll>false</Style_HScroll>
    <Style_Transparent>false</Style_Transparent>
    <!--<TooltipReference/>-->
  </InvSlot>
  <Label item="IW_Name">
    <ScreenID>NameLabel</ScreenID>
    <EQType>1</EQType>
    <!--<Font>3</Font>-->
    <RelativePosition>true</RelativePosition>
    <Location>
      <X>265</X>
      <Y>307</Y>
    </Location>
    <Size>
      <CX>60</CX>
      <CY>14</CY>
    </Size>
    <Text>Lunakin</Text>
    <TextColor>
      <R>255</R>
      <G>255</G>
      <B>255</B>
    </TextColor>
    <NoWrap>true</NoWrap>
    <AlignCenter>false</AlignCenter>
    <AlignRight>False</AlignRight>
  </Label>
  <Label item="IW_Level">
    <ScreenID>LevelClassLabel</ScreenID>
    <EQType>2</EQType>
    <!--<Font>3</Font>-->
    <RelativePosition>true</RelativePosition>
    <Location>
      <X>265</X>
      <Y>322</Y>
    </Location>
    <Size>
      <CX>20</CX>
      <CY>14</CY>
    </Size>
    <Text>60 Shadow Knight</Text>
    <TextColor>
      <R>255</R>
      <G>255</G>
      <B>255</B>
    </TextColor>
    <NoWrap>true</NoWrap>
    <AlignCenter>false</AlignCenter>
    <AlignRight>false</AlignRight>
  </Label>
  <Label item="IW_Class">
    <EQType>3</EQType>
    <!--<Font>3</Font>-->
    <RelativePosition>true</RelativePosition>
    <Location>
      <X>285</X>
      <Y>322</Y>
    </Location>
    <Size>
      <CX>100</CX>
      <CY>14</CY>
    </Size>
    <Text>Forest Stalker</Text>
    <TextColor>
      <R>255</R>
      <G>255</G>
      <B>255</B>
    </TextColor>
    <NoWrap>true</NoWrap>
    <AlignCenter>false</AlignCenter>
    <AlignRight>false</AlignRight>
  </Label>
  <Label item="IW_Deity">
    <ScreenID>DeityLabel</ScreenID>
    <EQType>4</EQType>
    <!--<Font>3</Font>-->
    <RelativePosition>true</RelativePosition>
    <Location>
      <X>265</X>
      <Y>336</Y>
    </Location>
    <Size>
      <CX>112</CX>
      <CY>14</CY>
    </Size>
    <Text>Tunare</Text>
    <TextColor>
      <R>255</R>
      <G>255</G>
      <B>255</B>
    </TextColor>
    <NoWrap>true</NoWrap>
    <AlignCenter>false</AlignCenter>
    <AlignRight>false</AlignRight>
  </Label>
  <Label item="IW_HP">
    <ScreenID>HPLabel</ScreenID>
    <!--<Font>3</Font>-->
    <RelativePosition>true</RelativePosition>
    <Location>
      <X>503</X>
      <Y>49</Y>
    </Location>
    <Size>
      <CX>64</CX>
      <CY>14</CY>
    </Size>
    <Text>HP</Text>
    <TextColor>
      <R>255</R>
      <G>255</G>
      <B>255</B>
    </TextColor>
    <NoWrap>true</NoWrap>
    <AlignCenter>false</AlignCenter>
    <AlignRight>false</AlignRight>
  </Label>
  <Label item="IW_CurrentHP">
    <ScreenID>HPNumberLabel</ScreenID>
    <EQType>17</EQType>
    <!--<Font>3</Font>-->
    <RelativePosition>true</RelativePosition>
    <Location>
      <X>522</X>
      <Y>49</Y>
    </Location>
    <Size>
      <CX>35</CX>
      <CY>14</CY>
    </Size>
    <Text>0000</Text>
    <TextColor>
      <R>175</R>
      <G>175</G>
      <B>175</B>
    </TextColor>
    <NoWrap>true</NoWrap>
    <AlignCenter>false</AlignCenter>
    <AlignRight>true</AlignRight>
    <AlignLeft>false</AlignLeft>
  </Label>
  <Label item="IW_HPDivider">
    <!--<Font>3</Font>-->
    <RelativePosition>true</RelativePosition>
    <Location>
      <X>556</X>
      <Y>49</Y>
    </Location>
    <Size>
      <CX>8</CX>
      <CY>14</CY>
    </Size>
    <Text>/</Text>
    <TextColor>
      <R>200</R>
      <G>200</G>
      <B>200</B>
    </TextColor>
    <NoWrap>true</NoWrap>
    <AlignCenter>false</AlignCenter>
    <AlignRight>false</AlignRight>
  </Label>
  <Label item="IW_MaxHP">
    <EQType>18</EQType>
    <!--<Font>3</Font>-->
    <RelativePosition>true</RelativePosition>
    <Location>
      <X>562</X>
      <Y>49</Y>
    </Location>
    <Size>
      <CX>37</CX>
      <CY>14</CY>
    </Size>
    <Text>0000</Text>
    <TextColor>
      <R>255</R>
      <G>0</G>
      <B>100</B>
    </TextColor>
    <NoWrap>true</NoWrap>
    <AlignCenter>false</AlignCenter>
    <AlignRight>false</AlignRight>
    <AlignLeft>true</AlignLeft>
  </Label>
  <Label item="IW_AC">
    <ScreenID>ACLabel</ScreenID>
    <!--<Font>3</Font>-->
    <RelativePosition>true</RelativePosition>
    <Location>
      <X>503</X>
      <Y>63</Y>
    </Location>
    <Size>
      <CX>64</CX>
      <CY>14</CY>
    </Size>
    <Text>AC</Text>
    <TextColor>
      <R>255</R>
      <G>255</G>
      <B>255</B>
    </TextColor>
    <NoWrap>true</NoWrap>
    <AlignCenter>false</AlignCenter>
    <AlignRight>false</AlignRight>
  </Label>
  <Label item="IW_ACNumber">
    <ScreenID>ACNumberLabel</ScreenID>
    <EQType>22</EQType>
    <!--<Font>3</Font>-->
    <RelativePosition>true</RelativePosition>
    <Location>
      <X>535</X>
      <Y>63</Y>
    </Location>
    <Size>
      <CX>64</CX>
      <CY>14</CY>
    </Size>
    <Text>0000</Text>
    <TextColor>
      <R>255</R>
      <G>255</G>
      <B>255</B>
    </TextColor>
    <NoWrap>true</NoWrap>
    <AlignCenter>true</AlignCenter>
    <AlignRight>false</AlignRight>
  </Label>
  <Label item="IW_ATK">
    <ScreenID>ATKLabel</ScreenID>
    <!--<Font>3</Font>-->
    <RelativePosition>true</RelativePosition>
    <Location>
      <X>503</X>
      <Y>77</Y>
    </Location>
    <Size>
      <CX>64</CX>
      <CY>14</CY>
    </Size>
    <Text>ATK</Text>
    <TextColor>
      <R>255</R>
      <G>255</G>
      <B>255</B>
    </TextColor>
    <NoWrap>true</NoWrap>
    <AlignCenter>false</AlignCenter>
    <AlignRight>false</AlignRight>
  </Label>
  <Label item="IW_ATKNumber">
    <ScreenID>ATKNumberLabel</ScreenID>
    <EQType>23</EQType>
    <!--<Font>3</Font>-->
    <RelativePosition>true</RelativePosition>
    <Location>
      <X>535</X>
      <Y>77</Y>
    </Location>
    <Size>
      <CX>64</CX>
      <CY>14</CY>
    </Size>
    <Text>0000</Text>
    <TextColor>
      <R>255</R>
      <G>255</G>
      <B>255</B>
    </TextColor>
    <NoWrap>true</NoWrap>
    <AlignCenter>true</AlignCenter>
    <AlignRight>false</AlignRight>
  </Label>
  <Label item="IW_NextLevel">
    <ScreenID>NextLevelLabel</ScreenID>
    <!--<Font>3</Font>-->
    <RelativePosition>true</RelativePosition>
    <Location>
      <X>2440</X>
      <Y>335</Y>
    </Location>
    <Size>
      <CX>16</CX>
      <CY>10</CY>
    </Size>
    <Text>XP</Text>
    <TextColor>
      <R>255</R>
      <G>255</G>
      <B>255</B>
    </TextColor>
    <NoWrap>true</NoWrap>
    <AlignCenter>true</AlignCenter>
    <AlignRight>false</AlignRight>
    <Font>1</Font>
  </Label>
  <Gauge item="IW_ExpGauge">
    <ScreenID>ExpGauge</ScreenID>
    <!--<Font>3</Font>-->
    <RelativePosition>true</RelativePosition>
    <Location>
      <X>109</X>
      <Y>369</Y>
    </Location>
    <Size>
      <CX>250</CX>
      <CY>18</CY>
    </Size>
    <GaugeOffsetY>0</GaugeOffsetY>
    <Style_VScroll>false</Style_VScroll>
    <Style_HScroll>false</Style_HScroll>
    <Style_Transparent>false</Style_Transparent>
    <!--<TooltipReference/>-->
    <FillTint>
      <R>220</R>
      <G>150</G>
      <B>0</B>
    </FillTint>
    <LinesFillTint>
      <R>0</R>
      <G>80</G>
      <B>220</B>
    </LinesFillTint>
    <DrawLinesFill>true</DrawLinesFill>
    <EQType>4</EQType>
    <GaugeDrawTemplate>
      <Background>A_GaugeBackground</Background>
      <Fill>A_GaugeFill</Fill>
      <Lines>A_GaugeLines</Lines>
      <LinesFill>A_GaugeLinesFill</LinesFill>
      <EndCapLeft>A_GaugeEndCapLeft</EndCapLeft>
      <EndCapRight>A_GaugeEndCapRight</EndCapRight>
    </GaugeDrawTemplate>
  </Gauge>
  <Label item="IW_STR">
    <ScreenID>STRLabel</ScreenID>
    <!--<Font>3</Font>-->
    <RelativePosition>true</RelativePosition>
    <Location>
      <X>516</X>
      <Y>90</Y>
    </Location>
    <Size>
      <CX>50</CX>
      <CY>14</CY>
    </Size>
    <Text>STR</Text>
    <TextColor>
      <R>255</R>
      <G>255</G>
      <B>255</B>
    </TextColor>
    <NoWrap>true</NoWrap>
    <AlignCenter>false</AlignCenter>
    <AlignRight>false</AlignRight>
    <AlignLeft>true</AlignLeft>
  </Label>
  <Label item="IW_STRNumber">
    <ScreenID>STRNumberLabel</ScreenID>
    <EQType>5</EQType>
    <!--<Font>3</Font>-->
    <RelativePosition>true</RelativePosition>
    <Location>
      <X>547</X>
      <Y>90</Y>
    </Location>
    <Size>
      <CX>50</CX>
      <CY>14</CY>
    </Size>
    <Text>255</Text>
    <TextColor>
      <R>255</R>
      <G>255</G>
      <B>255</B>
    </TextColor>
    <NoWrap>true</NoWrap>
    <AlignCenter>false</AlignCenter>
    <AlignRight>false</AlignRight>
  </Label>
  <Label item="IW_STA">
    <ScreenID>STALabel</ScreenID>
    <!--<Font>3</Font>-->
    <RelativePosition>true</RelativePosition>
    <Location>
      <X>516</X>
      <Y>104</Y>
    </Location>
    <Size>
      <CX>50</CX>
      <CY>14</CY>
    </Size>
    <Text>STA</Text>
    <TextColor>
      <R>255</R>
      <G>255</G>
      <B>255</B>
    </TextColor>
    <NoWrap>true</NoWrap>
    <AlignCenter>false</AlignCenter>
    <AlignRight>false</AlignRight>
    <AlignLeft>true</AlignLeft>
  </Label>
  <Label item="IW_STANumber">
    <ScreenID>STANumberLabel</ScreenID>
    <EQType>6</EQType>
    <!--<Font>3</Font>-->
    <RelativePosition>true</RelativePosition>
    <Location>
      <X>547</X>
      <Y>104</Y>
    </Location>
    <Size>
      <CX>50</CX>
      <CY>14</CY>
    </Size>
    <Text>255</Text>
    <TextColor>
      <R>255</R>
      <G>255</G>
      <B>255</B>
    </TextColor>
    <NoWrap>true</NoWrap>
    <AlignCenter>false</AlignCenter>
    <AlignRight>false</AlignRight>
  </Label>
  <Label item="IW_AGI">
    <ScreenID>AGILabel</ScreenID>
    <!--<Font>3</Font>-->
    <RelativePosition>true</RelativePosition>
    <Location>
      <X>516</X>
      <Y>118</Y>
    </Location>
    <Size>
      <CX>50</CX>
      <CY>14</CY>
    </Size>
    <Text>AGI</Text>
    <TextColor>
      <R>255</R>
      <G>255</G>
      <B>255</B>
    </TextColor>
    <NoWrap>true</NoWrap>
    <AlignCenter>false</AlignCenter>
    <AlignRight>false</AlignRight>
    <AlignLeft>true</AlignLeft>
  </Label>
  <Label item="IW_AGINumber">
    <ScreenID>AGINumberLabel</ScreenID>
    <EQType>8</EQType>
    <!--<Font>3</Font>-->
    <RelativePosition>true</RelativePosition>
    <Location>
      <X>547</X>
      <Y>118</Y>
    </Location>
    <Size>
      <CX>50</CX>
      <CY>14</CY>
    </Size>
    <Text>255</Text>
    <TextColor>
      <R>255</R>
      <G>255</G>
      <B>255</B>
    </TextColor>
    <NoWrap>true</NoWrap>
    <AlignCenter>false</AlignCenter>
    <AlignRight>false</AlignRight>
  </Label>
  <Label item="IW_DEX">
    <ScreenID>DEXLabel</ScreenID>
    <!--<Font>3</Font>-->
    <RelativePosition>true</RelativePosition>
    <Location>
      <X>516</X>
      <Y>132</Y>
    </Location>
    <Size>
      <CX>50</CX>
      <CY>14</CY>
    </Size>
    <Text>DEX</Text>
    <TextColor>
      <R>255</R>
      <G>255</G>
      <B>255</B>
    </TextColor>
    <NoWrap>true</NoWrap>
    <AlignCenter>false</AlignCenter>
    <AlignRight>false</AlignRight>
    <AlignLeft>true</AlignLeft>
  </Label>
  <Label item="IW_DEXNumber">
    <ScreenID>DEXNumberLabel</ScreenID>
    <EQType>7</EQType>
    <!--<Font>3</Font>-->
    <RelativePosition>true</RelativePosition>
    <Location>
      <X>547</X>
      <Y>132</Y>
    </Location>
    <Size>
      <CX>50</CX>
      <CY>14</CY>
    </Size>
    <Text>255</Text>
    <TextColor>
      <R>255</R>
      <G>255</G>
      <B>255</B>
    </TextColor>
    <NoWrap>true</NoWrap>
    <AlignCenter>false</AlignCenter>
    <AlignRight>false</AlignRight>
  </Label>
  <Label item="IW_WIS">
    <ScreenID>WISLabel</ScreenID>
    <!--<Font>3</Font>-->
    <RelativePosition>true</RelativePosition>
    <Location>
      <X>516</X>
      <Y>146</Y>
    </Location>
    <Size>
      <CX>50</CX>
      <CY>14</CY>
    </Size>
    <Text>WIS</Text>
    <TextColor>
      <R>255</R>
      <G>255</G>
      <B>255</B>
    </TextColor>
    <NoWrap>true</NoWrap>
    <AlignCenter>false</AlignCenter>
    <AlignRight>false</AlignRight>
    <AlignLeft>true</AlignLeft>
  </Label>
  <Label item="IW_WISNumber">
    <ScreenID>WISNumberLabel</ScreenID>
    <EQType>9</EQType>
    <!--<Font>3</Font>-->
    <RelativePosition>true</RelativePosition>
    <Location>
      <X>547</X>
      <Y>146</Y>
    </Location>
    <Size>
      <CX>50</CX>
      <CY>14</CY>
    </Size>
    <Text>255</Text>
    <TextColor>
      <R>255</R>
      <G>255</G>
      <B>255</B>
    </TextColor>
    <NoWrap>true</NoWrap>
    <AlignCenter>false</AlignCenter>
    <AlignRight>false</AlignRight>
  </Label>
  <Label item="IW_INT">
    <ScreenID>INTLabel</ScreenID>
    <!--<Font>3</Font>-->
    <RelativePosition>true</RelativePosition>
    <Location>
      <X>516</X>
      <Y>160</Y>
    </Location>
    <Size>
      <CX>50</CX>
      <CY>14</CY>
    </Size>
    <Text>INT</Text>
    <TextColor>
      <R>255</R>
      <G>255</G>
      <B>255</B>
    </TextColor>
    <NoWrap>true</NoWrap>
    <AlignCenter>false</AlignCenter>
    <AlignRight>false</AlignRight>
    <AlignLeft>true</AlignLeft>
  </Label>
  <Label item="IW_INTNumber">
    <ScreenID>INTNumberLabel</ScreenID>
    <EQType>10</EQType>
    <!--<Font>3</Font>-->
    <RelativePosition>true</RelativePosition>
    <Location>
      <X>547</X>
      <Y>160</Y>
    </Location>
    <Size>
      <CX>50</CX>
      <CY>14</CY>
    </Size>
    <Text>255</Text>
    <TextColor>
      <R>255</R>
      <G>255</G>
      <B>255</B>
    </TextColor>
    <NoWrap>true</NoWrap>
    <AlignCenter>false</AlignCenter>
    <AlignRight>false</AlignRight>
  </Label>
  <Label item="IW_CHA">
    <ScreenID>CHALabel</ScreenID>
    <!--<Font>3</Font>-->
    <RelativePosition>true</RelativePosition>
    <Location>
      <X>516</X>
      <Y>174</Y>
    </Location>
    <Size>
      <CX>50</CX>
      <CY>14</CY>
    </Size>
    <Text>CHA</Text>
    <TextColor>
      <R>255</R>
      <G>255</G>
      <B>255</B>
    </TextColor>
    <NoWrap>true</NoWrap>
    <AlignCenter>false</AlignCenter>
    <AlignRight>false</AlignRight>
    <AlignLeft>true</AlignLeft>
  </Label>
  <Label item="IW_CHANumber">
    <ScreenID>CHANumberLabel</ScreenID>
    <EQType>11</EQType>
    <!--<Font>3</Font>-->
    <RelativePosition>true</RelativePosition>
    <Location>
      <X>547</X>
      <Y>174</Y>
    </Location>
    <Size>
      <CX>50</CX>
      <CY>14</CY>
    </Size>
    <Text>255</Text>
    <TextColor>
      <R>255</R>
      <G>255</G>
      <B>255</B>
    </TextColor>
    <NoWrap>true</NoWrap>
    <AlignCenter>false</AlignCenter>
    <AlignRight>false</AlignRight>
  </Label>
  <Label item="IW_Poison">
    <ScreenID>PoisonLabel</ScreenID>
    <!--<Font>3</Font>-->
    <RelativePosition>true</RelativePosition>
    <Location>
      <X>516</X>
      <Y>196</Y>
    </Location>
    <Size>
      <CX>64</CX>
      <CY>14</CY>
    </Size>
    <Text>SvP</Text>
    <TextColor>
      <R>255</R>
      <G>255</G>
      <B>255</B>
    </TextColor>
    <NoWrap>true</NoWrap>
    <AlignCenter>false</AlignCenter>
    <AlignRight>false</AlignRight>
  </Label>
  <Label item="IW_PoisonNumber">
    <ScreenID>PoisonNumberLabel</ScreenID>
    <EQType>12</EQType>
    <!--<Font>3</Font>-->
    <RelativePosition>true</RelativePosition>
    <Location>
      <X>548</X>
      <Y>196</Y>
    </Location>
    <Size>
      <CX>64</CX>
      <CY>14</CY>
    </Size>
    <Text>255</Text>
    <TextColor>
      <R>255</R>
      <G>255</G>
      <B>255</B>
    </TextColor>
    <NoWrap>true</NoWrap>
    <AlignCenter>false</AlignCenter>
    <AlignRight>false</AlignRight>
  </Label>
  <Label item="IW_Magic">
    <ScreenID>MagicLabel</ScreenID>
    <!--<Font>3</Font>-->
    <RelativePosition>true</RelativePosition>
    <Location>
      <X>516</X>
      <Y>210</Y>
    </Location>
    <Size>
      <CX>64</CX>
      <CY>14</CY>
    </Size>
    <Text>SvM</Text>
    <TextColor>
      <R>255</R>
      <G>255</G>
      <B>255</B>
    </TextColor>
    <NoWrap>true</NoWrap>
    <AlignCenter>false</AlignCenter>
    <AlignRight>false</AlignRight>
  </Label>
  <Label item="IW_MagicNumber">
    <ScreenID>MagicNumberLabel</ScreenID>
    <EQType>16</EQType>
    <!--<Font>3</Font>-->
    <RelativePosition>true</RelativePosition>
    <Location>
      <X>548</X>
      <Y>210</Y>
    </Location>
    <Size>
      <CX>64</CX>
      <CY>14</CY>
    </Size>
    <Text>255</Text>
    <TextColor>
      <R>255</R>
      <G>255</G>
      <B>255</B>
    </TextColor>
    <NoWrap>true</NoWrap>
    <AlignCenter>false</AlignCenter>
    <AlignRight>false</AlignRight>
  </Label>
  <Label item="IW_Disease">
    <ScreenID>DiseaseLabel</ScreenID>
    <!--<Font>3</Font>-->
    <RelativePosition>true</RelativePosition>
    <Location>
      <X>516</X>
      <Y>224</Y>
    </Location>
    <Size>
      <CX>64</CX>
      <CY>14</CY>
    </Size>
    <Text>SvD</Text>
    <TextColor>
      <R>255</R>
      <G>255</G>
      <B>255</B>
    </TextColor>
    <NoWrap>true</NoWrap>
    <AlignCenter>false</AlignCenter>
    <AlignRight>false</AlignRight>
  </Label>
  <Label item="IW_DiseaseNumber">
    <ScreenID>DiseaseNumberLabel</ScreenID>
    <EQType>13</EQType>
    <!--<Font>3</Font>-->
    <RelativePosition>true</RelativePosition>
    <Location>
      <X>548</X>
      <Y>224</Y>
    </Location>
    <Size>
      <CX>64</CX>
      <CY>14</CY>
    </Size>
    <Text>255</Text>
    <TextColor>
      <R>255</R>
      <G>255</G>
      <B>255</B>
    </TextColor>
    <NoWrap>true</NoWrap>
    <AlignCenter>false</AlignCenter>
    <AlignRight>false</AlignRight>
  </Label>
  <Label item="IW_Fire">
    <ScreenID>FireLabel</ScreenID>
    <!--<Font>3</Font>-->
    <RelativePosition>true</RelativePosition>
    <Location>
      <X>516</X>
      <Y>238</Y>
    </Location>
    <Size>
      <CX>64</CX>
      <CY>14</CY>
    </Size>
    <Text>SvF</Text>
    <TextColor>
      <R>255</R>
      <G>255</G>
      <B>255</B>
    </TextColor>
    <NoWrap>true</NoWrap>
    <AlignCenter>false</AlignCenter>
    <AlignRight>false</AlignRight>
  </Label>
  <Label item="IW_FireNumber">
    <ScreenID>FireNumberLabel</ScreenID>
    <EQType>14</EQType>
    <!--<Font>3</Font>-->
    <RelativePosition>true</RelativePosition>
    <Location>
      <X>548</X>
      <Y>238</Y>
    </Location>
    <Size>
      <CX>64</CX>
      <CY>14</CY>
    </Size>
    <Text>255</Text>
    <TextColor>
      <R>255</R>
      <G>255</G>
      <B>255</B>
    </TextColor>
    <NoWrap>true</NoWrap>
    <AlignCenter>false</AlignCenter>
    <AlignRight>false</AlignRight>
  </Label>
  <Label item="IW_Cold">
    <ScreenID>ColdLabel</ScreenID>
    <!--<Font>3</Font>-->
    <RelativePosition>true</RelativePosition>
    <Location>
      <X>516</X>
      <Y>252</Y>
    </Location>
    <Size>
      <CX>64</CX>
      <CY>14</CY>
    </Size>
    <Text>SvC</Text>
    <TextColor>
      <R>255</R>
      <G>255</G>
      <B>255</B>
    </TextColor>
    <NoWrap>true</NoWrap>
    <AlignCenter>false</AlignCenter>
    <AlignRight>false</AlignRight>
  </Label>
  <Label item="IW_ColdNumber">
    <ScreenID>ColdNumberLabel</ScreenID>
    <EQType>15</EQType>
    <!--<Font>3</Font>-->
    <RelativePosition>true</RelativePosition>
    <Location>
      <X>548</X>
      <Y>252</Y>
    </Location>
    <Size>
      <CX>64</CX>
      <CY>14</CY>
    </Size>
    <Text>255</Text>
    <TextColor>
      <R>255</R>
      <G>255</G>
      <B>255</B>
    </TextColor>
    <NoWrap>true</NoWrap>
    <AlignCenter>false</AlignCenter>
    <AlignRight>false</AlignRight>
  </Label>
  <Label item="IW_Weight">
    <ScreenID>WeightLabel</ScreenID>
    <!--<Font>3</Font>-->
    <RelativePosition>true</RelativePosition>
    <Location>
      <X>514</X>
      <Y>269</Y>
    </Location>
    <Size>
      <CX>64</CX>
      <CY>14</CY>
    </Size>
    <Text>WT</Text>
    <TextColor>
      <R>255</R>
      <G>255</G>
      <B>255</B>
    </TextColor>
    <NoWrap>true</NoWrap>
    <AlignCenter>false</AlignCenter>
    <AlignRight>false</AlignRight>
    <Font>2</Font>
  </Label>
  <Label item="IW_CurrentWeight">
    <ScreenID>WeightNumberLabel</ScreenID>
    <EQType>24</EQType>
    <!--<Font>3</Font>-->
    <RelativePosition>true</RelativePosition>
    <Location>
      <X>329</X>
      <Y>335</Y>
    </Location>
    <Size>
      <CX>30</CX>
      <CY>14</CY>
    </Size>
    <Text>000</Text>
    <TextColor>
      <R>255</R>
      <G>255</G>
      <B>0</B>
    </TextColor>
    <NoWrap>true</NoWrap>
    <AlignCenter>true</AlignCenter>
    <AlignRight>false</AlignRight>
    <Font>4</Font>
  </Label>
  <Label item="IW_WeightNumber">
    <!--<Font>3</Font>-->
    <RelativePosition>true</RelativePosition>
    <Location>
      <X>359</X>
      <Y>335</Y>
    </Location>
    <Size>
      <CX>10</CX>
      <CY>14</CY>
    </Size>
    <Text>/</Text>
    <TextColor>
      <R>255</R>
      <G>255</G>
      <B>255</B>
    </TextColor>
    <NoWrap>true</NoWrap>
    <AlignCenter>true</AlignCenter>
    <AlignRight>false</AlignRight>
    <Font>4</Font>
  </Label>
  <Label item="IW_MaxWeight">
    <EQType>25</EQType>
    <!--<Font>3</Font>-->
    <RelativePosition>true</RelativePosition>
    <Location>
      <X>369</X>
      <Y>335</Y>
    </Location>
    <Size>
      <CX>30</CX>
      <CY>14</CY>
    </Size>
    <Text>000</Text>
    <TextColor>
      <R>255</R>
      <G>255</G>
      <B>255</B>
    </TextColor>
    <NoWrap>true</NoWrap>
    <AlignCenter>true</AlignCenter>
    <AlignRight>false</AlignRight>
    <AlignLeft>true</AlignLeft>
    <Font>4</Font>
  </Label>
  <Label item="IW_AltAdv">
    <ScreenID>AltAdvLabel</ScreenID>
    <!--<Font>3</Font>-->
    <RelativePosition>true</RelativePosition>
    <Location>
      <X>2420</X>
      <Y>348</Y>
    </Location>
    <Size>
      <CX>17</CX>
      <CY>10</CY>
    </Size>
    <Text>AA</Text>
    <TextColor>
      <R>255</R>
      <G>255</G>
      <B>255</B>
    </TextColor>
    <NoWrap>true</NoWrap>
    <AlignCenter>true</AlignCenter>
    <AlignRight>false</AlignRight>
    <Font>1</Font>
  </Label>
  <Gauge item="IW_AltAdvGauge">
    <ScreenID>AltAdvGauge</ScreenID>
    <!--<Font>3</Font>-->
    <RelativePosition>true</RelativePosition>
    <Location>
      <X>109</X>
      <Y>390</Y>
    </Location>
    <Size>
      <CX>250</CX>
      <CY>18</CY>
    </Size>
    <GaugeOffsetY>0</GaugeOffsetY>
    <Style_VScroll>false</Style_VScroll>
    <Style_HScroll>false</Style_HScroll>
    <Style_Transparent>false</Style_Transparent>
    <!--<TooltipReference/>-->
    <FillTint>
      <R>240</R>
      <G>240</G>
      <B>0</B>
      <Alpha>255</Alpha>
    </FillTint>
    <LinesFillTint>
      <R>0</R>
      <G>220</G>
      <B>220</B>
      <Alpha>255</Alpha>
    </LinesFillTint>
    <DrawLinesFill>true</DrawLinesFill>
    <EQType>5</EQType>
    <GaugeDrawTemplate>
      <Background>A_GaugeBackground</Background>
      <Fill>A_GaugeFill</Fill>
      <Lines>A_GaugeLines</Lines>
      <LinesFill>A_GaugeLinesFill</LinesFill>
      <EndCapLeft>A_GaugeEndCapLeft</EndCapLeft>
      <EndCapRight>A_GaugeEndCapRight</EndCapRight>
    </GaugeDrawTemplate>
  </Gauge>
  <Button item="IW_Money0">
    <ScreenID>IW_Money0</ScreenID>
    <!--<Font>3</Font>-->
    <RelativePosition>true</RelativePosition>
    <Location>
      <X>2</X>
      <Y>1</Y>
    </Location>
    <Size>
      <CX>60</CX>
      <CY>20</CY>
    </Size>
    <Style_Transparent>false</Style_Transparent>
    <!--<TooltipReference/>-->
    <Style_Checkbox>false</Style_Checkbox>
    <!--<RadioGroup/>-->
    <Text>9999</Text>
    <TextColor>
      <R>255</R>
      <G>255</G>
      <B>255</B>
    </TextColor>
    <ButtonDrawTemplate>
      <Normal>A_RecessedBox</Normal>
      <NormalDecal>A_PlatinumCoin</NormalDecal>
    </ButtonDrawTemplate>
    <DecalOffset>
      <X>1</X>
      <Y>3</Y>
    </DecalOffset>
    <DecalSize>
      <CX>12</CX>
      <CY>12</CY>
    </DecalSize>
  </Button>
  <Button item="IW_Money1">
    <ScreenID>IW_Money1</ScreenID>
    <!--<Font>3</Font>-->
    <RelativePosition>true</RelativePosition>
    <Location>
      <X>2</X>
      <Y>21</Y>
    </Location>
    <Size>
      <CX>60</CX>
      <CY>20</CY>
    </Size>
    <Style_Transparent>false</Style_Transparent>
    <!--<TooltipReference/>-->
    <Style_Checkbox>false</Style_Checkbox>
    <!--<RadioGroup/>-->
    <Text>9999</Text>
    <TextColor>
      <R>255</R>
      <G>255</G>
      <B>255</B>
    </TextColor>
    <ButtonDrawTemplate>
      <Normal>A_RecessedBox</Normal>
      <NormalDecal>A_GoldCoin</NormalDecal>
    </ButtonDrawTemplate>
    <DecalOffset>
      <X>1</X>
      <Y>3</Y>
    </DecalOffset>
    <DecalSize>
      <CX>12</CX>
      <CY>12</CY>
    </DecalSize>
  </Button>
  <Button item="IW_Money2">
    <ScreenID>IW_Money2</ScreenID>
    <!--<Font>3</Font>-->
    <RelativePosition>true</RelativePosition>
    <Location>
      <X>2</X>
      <Y>41</Y>
    </Location>
    <Size>
      <CX>60</CX>
      <CY>20</CY>
    </Size>
    <Style_Transparent>false</Style_Transparent>
    <!--<TooltipReference/>-->
    <Style_Checkbox>false</Style_Checkbox>
    <!--<RadioGroup/>-->
    <Text>9999</Text>
    <TextColor>
      <R>255</R>
      <G>255</G>
      <B>255</B>
    </TextColor>
    <ButtonDrawTemplate>
      <Normal>A_RecessedBox</Normal>
      <NormalDecal>A_SilverCoin</NormalDecal>
    </ButtonDrawTemplate>
    <DecalOffset>
      <X>1</X>
      <Y>3</Y>
    </DecalOffset>
    <DecalSize>
      <CX>12</CX>
      <CY>12</CY>
    </DecalSize>
  </Button>
  <Button item="IW_Money3">
    <ScreenID>IW_Money3</ScreenID>
    <!--<Font>3</Font>-->
    <RelativePosition>true</RelativePosition>
    <Location>
      <X>2</X>
      <Y>61</Y>
    </Location>
    <Size>
      <CX>60</CX>
      <CY>20</CY>
    </Size>
    <Style_Transparent>false</Style_Transparent>
    <!--<TooltipReference/>-->
    <Style_Checkbox>false</Style_Checkbox>
    <!--<RadioGroup/>-->
    <Text>9999</Text>
    <TextColor>
      <R>255</R>
      <G>255</G>
      <B>255</B>
    </TextColor>
    <ButtonDrawTemplate>
      <Normal>A_RecessedBox</Normal>
      <NormalDecal>A_CopperCoin</NormalDecal>
    </ButtonDrawTemplate>
    <DecalOffset>
      <X>1</X>
      <Y>3</Y>
    </DecalOffset>
    <DecalSize>
      <CX>12</CX>
      <CY>12</CY>
    </DecalSize>
  </Button>
  <Button item="IW_Skills">
    <ScreenID>IW_Skills</ScreenID>
    <!--<Font>3</Font>-->
    <RelativePosition>true</RelativePosition>
    <Location>
      <X>94</X>
      <Y>1</Y>
    </Location>
    <Size>
      <CX>30</CX>
      <CY>25</CY>
    </Size>
    <Style_Transparent>false</Style_Transparent>
    <!--<TooltipReference/>-->
    <Style_Checkbox>false</Style_Checkbox>
    <!--<RadioGroup/>-->
    <Text>Skills</Text>
    <TextColor>
      <R>255</R>
      <G>255</G>
      <B>255</B>
    </TextColor>
    <ButtonDrawTemplate>
      <Normal>A_SmallBtnNormal</Normal>
      <Pressed>A_SmallBtnPressed</Pressed>
      <Flyby>A_SmallBtnFlyby</Flyby>
      <Disabled>A_SmallBtnDisabled</Disabled>
      <PressedFlyby>A_SmallBtnPressedFlyby</PressedFlyby>
    </ButtonDrawTemplate>
    <Font>2</Font>
  </Button>
  <Button item="IW_AltAdvBtn">
    <ScreenID>IW_AltAdvBtn</ScreenID>
    <!--<Font>3</Font>-->
    <RelativePosition>true</RelativePosition>
    <Location>
      <X>94</X>
      <Y>26</Y>
    </Location>
    <Size>
      <CX>30</CX>
      <CY>25</CY>
    </Size>
    <Style_Transparent>false</Style_Transparent>
    <!--<TooltipReference/>-->
    <Style_Checkbox>false</Style_Checkbox>
    <!--<RadioGroup/>-->
    <Text>AA</Text>
    <TextColor>
      <R>255</R>
      <G>255</G>
      <B>255</B>
    </TextColor>
    <ButtonDrawTemplate>
      <Normal>A_SmallBtnNormal</Normal>
      <Pressed>A_SmallBtnPressed</Pressed>
      <Flyby>A_SmallBtnFlyby</Flyby>
      <Disabled>A_SmallBtnDisabled</Disabled>
      <PressedFlyby>A_SmallBtnPressedFlyby</PressedFlyby>
    </ButtonDrawTemplate>
    <Font>2</Font>
  </Button>
  <Button item="IW_Destroy">
    <ScreenID>IW_Destroy</ScreenID>
    <!--<Font>3</Font>-->
    <RelativePosition>true</RelativePosition>
    <Location>
      <X>2</X>
      <Y>110</Y>
    </Location>
    <Size>
      <CX>60</CX>
      <CY>60</CY>
    </Size>
    <Style_Transparent>false</Style_Transparent>
    <!--<TooltipReference/>-->
    <Style_Checkbox>false</Style_Checkbox>
    <!--<RadioGroup/>-->
    <Text>DEST</Text>
    <TextColor>
      <R>255</R>
      <G>0</G>
      <B>0</B>
    </TextColor>
    <ButtonDrawTemplate>
      <Normal>A_lunbuttonnormal</Normal>
      <Pressed>A_lunbuttonpressed</Pressed>
      <Flyby>A_lunbuttonflyby</Flyby>
      <Disabled>A_lunbuttondisabled</Disabled>
      <PressedFlyby>A_lunbuttonpressedflyby</PressedFlyby>
    </ButtonDrawTemplate>
    <Font>5</Font>
  </Button>
  <StaticAnimation item="ClassAnim">
    <ScreenID>ClassAnim</ScreenID>
    <Location>
      <X>64</X>
      <Y>50</Y>
    </Location>
    <Size>
      <CX>60</CX>
      <CY>120</CY>
    </Size>
    <Animation>A_ClassAnim01</Animation>
  </StaticAnimation>
  <Screen item="IW_CharacterView">
    <ScreenID>IW_CharacterView</ScreenID>
    <!--<Font>3</Font>-->
    <RelativePosition>true</RelativePosition>
    <Location>
      <X>64</X>
      <Y>50</Y>
    </Location>
    <Size>
      <CX>60</CX>
      <CY>120</CY>
    </Size>
    <Text>Auto Equip</Text>
    <TextColor>
      <R>255</R>
      <G>255</G>
      <B>255</B>
    </TextColor>
    <Style_VScroll>false</Style_VScroll>
    <Style_HScroll>false</Style_HScroll>
    <Style_Transparent>true</Style_Transparent>
    <TooltipReference>Auto Equip</TooltipReference>
    <Style_Titlebar>false</Style_Titlebar>
    <Style_Closebox>false</Style_Closebox>
    <Style_Minimizebox>false</Style_Minimizebox>
    <Style_Border>true</Style_Border>
    <Style_Sizable>false</Style_Sizable>
    <DrawTemplate>WDT_Inner</DrawTemplate>
    <Font>1</Font>
  </Screen>
  <Label item="IW_EquipLabel">
    <ScreenID>EquipLabel</ScreenID>
    <!--<Font>3</Font>-->
    <RelativePosition>true</RelativePosition>
    <Location>
      <X>484</X>
      <Y>392</Y>
    </Location>
    <Size>
      <CX>1</CX>
      <CY>1</CY>
    </Size>
    <Text>Auto Equip Area</Text>
    <TextColor>
      <R>255</R>
      <G>255</G>
      <B>255</B>
    </TextColor>
    <NoWrap>true</NoWrap>
    <AlignCenter>true</AlignCenter>
    <AlignRight>false</AlignRight>
  </Label>
  <Button item="IW_DoneButton">
    <ScreenID>DoneButton</ScreenID>
    <!--<Font>3</Font>-->
    <RelativePosition>true</RelativePosition>
    <Location>
      <X>292</X>
      <Y>453</Y>
    </Location>
    <Size>
      <CX>60</CX>
      <CY>30</CY>
    </Size>
    <Style_Transparent>false</Style_Transparent>
    <!--<TooltipReference/>-->
    <Style_Checkbox>false</Style_Checkbox>
    <!--<RadioGroup/>-->
    <Text>Done</Text>
    <TextColor>
      <R>255</R>
      <G>255</G>
      <B>255</B>
    </TextColor>
    <ButtonDrawTemplate>
      <Normal>A_BtnNormal</Normal>
      <Pressed>A_BtnPressed</Pressed>
      <Flyby>A_BtnFlyby</Flyby>
      <Disabled>A_BtnDisabled</Disabled>
      <PressedFlyby>A_BtnPressedFlyby</PressedFlyby>
    </ButtonDrawTemplate>
    <Font>3</Font>
  </Button>
  <Button item="IW_FacePick">
    <ScreenID>IW_FacePick</ScreenID>
    <!--<Font>3</Font>-->
    <RelativePosition>true</RelativePosition>
    <Location>
      <X>64</X>
      <Y>26</Y>
    </Location>
    <Size>
      <CX>30</CX>
      <CY>25</CY>
    </Size>
    <Style_Transparent>false</Style_Transparent>
    <!--<TooltipReference/>-->
    <Style_Checkbox>false</Style_Checkbox>
    <!--<RadioGroup/>-->
    <Text>Face</Text>
    <TextColor>
      <R>255</R>
      <G>255</G>
      <B>255</B>
    </TextColor>
    <ButtonDrawTemplate>
      <Normal>A_SmallBtnNormal</Normal>
      <Pressed>A_SmallBtnPressed</Pressed>
      <Flyby>A_SmallBtnFlyby</Flyby>
      <Disabled>A_SmallBtnDisabled</Disabled>
      <PressedFlyby>A_SmallBtnPressedFlyby</PressedFlyby>
    </ButtonDrawTemplate>
    <Font>2</Font>
  </Button>
  <Button item="IW_Tinting">
    <ScreenID>IW_Tinting</ScreenID>
    <!--<Font>3</Font>-->
    <RelativePosition>true</RelativePosition>
    <Location>
      <X>64</X>
      <Y>1</Y>
    </Location>
    <Size>
      <CX>30</CX>
      <CY>25</CY>
    </Size>
    <Style_Transparent>false</Style_Transparent>
    <!--<TooltipReference/>-->
    <Style_Checkbox>false</Style_Checkbox>
    <!--<RadioGroup/>-->
    <Text>Tint</Text>
    <TextColor>
      <R>255</R>
      <G>255</G>
      <B>255</B>
    </TextColor>
    <ButtonDrawTemplate>
      <Normal>A_SmallBtnNormal</Normal>
      <Pressed>A_SmallBtnPressed</Pressed>
      <Flyby>A_SmallBtnFlyby</Flyby>
      <Disabled>A_SmallBtnDisabled</Disabled>
      <PressedFlyby>A_SmallBtnPressedFlyby</PressedFlyby>
    </ButtonDrawTemplate>
    <Font>2</Font>
  </Button>
  <Screen item="InventoryWindow">
    <!--<ScreenID/>-->
    <RelativePosition>false</RelativePosition>
    <Location>
      <X>100</X>
      <Y>50</Y>
    </Location>
    <Size>
      <CX>136</CX>
      <CY>181</CY>
    </Size>
    <Text>Inventory</Text>
    <Style_VScroll>false</Style_VScroll>
    <Style_HScroll>false</Style_HScroll>
    <Style_Transparent>false</Style_Transparent>
    <TooltipReference>Inventory</TooltipReference>
    <Style_Titlebar>false</Style_Titlebar>
    <Style_Closebox>false</Style_Closebox>
    <Style_Minimizebox>false</Style_Minimizebox>
    <Style_Border>true</Style_Border>
    <Style_Sizable>false</Style_Sizable>
    <Pieces>IW_CharacterView</Pieces>
    <Pieces>InvSlot0</Pieces>
    <Pieces>InvSlot1</Pieces>
    <Pieces>InvSlot2</Pieces>
    <Pieces>InvSlot3</Pieces>
    <Pieces>InvSlot4</Pieces>
    <Pieces>InvSlot5</Pieces>
    <Pieces>InvSlot6</Pieces>
    <Pieces>InvSlot7</Pieces>
    <Pieces>InvSlot8</Pieces>
    <Pieces>InvSlot9</Pieces>
    <Pieces>InvSlot10</Pieces>
    <Pieces>InvSlot11</Pieces>
    <Pieces>InvSlot12</Pieces>
    <Pieces>InvSlot13</Pieces>
    <Pieces>InvSlot14</Pieces>
    <Pieces>InvSlot15</Pieces>
    <Pieces>InvSlot16</Pieces>
    <Pieces>InvSlot17</Pieces>
    <Pieces>InvSlot18</Pieces>
    <Pieces>InvSlot19</Pieces>
    <Pieces>InvSlot20</Pieces>
    <Pieces>InvSlot21</Pieces>
    <Pieces>InvSlot22</Pieces>
    <Pieces>InvSlot23</Pieces>
    <Pieces>InvSlot24</Pieces>
    <Pieces>InvSlot25</Pieces>
    <Pieces>InvSlot26</Pieces>
    <Pieces>InvSlot27</Pieces>
    <Pieces>InvSlot28</Pieces>
    <Pieces>InvSlot29</Pieces>
    <Pieces>IW_Money0</Pieces>
    <Pieces>IW_Money1</Pieces>
    <Pieces>IW_Money2</Pieces>
    <Pieces>IW_Money3</Pieces>
    <Pieces>IW_Skills</Pieces>
    <Pieces>IW_AltAdvBtn</Pieces>
    <Pieces>IW_Destroy</Pieces>
    <Pieces>IW_Name</Pieces>
    <Pieces>IW_Level</Pieces>
    <Pieces>IW_Class</Pieces>
    <Pieces>IW_Deity</Pieces>
    <Pieces>IW_HP</Pieces>
    <Pieces>IW_CurrentHP</Pieces>
    <Pieces>IW_MaxHP</Pieces>
    <Pieces>IW_HPDivider</Pieces>
    <Pieces>IW_AC</Pieces>
    <Pieces>IW_ACNumber</Pieces>
    <Pieces>IW_ATK</Pieces>
    <Pieces>IW_ATKNumber</Pieces>
    <Pieces>IW_NextLevel</Pieces>
    <Pieces>IW_ExpGauge</Pieces>
    <Pieces>IW_STR</Pieces>
    <Pieces>IW_STRNumber</Pieces>
    <Pieces>IW_STA</Pieces>
    <Pieces>IW_STANumber</Pieces>
    <Pieces>IW_AGI</Pieces>
    <Pieces>IW_AGINumber</Pieces>
    <Pieces>IW_DEX</Pieces>
    <Pieces>IW_DEXNumber</Pieces>
    <Pieces>IW_WIS</Pieces>
    <Pieces>IW_WISNumber</Pieces>
    <Pieces>IW_INT</Pieces>
    <Pieces>IW_INTNumber</Pieces>
    <Pieces>IW_CHA</Pieces>
    <Pieces>IW_CHANumber</Pieces>
    <Pieces>IW_Poison</Pieces>
    <Pieces>IW_PoisonNumber</Pieces>
    <Pieces>IW_Magic</Pieces>
    <Pieces>IW_MagicNumber</Pieces>
    <Pieces>IW_Disease</Pieces>
    <Pieces>IW_DiseaseNumber</Pieces>
    <Pieces>IW_Fire</Pieces>
    <Pieces>IW_FireNumber</Pieces>
    <Pieces>IW_Cold</Pieces>
    <Pieces>IW_ColdNumber</Pieces>
    <Pieces>IW_Weight</Pieces>
    <Pieces>IW_CurrentWeight</Pieces>
    <Pieces>IW_WeightNumber</Pieces>
    <Pieces>IW_MaxWeight</Pieces>
    <Pieces>IW_AltAdv</Pieces>
    <Pieces>IW_AltAdvGauge</Pieces>
    <Pieces>ClassAnim</Pieces>
    <Pieces>IW_DoneButton</Pieces>
    <Pieces>IW_EquipLabel</Pieces>
    <DrawTemplate>WDT_blulun</DrawTemplate>
    <Pieces>IW_Exp_Percent</Pieces>
    <Pieces>IW_AA_Percent</Pieces>
    <Pieces>IW_Lastname</Pieces>
    <Pieces>IW_AAper_label</Pieces>
    <Pieces>IW_aaper_value</Pieces>
    <Pieces>IW_aapttotal_label</Pieces>
    <Pieces>IW_aapttotal_value</Pieces>
    <Pieces>IW_FacePick</Pieces>
    <Pieces>IW_Tinting</Pieces>
  </Screen>
</XML>
