<?xml version = "1.0"?>
<XML ID = "EQInterfaceDefinitionLanguage">
	<Schema xmlns = "EverQuestData" xmlns:dt = "EverQuestDataTypes"/>
<!-- Original by  Heals Data, Modder for LQ By Brujoloco Jun 1 2025 -->
	<!--removed empty space, fixed some small errors, lowered size of file-->
<!-- Define Custom Window Template -->
	<WindowDrawTemplate item = "WDT_Inner2">
		<Background>wnd_bg_light_rock.tga</Background>
		<VSBTemplate>
			<UpButton>
				<Normal>A_VSBUpNormal</Normal>
				<Pressed>A_VSBUpPressed</Pressed>
				<Flyby>A_VSBUpFlyby</Flyby>
				<Disabled>A_VSBUpDisabled</Disabled>
				<PressedFlyby>A_VSBUpPressedFlyby</PressedFlyby>
			</UpButton>
			<DownButton>
				<Normal>A_VSBDownNormal</Normal>
				<Pressed>A_VSBDownPressed</Pressed>
				<Flyby>A_VSBDownFlyby</Flyby>
				<Disabled>A_VSBDownDisabled</Disabled>
				<PressedFlyby>A_VSBDownPressedFlyby</PressedFlyby>
			</DownButton>
			<Thumb>
				<Top>A_VSBThumbTop</Top>
				<Bottom>A_VSBThumbBottom</Bottom>
				<Middle>A_VSBThumbMiddle</Middle>
				<OverlapLeft>0</OverlapLeft>
				<OverlapTop>0</OverlapTop>
				<OverlapRight>0</OverlapRight>
				<OverlapBottom>0</OverlapBottom>
			</Thumb>
			<MiddleTextureInfo>scrollbar_gutter.tga</MiddleTextureInfo>
			<MiddleTint>
				<Alpha>255</Alpha>
				<R>128</R>
				<G>128</G>
				<B>128</B>
			</MiddleTint>
		</VSBTemplate>
		<HSBTemplate>
			<UpButton>
				<Normal>A_HSBLeftNormal</Normal>
				<Pressed>A_HSBLeftPressed</Pressed>
				<Flyby>A_HSBLeftFlyby</Flyby>
				<Disabled>A_HSBLeftDisabled</Disabled>
				<PressedFlyby>A_HSBLeftPressedFlyby</PressedFlyby>
			</UpButton>
			<DownButton>
				<Normal>A_HSBRightNormal</Normal>
				<Pressed>A_HSBRightPressed</Pressed>
				<Flyby>A_HSBRightFlyby</Flyby>
				<Disabled>A_HSBRightDisabled</Disabled>
				<PressedFlyby>A_HSBRightPressedFlyby</PressedFlyby>
			</DownButton>
			<Thumb>
				<Right>A_HSBThumbRight</Right>
				<Left>A_HSBThumbLeft</Left>
				<Middle>A_HSBThumbMiddle</Middle>
				<OverlapLeft>0</OverlapLeft>
				<OverlapTop>0</OverlapTop>
				<OverlapRight>0</OverlapRight>
				<OverlapBottom>0</OverlapBottom>
			</Thumb>
			<MiddleTextureInfo>scrollbar_gutter.tga</MiddleTextureInfo>
			<MiddleTint>
				<Alpha>255</Alpha>
				<R>128</R>
				<G>128</G>
				<B>128</B>
			</MiddleTint>
		</HSBTemplate>
		<CloseBox>
			<Normal>A_CloseBtnNormal</Normal>
			<Pressed>A_CloseBtnPressed</Pressed>
			<Flyby>A_CloseBtnFlyby</Flyby>
			<Disabled>A_CloseBtnDisabled</Disabled>
			<PressedFlyby>A_CloseBtnPressedFlyby</PressedFlyby>
		</CloseBox>
		<MinimizeBox>
			<Normal>A_MinimizeBtnNormal</Normal>
			<Pressed>A_MinimizeBtnPressed</Pressed>
			<Flyby>A_MinimizeBtnFlyby</Flyby>
			<Disabled>A_MinimizeBtnDisabled</Disabled>
			<PressedFlyby>A_MinimizeBtnPressedFlyby</PressedFlyby>
		</MinimizeBox>
		<TileBox>
			<Normal>A_TileBtnNormal</Normal>
			<Pressed>A_TileBtnPressed</Pressed>
			<Flyby>A_TileBtnFlyby</Flyby>
			<Disabled>A_TileBtnDisabled</Disabled>
			<PressedFlyby>A_TileBtnPressedFlyby</PressedFlyby>
		</TileBox>
		<Border>
			<TopLeft>A_InnerFrameTopLeft</TopLeft>
			<Top>A_InnerFrameTop</Top>
			<TopRight>A_InnerFrameTopRight</TopRight>
			<RightTop>A_InnerFrameRight</RightTop>
			<Right>A_InnerFrameRight</Right>
			<RightBottom>A_InnerFrameRight</RightBottom>
			<BottomRight>A_InnerFrameBottomRight</BottomRight>
			<Bottom>A_InnerFrameBottom</Bottom>
			<BottomLeft>A_InnerFrameBottomLeft</BottomLeft>
			<LeftTop>A_InnerFrameLeft</LeftTop>
			<Left>A_InnerFrameLeft</Left>
			<LeftBottom>A_InnerFrameLeft</LeftBottom>
			<OverlapLeft>0</OverlapLeft>
			<OverlapTop>0</OverlapTop>
			<OverlapRight>0</OverlapRight>
			<OverlapBottom>0</OverlapBottom>
		</Border>
		<Titlebar>
			<Right>A_WindowTitleRight</Right>
			<Left>A_WindowTitleLeft</Left>
			<Middle>A_WindowTitleMiddle</Middle>
			<OverlapLeft>0</OverlapLeft>
			<OverlapTop>0</OverlapTop>
			<OverlapRight>0</OverlapRight>
			<OverlapBottom>0</OverlapBottom>
		</Titlebar>
	</WindowDrawTemplate>
	<Label item ="MW_MerchantName">
		<ScreenID>MW_MerchantName</ScreenID>
		<RelativePosition>true</RelativePosition>
		<Location>
			<X>0</X>
			<Y>6</Y>
		</Location>
		<Size>
			<CX>263</CX>
			<CY>30</CY>
		</Size>
		<Text>Stable Hand Brack</Text>
		<TextColor>
				<R>255</R>
				<G>255</G>
				<B>255</B>
		</TextColor>
		<NoWrap>false</NoWrap>
		<AlignCenter>true</AlignCenter>
		<AlignRight>false</AlignRight>
	</Label>
<!-- Start First Column -->
	<InvSlot item = "MW_MerchantSlot0">
		<ScreenID>MW_MerchantSlot0</ScreenID>
		<RelativePosition>true</RelativePosition>
		<Location>
			<X>0</X>
			<Y>0</Y>
		</Location>
		<Size>
			<CX>30</CX>
			<CY>30</CY>
		</Size>
		<Background>A_RecessedBox</Background>
		<EQType>6000</EQType>
		<ItemOffsetX>2</ItemOffsetX>
		<ItemOffsetY>2</ItemOffsetY>
	</InvSlot>
	<InvSlot item = "MW_MerchantSlot1">
		<ScreenID>MW_MerchantSlot1</ScreenID>
		<RelativePosition>true</RelativePosition>
		<Location>
			<X>30</X>
			<Y>0</Y>
		</Location>
		<Size>
			<CX>30</CX>
			<CY>30</CY>
		</Size>
		<Background>A_RecessedBox</Background>
		<EQType>6001</EQType>
		<ItemOffsetX>2</ItemOffsetX>
		<ItemOffsetY>2</ItemOffsetY>
	</InvSlot>
	<InvSlot item = "MW_MerchantSlot2">
		<ScreenID>MW_MerchantSlot2</ScreenID>
		<RelativePosition>true</RelativePosition>
		<Location>
			<X>0</X>
			<Y>30</Y>
		</Location>
		<Size>
			<CX>30</CX>
			<CY>30</CY>
		</Size>
		<Background>A_RecessedBox</Background>
		<EQType>6002</EQType>
		<ItemOffsetX>2</ItemOffsetX>
		<ItemOffsetY>2</ItemOffsetY>
	</InvSlot>
	<InvSlot item = "MW_MerchantSlot3">
		<ScreenID>MW_MerchantSlot3</ScreenID>
		<RelativePosition>true</RelativePosition>
		<Location>
			<X>30</X>
			<Y>30</Y>
		</Location>
		<Size>
			<CX>30</CX>
			<CY>30</CY>
		</Size>
		<Background>A_RecessedBox</Background>
		<EQType>6003</EQType>
		<ItemOffsetX>2</ItemOffsetX>
		<ItemOffsetY>2</ItemOffsetY>
	</InvSlot>
	<InvSlot item = "MW_MerchantSlot4">
		<ScreenID>MW_MerchantSlot4</ScreenID>
		<RelativePosition>true</RelativePosition>
		<Location>
			<X>0</X>
			<Y>60</Y>
		</Location>
		<Size>
			<CX>30</CX>
			<CY>30</CY>
		</Size>
		<Background>A_RecessedBox</Background>
		<EQType>6004</EQType>
		<ItemOffsetX>2</ItemOffsetX>
		<ItemOffsetY>2</ItemOffsetY>
	</InvSlot>
	<InvSlot item = "MW_MerchantSlot5">
		<ScreenID>MW_MerchantSlot5</ScreenID>
		<RelativePosition>true</RelativePosition>
		<Location>
			<X>30</X>
			<Y>60</Y>
		</Location>
		<Size>
			<CX>30</CX>
			<CY>30</CY>
		</Size>
		<Background>A_RecessedBox</Background>
		<EQType>6005</EQType>
		<ItemOffsetX>2</ItemOffsetX>
		<ItemOffsetY>2</ItemOffsetY>
	</InvSlot>
	<InvSlot item = "MW_MerchantSlot6">
		<ScreenID>MW_MerchantSlot6</ScreenID>
		<RelativePosition>true</RelativePosition>
		<Location>
			<X>0</X>
			<Y>90</Y>
		</Location>
		<Size>
			<CX>30</CX>
			<CY>30</CY>
		</Size>
		<Background>A_RecessedBox</Background>
		<EQType>6006</EQType>
		<ItemOffsetX>2</ItemOffsetX>
		<ItemOffsetY>2</ItemOffsetY>
	</InvSlot>
	<InvSlot item = "MW_MerchantSlot7">
		<ScreenID>MW_MerchantSlot7</ScreenID>
		<RelativePosition>true</RelativePosition>
		<Location>
			<X>30</X>
			<Y>90</Y>
		</Location>
		<Size>
			<CX>30</CX>
			<CY>30</CY>
		</Size>
		<Background>A_RecessedBox</Background>
		<EQType>6007</EQType>
		<ItemOffsetX>2</ItemOffsetX>
		<ItemOffsetY>2</ItemOffsetY>
	</InvSlot>
	<InvSlot item = "MW_MerchantSlot8">
		<ScreenID>MW_MerchantSlot8</ScreenID>
		<RelativePosition>true</RelativePosition>
		<Location>
			<X>0</X>
			<Y>120</Y>
		</Location>
		<Size>
			<CX>30</CX>
			<CY>30</CY>
		</Size>
		<Background>A_RecessedBox</Background>
		<EQType>6008</EQType>
		<ItemOffsetX>2</ItemOffsetX>
		<ItemOffsetY>2</ItemOffsetY>
	</InvSlot>
	<InvSlot item = "MW_MerchantSlot9">
		<ScreenID>MW_MerchantSlot9</ScreenID>
		<RelativePosition>true</RelativePosition>
		<Location>
			<X>30</X>
			<Y>120</Y>
		</Location>
		<Size>
			<CX>30</CX>
			<CY>30</CY>
		</Size>
		<Background>A_RecessedBox</Background>
		<EQType>6009</EQType>
		<ItemOffsetX>2</ItemOffsetX>
		<ItemOffsetY>2</ItemOffsetY>
	</InvSlot>
	<InvSlot item = "MW_MerchantSlot10">
		<ScreenID>MW_MerchantSlot10</ScreenID>
		<RelativePosition>true</RelativePosition>
		<Location>
			<X>0</X>
			<Y>150</Y>
		</Location>
		<Size>
			<CX>30</CX>
			<CY>30</CY>
		</Size>
		<Background>A_RecessedBox</Background>
		<EQType>6010</EQType>
		<ItemOffsetX>2</ItemOffsetX>
		<ItemOffsetY>2</ItemOffsetY>
	</InvSlot>
	<InvSlot item = "MW_MerchantSlot11">
		<ScreenID>MW_MerchantSlot11</ScreenID>
		<RelativePosition>true</RelativePosition>
		<Location>
			<X>30</X>
			<Y>150</Y>
		</Location>
		<Size>
			<CX>30</CX>
			<CY>30</CY>
		</Size>
		<Background>A_RecessedBox</Background>
		<EQType>6011</EQType>
		<ItemOffsetX>2</ItemOffsetX>
		<ItemOffsetY>2</ItemOffsetY>
	</InvSlot>
	<InvSlot item = "MW_MerchantSlot12">
		<ScreenID>MW_MerchantSlot12</ScreenID>
		<RelativePosition>true</RelativePosition>
		<Location>
			<X>0</X>
			<Y>180</Y>
		</Location>
		<Size>
			<CX>30</CX>
			<CY>30</CY>
		</Size>
		<Background>A_RecessedBox</Background>
		<EQType>6012</EQType>
		<ItemOffsetX>2</ItemOffsetX>
		<ItemOffsetY>2</ItemOffsetY>
	</InvSlot>
	<InvSlot item = "MW_MerchantSlot13">
		<ScreenID>MW_MerchantSlot13</ScreenID>
		<RelativePosition>true</RelativePosition>
		<Location>
			<X>30</X>
			<Y>180</Y>
		</Location>
		<Size>
			<CX>30</CX>
			<CY>30</CY>
		</Size>
		<Background>A_RecessedBox</Background>
		<EQType>6013</EQType>
		<ItemOffsetX>2</ItemOffsetX>
		<ItemOffsetY>2</ItemOffsetY>
	</InvSlot>
	<InvSlot item = "MW_MerchantSlot14">
		<ScreenID>MW_MerchantSlot14</ScreenID>
		<RelativePosition>true</RelativePosition>
		<Location>
			<X>0</X>
			<Y>210</Y>
		</Location>
		<Size>
			<CX>30</CX>
			<CY>30</CY>
		</Size>
		<Background>A_RecessedBox</Background>
		<EQType>6014</EQType>
		<ItemOffsetX>2</ItemOffsetX>
		<ItemOffsetY>2</ItemOffsetY>
	</InvSlot>
	<InvSlot item = "MW_MerchantSlot15">
		<ScreenID>MW_MerchantSlot15</ScreenID>
		<RelativePosition>true</RelativePosition>
		<Location>
			<X>30</X>
			<Y>210</Y>
		</Location>
		<Size>
			<CX>30</CX>
			<CY>30</CY>
		</Size>
		<Background>A_RecessedBox</Background>
		<EQType>6015</EQType>
		<ItemOffsetX>2</ItemOffsetX>
		<ItemOffsetY>2</ItemOffsetY>
	</InvSlot>
	<InvSlot item = "MW_MerchantSlot16">
		<ScreenID>MW_MerchantSlot16</ScreenID>
		<RelativePosition>true</RelativePosition>
		<Location>
			<X>0</X>
			<Y>240</Y>
		</Location>
		<Size>
			<CX>30</CX>
			<CY>30</CY>
		</Size>
		<Background>A_RecessedBox</Background>
		<EQType>6016</EQType>
		<ItemOffsetX>2</ItemOffsetX>
		<ItemOffsetY>2</ItemOffsetY>
	</InvSlot>
	<InvSlot item = "MW_MerchantSlot17">
		<ScreenID>MW_MerchantSlot17</ScreenID>
		<RelativePosition>true</RelativePosition>
		<Location>
			<X>30</X>
			<Y>240</Y>
		</Location>
		<Size>
			<CX>30</CX>
			<CY>30</CY>
		</Size>
		<Background>A_RecessedBox</Background>
		<EQType>6017</EQType>
		<ItemOffsetX>2</ItemOffsetX>
		<ItemOffsetY>2</ItemOffsetY>
	</InvSlot>
	<InvSlot item = "MW_MerchantSlot18">
		<ScreenID>MW_MerchantSlot18</ScreenID>
		<RelativePosition>true</RelativePosition>
		<Location>
			<X>0</X>
			<Y>270</Y>
		</Location>
		<Size>
			<CX>30</CX>
			<CY>30</CY>
		</Size>
		<Background>A_RecessedBox</Background>
		<EQType>6018</EQType>
		<ItemOffsetX>2</ItemOffsetX>
		<ItemOffsetY>2</ItemOffsetY>
	</InvSlot>
	<InvSlot item = "MW_MerchantSlot19">
		<ScreenID>MW_MerchantSlot19</ScreenID>
		<RelativePosition>true</RelativePosition>
		<Location>
			<X>30</X>
			<Y>270</Y>
		</Location>
		<Size>
			<CX>30</CX>
			<CY>30</CY>
		</Size>
		<Background>A_RecessedBox</Background>
		<EQType>6019</EQType>
		<ItemOffsetX>2</ItemOffsetX>
		<ItemOffsetY>2</ItemOffsetY>
	</InvSlot>
<!-- Start Second Column -->
	<InvSlot item = "MW_MerchantSlot20">
		<ScreenID>MW_MerchantSlot20</ScreenID>
		<RelativePosition>true</RelativePosition>
		<Location>
			<X>65</X>
			<Y>0</Y>
		</Location>
		<Size>
			<CX>30</CX>
			<CY>30</CY>
		</Size>
		<Background>A_RecessedBox</Background>
		<EQType>6020</EQType>
		<ItemOffsetX>2</ItemOffsetX>
		<ItemOffsetY>2</ItemOffsetY>
	</InvSlot>
	<InvSlot item = "MW_MerchantSlot21">
		<ScreenID>MW_MerchantSlot21</ScreenID>
		<RelativePosition>true</RelativePosition>
		<Location>
			<X>95</X>
			<Y>0</Y>
		</Location>
		<Size>
			<CX>30</CX>
			<CY>30</CY>
		</Size>
		<Background>A_RecessedBox</Background>
		<EQType>6021</EQType>
		<ItemOffsetX>2</ItemOffsetX>
		<ItemOffsetY>2</ItemOffsetY>
	</InvSlot>
	<InvSlot item = "MW_MerchantSlot22">
		<ScreenID>MW_MerchantSlot22</ScreenID>
		<RelativePosition>true</RelativePosition>
		<Location>
			<X>65</X>
			<Y>30</Y>
		</Location>
		<Size>
			<CX>30</CX>
			<CY>30</CY>
		</Size>
		<Background>A_RecessedBox</Background>
		<EQType>6022</EQType>
		<ItemOffsetX>2</ItemOffsetX>
		<ItemOffsetY>2</ItemOffsetY>
	</InvSlot>
	<InvSlot item = "MW_MerchantSlot23">
		<ScreenID>MW_MerchantSlot23</ScreenID>
		<RelativePosition>true</RelativePosition>
		<Location>
			<X>95</X>
			<Y>30</Y>
		</Location>
		<Size>
			<CX>30</CX>
			<CY>30</CY>
		</Size>
		<Background>A_RecessedBox</Background>
		<EQType>6023</EQType>
		<ItemOffsetX>2</ItemOffsetX>
		<ItemOffsetY>2</ItemOffsetY>
	</InvSlot>
	<InvSlot item = "MW_MerchantSlot24">
		<ScreenID>MW_MerchantSlot24</ScreenID>
		<RelativePosition>true</RelativePosition>
		<Location>
			<X>65</X>
			<Y>60</Y>
		</Location>
		<Size>
			<CX>30</CX>
			<CY>30</CY>
		</Size>
		<Background>A_RecessedBox</Background>
		<EQType>6024</EQType>
		<ItemOffsetX>2</ItemOffsetX>
		<ItemOffsetY>2</ItemOffsetY>
	</InvSlot>
	<InvSlot item = "MW_MerchantSlot25">
		<ScreenID>MW_MerchantSlot25</ScreenID>
		<RelativePosition>true</RelativePosition>
		<Location>
			<X>95</X>
			<Y>60</Y>
		</Location>
		<Size>
			<CX>30</CX>
			<CY>30</CY>
		</Size>
		<Background>A_RecessedBox</Background>
		<EQType>6025</EQType>
		<ItemOffsetX>2</ItemOffsetX>
		<ItemOffsetY>2</ItemOffsetY>
	</InvSlot>
	<InvSlot item = "MW_MerchantSlot26">
		<ScreenID>MW_MerchantSlot26</ScreenID>
		<RelativePosition>true</RelativePosition>
		<Location>
			<X>65</X>
			<Y>90</Y>
		</Location>
		<Size>
			<CX>30</CX>
			<CY>30</CY>
		</Size>
		<Background>A_RecessedBox</Background>
		<EQType>6026</EQType>
		<ItemOffsetX>2</ItemOffsetX>
		<ItemOffsetY>2</ItemOffsetY>
	</InvSlot>
	<InvSlot item = "MW_MerchantSlot27">
		<ScreenID>MW_MerchantSlot27</ScreenID>
		<RelativePosition>true</RelativePosition>
		<Location>
			<X>95</X>
			<Y>90</Y>
		</Location>
		<Size>
			<CX>30</CX>
			<CY>30</CY>
		</Size>
		<Background>A_RecessedBox</Background>
		<EQType>6027</EQType>
		<ItemOffsetX>2</ItemOffsetX>
		<ItemOffsetY>2</ItemOffsetY>
	</InvSlot>
	<InvSlot item = "MW_MerchantSlot28">
		<ScreenID>MW_MerchantSlot28</ScreenID>
		<RelativePosition>true</RelativePosition>
		<Location>
			<X>65</X>
			<Y>120</Y>
		</Location>
		<Size>
			<CX>30</CX>
			<CY>30</CY>
		</Size>
		<Background>A_RecessedBox</Background>
		<EQType>6028</EQType>
		<ItemOffsetX>2</ItemOffsetX>
		<ItemOffsetY>2</ItemOffsetY>
	</InvSlot>
	<InvSlot item = "MW_MerchantSlot29">
		<ScreenID>MW_MerchantSlot29</ScreenID>
		<RelativePosition>true</RelativePosition>
		<Location>
			<X>95</X>
			<Y>120</Y>
		</Location>
		<Size>
			<CX>30</CX>
			<CY>30</CY>
		</Size>
		<Background>A_RecessedBox</Background>
		<EQType>6029</EQType>
		<ItemOffsetX>2</ItemOffsetX>
		<ItemOffsetY>2</ItemOffsetY>
	</InvSlot>
	<InvSlot item = "MW_MerchantSlot30">
		<ScreenID>MW_MerchantSlot30</ScreenID>
		<RelativePosition>true</RelativePosition>
		<Location>
			<X>65</X>
			<Y>150</Y>
		</Location>
		<Size>
			<CX>30</CX>
			<CY>30</CY>
		</Size>
		<Background>A_RecessedBox</Background>
		<EQType>6030</EQType>
		<ItemOffsetX>2</ItemOffsetX>
		<ItemOffsetY>2</ItemOffsetY>
	</InvSlot>
	<InvSlot item = "MW_MerchantSlot31">
		<ScreenID>MW_MerchantSlot31</ScreenID>
		<RelativePosition>true</RelativePosition>
		<Location>
			<X>95</X>
			<Y>150</Y>
		</Location>
		<Size>
			<CX>30</CX>
			<CY>30</CY>
		</Size>
		<Background>A_RecessedBox</Background>
		<EQType>6031</EQType>
		<ItemOffsetX>2</ItemOffsetX>
		<ItemOffsetY>2</ItemOffsetY>
	</InvSlot>
	<InvSlot item = "MW_MerchantSlot32">
		<ScreenID>MW_MerchantSlot32</ScreenID>
		<RelativePosition>true</RelativePosition>
		<Location>
			<X>65</X>
			<Y>180</Y>
		</Location>
		<Size>
			<CX>30</CX>
			<CY>30</CY>
		</Size>
		<Background>A_RecessedBox</Background>
		<EQType>6032</EQType>
		<ItemOffsetX>2</ItemOffsetX>
		<ItemOffsetY>2</ItemOffsetY>
	</InvSlot>
	<InvSlot item = "MW_MerchantSlot33">
		<ScreenID>MW_MerchantSlot33</ScreenID>
		<RelativePosition>true</RelativePosition>
		<Location>
			<X>95</X>
			<Y>180</Y>
		</Location>
		<Size>
			<CX>30</CX>
			<CY>30</CY>
		</Size>
		<Background>A_RecessedBox</Background>
		<EQType>6033</EQType>
		<ItemOffsetX>2</ItemOffsetX>
		<ItemOffsetY>2</ItemOffsetY>
	</InvSlot>
	<InvSlot item = "MW_MerchantSlot34">
		<ScreenID>MW_MerchantSlot34</ScreenID>
		<RelativePosition>true</RelativePosition>
		<Location>
			<X>65</X>
			<Y>210</Y>
		</Location>
		<Size>
			<CX>30</CX>
			<CY>30</CY>
		</Size>
		<Background>A_RecessedBox</Background>
		<EQType>6034</EQType>
		<ItemOffsetX>2</ItemOffsetX>
		<ItemOffsetY>2</ItemOffsetY>
	</InvSlot>
	<InvSlot item = "MW_MerchantSlot35">
		<ScreenID>MW_MerchantSlot35</ScreenID>
		<RelativePosition>true</RelativePosition>
		<Location>
			<X>95</X>
			<Y>210</Y>
		</Location>
		<Size>
			<CX>30</CX>
			<CY>30</CY>
		</Size>
		<Background>A_RecessedBox</Background>
		<EQType>6035</EQType>
		<ItemOffsetX>2</ItemOffsetX>
		<ItemOffsetY>2</ItemOffsetY>
	</InvSlot>
	<InvSlot item = "MW_MerchantSlot36">
		<ScreenID>MW_MerchantSlot36</ScreenID>
		<RelativePosition>true</RelativePosition>
		<Location>
			<X>65</X>
			<Y>240</Y>
		</Location>
		<Size>
			<CX>30</CX>
			<CY>30</CY>
		</Size>
		<Background>A_RecessedBox</Background>
		<EQType>6036</EQType>
		<ItemOffsetX>2</ItemOffsetX>
		<ItemOffsetY>2</ItemOffsetY>
	</InvSlot>
	<InvSlot item = "MW_MerchantSlot37">
		<ScreenID>MW_MerchantSlot37</ScreenID>
		<RelativePosition>true</RelativePosition>
		<Location>
			<X>95</X>
			<Y>240</Y>
		</Location>
		<Size>
			<CX>30</CX>
			<CY>30</CY>
		</Size>
		<Background>A_RecessedBox</Background>
		<EQType>6037</EQType>
		<ItemOffsetX>2</ItemOffsetX>
		<ItemOffsetY>2</ItemOffsetY>
	</InvSlot>
	<InvSlot item = "MW_MerchantSlot38">
		<ScreenID>MW_MerchantSlot38</ScreenID>
		<RelativePosition>true</RelativePosition>
		<Location>
			<X>65</X>
			<Y>270</Y>
		</Location>
		<Size>
			<CX>30</CX>
			<CY>30</CY>
		</Size>
		<Background>A_RecessedBox</Background>
		<EQType>6038</EQType>
		<ItemOffsetX>2</ItemOffsetX>
		<ItemOffsetY>2</ItemOffsetY>
	</InvSlot>
	<InvSlot item = "MW_MerchantSlot39">
		<ScreenID>MW_MerchantSlot39</ScreenID>
		<RelativePosition>true</RelativePosition>
		<Location>
			<X>95</X>
			<Y>270</Y>
		</Location>
		<Size>
			<CX>30</CX>
			<CY>30</CY>
		</Size>
		<Background>A_RecessedBox</Background>
		<EQType>6039</EQType>
		<ItemOffsetX>2</ItemOffsetX>
		<ItemOffsetY>2</ItemOffsetY>
	</InvSlot>
<!-- Start Third Column -->
	<InvSlot item = "MW_MerchantSlot40">
		<ScreenID>MW_MerchantSlot40</ScreenID>
		<RelativePosition>true</RelativePosition>
		<Location>
			<X>130</X>
			<Y>0</Y>
		</Location>
		<Size>
			<CX>30</CX>
			<CY>30</CY>
		</Size>
		<Background>A_RecessedBox</Background>
		<EQType>6040</EQType>
		<ItemOffsetX>2</ItemOffsetX>
		<ItemOffsetY>2</ItemOffsetY>
	</InvSlot>
	<InvSlot item = "MW_MerchantSlot41">
		<ScreenID>MW_MerchantSlot41</ScreenID>
		<RelativePosition>true</RelativePosition>
		<Location>
			<X>160</X>
			<Y>0</Y>
		</Location>
		<Size>
			<CX>30</CX>
			<CY>30</CY>
		</Size>
		<Background>A_RecessedBox</Background>
		<EQType>6041</EQType>
		<ItemOffsetX>2</ItemOffsetX>
		<ItemOffsetY>2</ItemOffsetY>
	</InvSlot>
	<InvSlot item = "MW_MerchantSlot42">
		<ScreenID>MW_MerchantSlot42</ScreenID>
		<RelativePosition>true</RelativePosition>
		<Location>
			<X>130</X>
			<Y>30</Y>
		</Location>
		<Size>
			<CX>30</CX>
			<CY>30</CY>
		</Size>
		<Background>A_RecessedBox</Background>
		<EQType>6042</EQType>
		<ItemOffsetX>2</ItemOffsetX>
		<ItemOffsetY>2</ItemOffsetY>
	</InvSlot>
	<InvSlot item = "MW_MerchantSlot43">
		<ScreenID>MW_MerchantSlot43</ScreenID>
		<RelativePosition>true</RelativePosition>
		<Location>
			<X>160</X>
			<Y>30</Y>
		</Location>
		<Size>
			<CX>30</CX>
			<CY>30</CY>
		</Size>
		<Background>A_RecessedBox</Background>
		<EQType>6043</EQType>
		<ItemOffsetX>2</ItemOffsetX>
		<ItemOffsetY>2</ItemOffsetY>
	</InvSlot>
	<InvSlot item = "MW_MerchantSlot44">
		<ScreenID>MW_MerchantSlot44</ScreenID>
		<RelativePosition>true</RelativePosition>
		<Location>
			<X>130</X>
			<Y>60</Y>
		</Location>
		<Size>
			<CX>30</CX>
			<CY>30</CY>
		</Size>
		<Background>A_RecessedBox</Background>
		<EQType>6044</EQType>
		<ItemOffsetX>2</ItemOffsetX>
		<ItemOffsetY>2</ItemOffsetY>
	</InvSlot>
	<InvSlot item = "MW_MerchantSlot45">
		<ScreenID>MW_MerchantSlot45</ScreenID>
		<RelativePosition>true</RelativePosition>
		<Location>
			<X>160</X>
			<Y>60</Y>
		</Location>
		<Size>
			<CX>30</CX>
			<CY>30</CY>
		</Size>
		<Background>A_RecessedBox</Background>
		<EQType>6045</EQType>
		<ItemOffsetX>2</ItemOffsetX>
		<ItemOffsetY>2</ItemOffsetY>
	</InvSlot>
	<InvSlot item = "MW_MerchantSlot46">
		<ScreenID>MW_MerchantSlot46</ScreenID>
		<RelativePosition>true</RelativePosition>
		<Location>
			<X>130</X>
			<Y>90</Y>
		</Location>
		<Size>
			<CX>30</CX>
			<CY>30</CY>
		</Size>
		<Background>A_RecessedBox</Background>
		<EQType>6046</EQType>
		<ItemOffsetX>2</ItemOffsetX>
		<ItemOffsetY>2</ItemOffsetY>
	</InvSlot>
	<InvSlot item = "MW_MerchantSlot47">
		<ScreenID>MW_MerchantSlot47</ScreenID>
		<RelativePosition>true</RelativePosition>
		<Location>
			<X>160</X>
			<Y>90</Y>
		</Location>
		<Size>
			<CX>30</CX>
			<CY>30</CY>
		</Size>
		<Background>A_RecessedBox</Background>
		<EQType>6047</EQType>
		<ItemOffsetX>2</ItemOffsetX>
		<ItemOffsetY>2</ItemOffsetY>
	</InvSlot>
	<InvSlot item = "MW_MerchantSlot48">
		<ScreenID>MW_MerchantSlot48</ScreenID>
		<RelativePosition>true</RelativePosition>
		<Location>
			<X>130</X>
			<Y>120</Y>
		</Location>
		<Size>
			<CX>30</CX>
			<CY>30</CY>
		</Size>
		<Background>A_RecessedBox</Background>
		<EQType>6048</EQType>
		<ItemOffsetX>2</ItemOffsetX>
		<ItemOffsetY>2</ItemOffsetY>
	</InvSlot>
	<InvSlot item = "MW_MerchantSlot49">
		<ScreenID>MW_MerchantSlot49</ScreenID>
		<RelativePosition>true</RelativePosition>
		<Location>
			<X>160</X>
			<Y>120</Y>
		</Location>
		<Size>
			<CX>30</CX>
			<CY>30</CY>
		</Size>
		<Background>A_RecessedBox</Background>
		<EQType>6049</EQType>
		<ItemOffsetX>2</ItemOffsetX>
		<ItemOffsetY>2</ItemOffsetY>
	</InvSlot>
	<InvSlot item = "MW_MerchantSlot50">
		<ScreenID>MW_MerchantSlot50</ScreenID>
		<RelativePosition>true</RelativePosition>
		<Location>
			<X>130</X>
			<Y>150</Y>
		</Location>
		<Size>
			<CX>30</CX>
			<CY>30</CY>
		</Size>
		<Background>A_RecessedBox</Background>
		<EQType>6050</EQType>
		<ItemOffsetX>2</ItemOffsetX>
		<ItemOffsetY>2</ItemOffsetY>
	</InvSlot>
	<InvSlot item = "MW_MerchantSlot51">
		<ScreenID>MW_MerchantSlot51</ScreenID>
		<RelativePosition>true</RelativePosition>
		<Location>
			<X>160</X>
			<Y>150</Y>
		</Location>
		<Size>
			<CX>30</CX>
			<CY>30</CY>
		</Size>
		<Background>A_RecessedBox</Background>
		<EQType>6051</EQType>
		<ItemOffsetX>2</ItemOffsetX>
		<ItemOffsetY>2</ItemOffsetY>
	</InvSlot>
	<InvSlot item = "MW_MerchantSlot52">
		<ScreenID>MW_MerchantSlot52</ScreenID>
		<RelativePosition>true</RelativePosition>
		<Location>
			<X>130</X>
			<Y>180</Y>
		</Location>
		<Size>
			<CX>30</CX>
			<CY>30</CY>
		</Size>
		<Background>A_RecessedBox</Background>
		<EQType>6052</EQType>
		<ItemOffsetX>2</ItemOffsetX>
		<ItemOffsetY>2</ItemOffsetY>
	</InvSlot>
	<InvSlot item = "MW_MerchantSlot53">
		<ScreenID>MW_MerchantSlot53</ScreenID>
		<RelativePosition>true</RelativePosition>
		<Location>
			<X>160</X>
			<Y>180</Y>
		</Location>
		<Size>
			<CX>30</CX>
			<CY>30</CY>
		</Size>
		<Background>A_RecessedBox</Background>
		<EQType>6053</EQType>
		<ItemOffsetX>2</ItemOffsetX>
		<ItemOffsetY>2</ItemOffsetY>
	</InvSlot>
	<InvSlot item = "MW_MerchantSlot54">
		<ScreenID>MW_MerchantSlot54</ScreenID>
		<RelativePosition>true</RelativePosition>
		<Location>
			<X>130</X>
			<Y>210</Y>
		</Location>
		<Size>
			<CX>30</CX>
			<CY>30</CY>
		</Size>
		<Background>A_RecessedBox</Background>
		<EQType>6054</EQType>
		<ItemOffsetX>2</ItemOffsetX>
		<ItemOffsetY>2</ItemOffsetY>
	</InvSlot>
	<InvSlot item = "MW_MerchantSlot55">
		<ScreenID>MW_MerchantSlot55</ScreenID>
		<RelativePosition>true</RelativePosition>
		<Location>
			<X>160</X>
			<Y>210</Y>
		</Location>
		<Size>
			<CX>30</CX>
			<CY>30</CY>
		</Size>
		<Background>A_RecessedBox</Background>
		<EQType>6055</EQType>
		<ItemOffsetX>2</ItemOffsetX>
		<ItemOffsetY>2</ItemOffsetY>
	</InvSlot>
	<InvSlot item = "MW_MerchantSlot56">
		<ScreenID>MW_MerchantSlot56</ScreenID>
		<RelativePosition>true</RelativePosition>
		<Location>
			<X>130</X>
			<Y>240</Y>
		</Location>
		<Size>
			<CX>30</CX>
			<CY>30</CY>
		</Size>
		<Background>A_RecessedBox</Background>
		<EQType>6056</EQType>
		<ItemOffsetX>2</ItemOffsetX>
		<ItemOffsetY>2</ItemOffsetY>
	</InvSlot>
	<InvSlot item = "MW_MerchantSlot57">
		<ScreenID>MW_MerchantSlot57</ScreenID>
		<RelativePosition>true</RelativePosition>
		<Location>
			<X>160</X>
			<Y>240</Y>
		</Location>
		<Size>
			<CX>30</CX>
			<CY>30</CY>
		</Size>
		<Background>A_RecessedBox</Background>
		<EQType>6057</EQType>
		<ItemOffsetX>2</ItemOffsetX>
		<ItemOffsetY>2</ItemOffsetY>
	</InvSlot>
	<InvSlot item = "MW_MerchantSlot58">
		<ScreenID>MW_MerchantSlot58</ScreenID>
		<RelativePosition>true</RelativePosition>
		<Location>
			<X>130</X>
			<Y>270</Y>
		</Location>
		<Size>
			<CX>30</CX>
			<CY>30</CY>
		</Size>
		<Background>A_RecessedBox</Background>
		<EQType>6058</EQType>
		<ItemOffsetX>2</ItemOffsetX>
		<ItemOffsetY>2</ItemOffsetY>
	</InvSlot>
	<InvSlot item = "MW_MerchantSlot59">
		<ScreenID>MW_MerchantSlot59</ScreenID>
		<RelativePosition>true</RelativePosition>
		<Location>
			<X>160</X>
			<Y>270</Y>
		</Location>
		<Size>
			<CX>30</CX>
			<CY>30</CY>
		</Size>
		<Background>A_RecessedBox</Background>
		<EQType>6059</EQType>
		<ItemOffsetX>2</ItemOffsetX>
		<ItemOffsetY>2</ItemOffsetY>
	</InvSlot>
<!-- Start Fourth Column -->
	<InvSlot item = "MW_MerchantSlot60">
		<ScreenID>MW_MerchantSlot60</ScreenID>
		<RelativePosition>true</RelativePosition>
		<Location>
			<X>195</X>
			<Y>0</Y>
		</Location>
		<Size>
			<CX>30</CX>
			<CY>30</CY>
		</Size>
		<Background>A_RecessedBox</Background>
		<EQType>6060</EQType>
		<ItemOffsetX>2</ItemOffsetX>
		<ItemOffsetY>2</ItemOffsetY>
	</InvSlot>
	<InvSlot item = "MW_MerchantSlot61">
		<ScreenID>MW_MerchantSlot61</ScreenID>
		<RelativePosition>true</RelativePosition>
		<Location>
			<X>225</X>
			<Y>0</Y>
		</Location>
		<Size>
			<CX>30</CX>
			<CY>30</CY>
		</Size>
		<Background>A_RecessedBox</Background>
		<EQType>6061</EQType>
		<ItemOffsetX>2</ItemOffsetX>
		<ItemOffsetY>2</ItemOffsetY>
	</InvSlot>
	<InvSlot item = "MW_MerchantSlot62">
		<ScreenID>MW_MerchantSlot62</ScreenID>
		<RelativePosition>true</RelativePosition>
		<Location>
			<X>195</X>
			<Y>30</Y>
		</Location>
		<Size>
			<CX>30</CX>
			<CY>30</CY>
		</Size>
		<Background>A_RecessedBox</Background>
		<EQType>6062</EQType>
		<ItemOffsetX>2</ItemOffsetX>
		<ItemOffsetY>2</ItemOffsetY>
	</InvSlot>
	<InvSlot item = "MW_MerchantSlot63">
		<ScreenID>MW_MerchantSlot63</ScreenID>
		<RelativePosition>true</RelativePosition>
		<Location>
			<X>225</X>
			<Y>30</Y>
		</Location>
		<Size>
			<CX>30</CX>
			<CY>30</CY>
		</Size>
		<Background>A_RecessedBox</Background>
		<EQType>6063</EQType>
		<ItemOffsetX>2</ItemOffsetX>
		<ItemOffsetY>2</ItemOffsetY>
	</InvSlot>
	<InvSlot item = "MW_MerchantSlot64">
		<ScreenID>MW_MerchantSlot64</ScreenID>
		<RelativePosition>true</RelativePosition>
		<Location>
			<X>195</X>
			<Y>60</Y>
		</Location>
		<Size>
			<CX>30</CX>
			<CY>30</CY>
		</Size>
		<Background>A_RecessedBox</Background>
		<EQType>6064</EQType>
		<ItemOffsetX>2</ItemOffsetX>
		<ItemOffsetY>2</ItemOffsetY>
	</InvSlot>
	<InvSlot item = "MW_MerchantSlot65">
		<ScreenID>MW_MerchantSlot65</ScreenID>
		<RelativePosition>true</RelativePosition>
		<Location>
			<X>225</X>
			<Y>60</Y>
		</Location>
		<Size>
			<CX>30</CX>
			<CY>30</CY>
		</Size>
		<Background>A_RecessedBox</Background>
		<EQType>6065</EQType>
		<ItemOffsetX>2</ItemOffsetX>
		<ItemOffsetY>2</ItemOffsetY>
	</InvSlot>
	<InvSlot item = "MW_MerchantSlot66">
		<ScreenID>MW_MerchantSlot66</ScreenID>
		<RelativePosition>true</RelativePosition>
		<Location>
			<X>195</X>
			<Y>90</Y>
		</Location>
		<Size>
			<CX>30</CX>
			<CY>30</CY>
		</Size>
		<Background>A_RecessedBox</Background>
		<EQType>6066</EQType>
		<ItemOffsetX>2</ItemOffsetX>
		<ItemOffsetY>2</ItemOffsetY>
	</InvSlot>
	<InvSlot item = "MW_MerchantSlot67">
		<ScreenID>MW_MerchantSlot67</ScreenID>
		<RelativePosition>true</RelativePosition>
		<Location>
			<X>225</X>
			<Y>90</Y>
		</Location>
		<Size>
			<CX>30</CX>
			<CY>30</CY>
		</Size>
		<Background>A_RecessedBox</Background>
		<EQType>6067</EQType>
		<ItemOffsetX>2</ItemOffsetX>
		<ItemOffsetY>2</ItemOffsetY>
	</InvSlot>
	<InvSlot item = "MW_MerchantSlot68">
		<ScreenID>MW_MerchantSlot68</ScreenID>
		<RelativePosition>true</RelativePosition>
		<Location>
			<X>195</X>
			<Y>120</Y>
		</Location>
		<Size>
			<CX>30</CX>
			<CY>30</CY>
		</Size>
		<Background>A_RecessedBox</Background>
		<EQType>6068</EQType>
		<ItemOffsetX>2</ItemOffsetX>
		<ItemOffsetY>2</ItemOffsetY>
	</InvSlot>
	<InvSlot item = "MW_MerchantSlot69">
		<ScreenID>MW_MerchantSlot69</ScreenID>
		<RelativePosition>true</RelativePosition>
		<Location>
			<X>225</X>
			<Y>120</Y>
		</Location>
		<Size>
			<CX>30</CX>
			<CY>30</CY>
		</Size>
		<Background>A_RecessedBox</Background>
		<EQType>6069</EQType>
		<ItemOffsetX>2</ItemOffsetX>
		<ItemOffsetY>2</ItemOffsetY>
	</InvSlot>
	<InvSlot item = "MW_MerchantSlot70">
		<ScreenID>MW_MerchantSlot70</ScreenID>
		<RelativePosition>true</RelativePosition>
		<Location>
			<X>195</X>
			<Y>150</Y>
		</Location>
		<Size>
			<CX>30</CX>
			<CY>30</CY>
		</Size>
		<Background>A_RecessedBox</Background>
		<EQType>6070</EQType>
		<ItemOffsetX>2</ItemOffsetX>
		<ItemOffsetY>2</ItemOffsetY>
	</InvSlot>
	<InvSlot item = "MW_MerchantSlot71">
		<ScreenID>MW_MerchantSlot71</ScreenID>
		<RelativePosition>true</RelativePosition>
		<Location>
			<X>225</X>
			<Y>150</Y>
		</Location>
		<Size>
			<CX>30</CX>
			<CY>30</CY>
		</Size>
		<Background>A_RecessedBox</Background>
		<EQType>6071</EQType>
		<ItemOffsetX>2</ItemOffsetX>
		<ItemOffsetY>2</ItemOffsetY>
	</InvSlot>
	<InvSlot item = "MW_MerchantSlot72">
		<ScreenID>MW_MerchantSlot72</ScreenID>
		<RelativePosition>true</RelativePosition>
		<Location>
			<X>195</X>
			<Y>180</Y>
		</Location>
		<Size>
			<CX>30</CX>
			<CY>30</CY>
		</Size>
		<Background>A_RecessedBox</Background>
		<EQType>6072</EQType>
		<ItemOffsetX>2</ItemOffsetX>
		<ItemOffsetY>2</ItemOffsetY>
	</InvSlot>
	<InvSlot item = "MW_MerchantSlot73">
		<ScreenID>MW_MerchantSlot73</ScreenID>
		<RelativePosition>true</RelativePosition>
		<Location>
			<X>225</X>
			<Y>180</Y>
		</Location>
		<Size>
			<CX>30</CX>
			<CY>30</CY>
		</Size>
		<Background>A_RecessedBox</Background>
		<EQType>6073</EQType>
		<ItemOffsetX>2</ItemOffsetX>
		<ItemOffsetY>2</ItemOffsetY>
	</InvSlot>
	<InvSlot item = "MW_MerchantSlot74">
		<ScreenID>MW_MerchantSlot74</ScreenID>
		<RelativePosition>true</RelativePosition>
		<Location>
			<X>195</X>
			<Y>210</Y>
		</Location>
		<Size>
			<CX>30</CX>
			<CY>30</CY>
		</Size>
		<Background>A_RecessedBox</Background>
		<EQType>6074</EQType>
		<ItemOffsetX>2</ItemOffsetX>
		<ItemOffsetY>2</ItemOffsetY>
	</InvSlot>
	<InvSlot item = "MW_MerchantSlot75">
		<ScreenID>MW_MerchantSlot75</ScreenID>
		<RelativePosition>true</RelativePosition>
		<Location>
			<X>225</X>
			<Y>210</Y>
		</Location>
		<Size>
			<CX>30</CX>
			<CY>30</CY>
		</Size>
		<Background>A_RecessedBox</Background>
		<EQType>6075</EQType>
		<ItemOffsetX>2</ItemOffsetX>
		<ItemOffsetY>2</ItemOffsetY>
	</InvSlot>
	<InvSlot item = "MW_MerchantSlot76">
		<ScreenID>MW_MerchantSlot76</ScreenID>
		<RelativePosition>true</RelativePosition>
		<Location>
			<X>195</X>
			<Y>240</Y>
		</Location>
		<Size>
			<CX>30</CX>
			<CY>30</CY>
		</Size>
		<Background>A_RecessedBox</Background>
		<EQType>6076</EQType>
		<ItemOffsetX>2</ItemOffsetX>
		<ItemOffsetY>2</ItemOffsetY>
	</InvSlot>
	<InvSlot item = "MW_MerchantSlot77">
		<ScreenID>MW_MerchantSlot77</ScreenID>
		<RelativePosition>true</RelativePosition>
		<Location>
			<X>225</X>
			<Y>240</Y>
		</Location>
		<Size>
			<CX>30</CX>
			<CY>30</CY>
		</Size>
		<Background>A_RecessedBox</Background>
		<EQType>6077</EQType>
		<ItemOffsetX>2</ItemOffsetX>
		<ItemOffsetY>2</ItemOffsetY>
	</InvSlot>
	<InvSlot item = "MW_MerchantSlot78">
		<ScreenID>MW_MerchantSlot78</ScreenID>
		<RelativePosition>true</RelativePosition>
		<Location>
			<X>195</X>
			<Y>270</Y>
		</Location>
		<Size>
			<CX>30</CX>
			<CY>30</CY>
		</Size>
		<Background>A_RecessedBox</Background>
		<EQType>6078</EQType>
		<ItemOffsetX>2</ItemOffsetX>
		<ItemOffsetY>2</ItemOffsetY>
	</InvSlot>
	<InvSlot item = "MW_MerchantSlot79">
		<ScreenID>MW_MerchantSlot79</ScreenID>
		<RelativePosition>true</RelativePosition>
		<Location>
			<X>225</X>
			<Y>270</Y>
		</Location>
		<Size>
			<CX>30</CX>
			<CY>30</CY>
		</Size>
		<Background>A_RecessedBox</Background>
		<EQType>6079</EQType>
		<ItemOffsetX>2</ItemOffsetX>
		<ItemOffsetY>2</ItemOffsetY>
	</InvSlot>
	<Screen item = "MW_MerchantSlotsWnd">
		<ScreenID>MerchantSlotsWnd</ScreenID>
		<RelativePosition>true</RelativePosition>
		<Location>
			<X>0</X>
			<Y>31</Y>
		</Location>
		<Size>
			<CX>255</CX>
			<CY>300</CY>
		</Size>
		<Style_VScroll>false</Style_VScroll>
		<Style_HScroll>false</Style_HScroll>
		<Style_Transparent>false</Style_Transparent>
		<DrawTemplate>WDT_Inner2</DrawTemplate>
		<Style_Titlebar>false</Style_Titlebar>
		<Style_Closebox>false</Style_Closebox>
		<Style_Minimizebox>false</Style_Minimizebox>
		<Style_Border>false</Style_Border>
		<Style_Sizable>false</Style_Sizable>
		<Pieces>MW_MerchantSlot0</Pieces>
		<Pieces>MW_MerchantSlot1</Pieces>
		<Pieces>MW_MerchantSlot2</Pieces>
		<Pieces>MW_MerchantSlot3</Pieces>
		<Pieces>MW_MerchantSlot4</Pieces>
		<Pieces>MW_MerchantSlot5</Pieces>
		<Pieces>MW_MerchantSlot6</Pieces>
		<Pieces>MW_MerchantSlot7</Pieces>
		<Pieces>MW_MerchantSlot8</Pieces>
		<Pieces>MW_MerchantSlot9</Pieces>
		<Pieces>MW_MerchantSlot10</Pieces>
		<Pieces>MW_MerchantSlot11</Pieces>
		<Pieces>MW_MerchantSlot12</Pieces>
		<Pieces>MW_MerchantSlot13</Pieces>
		<Pieces>MW_MerchantSlot14</Pieces>
		<Pieces>MW_MerchantSlot15</Pieces>
		<Pieces>MW_MerchantSlot16</Pieces>
		<Pieces>MW_MerchantSlot17</Pieces>
		<Pieces>MW_MerchantSlot18</Pieces>
		<Pieces>MW_MerchantSlot19</Pieces>
		<Pieces>MW_MerchantSlot20</Pieces>
		<Pieces>MW_MerchantSlot21</Pieces>
		<Pieces>MW_MerchantSlot22</Pieces>
		<Pieces>MW_MerchantSlot23</Pieces>
		<Pieces>MW_MerchantSlot24</Pieces>
		<Pieces>MW_MerchantSlot25</Pieces>
		<Pieces>MW_MerchantSlot26</Pieces>
		<Pieces>MW_MerchantSlot27</Pieces>
		<Pieces>MW_MerchantSlot28</Pieces>
		<Pieces>MW_MerchantSlot29</Pieces>
		<Pieces>MW_MerchantSlot30</Pieces>
		<Pieces>MW_MerchantSlot31</Pieces>
		<Pieces>MW_MerchantSlot32</Pieces>
		<Pieces>MW_MerchantSlot33</Pieces>
		<Pieces>MW_MerchantSlot34</Pieces>
		<Pieces>MW_MerchantSlot35</Pieces>
		<Pieces>MW_MerchantSlot36</Pieces>
		<Pieces>MW_MerchantSlot37</Pieces>
		<Pieces>MW_MerchantSlot38</Pieces>
		<Pieces>MW_MerchantSlot39</Pieces>
		<Pieces>MW_MerchantSlot40</Pieces>
		<Pieces>MW_MerchantSlot41</Pieces>
		<Pieces>MW_MerchantSlot42</Pieces>
		<Pieces>MW_MerchantSlot43</Pieces>
		<Pieces>MW_MerchantSlot44</Pieces>
		<Pieces>MW_MerchantSlot45</Pieces>
		<Pieces>MW_MerchantSlot46</Pieces>
		<Pieces>MW_MerchantSlot47</Pieces>
		<Pieces>MW_MerchantSlot48</Pieces>
		<Pieces>MW_MerchantSlot49</Pieces>
		<Pieces>MW_MerchantSlot50</Pieces>
		<Pieces>MW_MerchantSlot51</Pieces>
		<Pieces>MW_MerchantSlot52</Pieces>
		<Pieces>MW_MerchantSlot53</Pieces>
		<Pieces>MW_MerchantSlot54</Pieces>
		<Pieces>MW_MerchantSlot55</Pieces>
		<Pieces>MW_MerchantSlot56</Pieces>
		<Pieces>MW_MerchantSlot57</Pieces>
		<Pieces>MW_MerchantSlot58</Pieces>
		<Pieces>MW_MerchantSlot59</Pieces>
		<Pieces>MW_MerchantSlot60</Pieces>
		<Pieces>MW_MerchantSlot61</Pieces>
		<Pieces>MW_MerchantSlot62</Pieces>
		<Pieces>MW_MerchantSlot63</Pieces>
		<Pieces>MW_MerchantSlot64</Pieces>
		<Pieces>MW_MerchantSlot65</Pieces>
		<Pieces>MW_MerchantSlot66</Pieces>
		<Pieces>MW_MerchantSlot67</Pieces>
		<Pieces>MW_MerchantSlot68</Pieces>
		<Pieces>MW_MerchantSlot69</Pieces>
		<Pieces>MW_MerchantSlot70</Pieces>
		<Pieces>MW_MerchantSlot71</Pieces>
		<Pieces>MW_MerchantSlot72</Pieces>
		<Pieces>MW_MerchantSlot73</Pieces>
		<Pieces>MW_MerchantSlot74</Pieces>
		<Pieces>MW_MerchantSlot75</Pieces>
		<Pieces>MW_MerchantSlot76</Pieces>
		<Pieces>MW_MerchantSlot77</Pieces>
		<Pieces>MW_MerchantSlot78</Pieces>
		<Pieces>MW_MerchantSlot79</Pieces>
	</Screen>
	<Label item ="MW_SelectedItemLabel">
		<ScreenID>MW_SelectedItemLabel</ScreenID>
		<RelativePosition>true</RelativePosition>
		<Location>
			<X>0</X>
			<Y>336</Y>
		</Location>
		<Size>
			<CX>95</CX>
			<CY>30</CY>
		</Size>
		<Text>Item Being Considered</Text>
		<TextColor>
				<R>255</R>
				<G>255</G>
				<B>255</B>
		</TextColor>
		<NoWrap>false</NoWrap>
		<AlignCenter>true</AlignCenter>
		<AlignRight>false</AlignRight>
	</Label>
	<Button item = "MW_SelectedItem">
		<ScreenID>MW_SelectedItem</ScreenID>
		<RelativePosition>true</RelativePosition>
		<Location>
			<X>95</X>
			<Y>336</Y>
		</Location>
		<Size>
			<CX>30</CX>
			<CY>30</CY>
		</Size>
		<Style_Transparent>false</Style_Transparent>
		<Style_Checkbox>false</Style_Checkbox>
		<ButtonDrawTemplate>
			<Normal>A_RecessedBox</Normal>
			<NormalDecal>A_DragItem</NormalDecal>
		</ButtonDrawTemplate>
		<DecalOffset>
			<X>0</X>
			<Y>0</Y>
		</DecalOffset>
		<DecalSize>
			<CX>30</CX>
			<CY>30</CY>
		</DecalSize>
	</Button>
	<Button item = "MW_Buy_Button">
		<ScreenID>MW_Buy_Button</ScreenID>
		<RelativePosition>true</RelativePosition>
		<Location>
			<X>130</X>
			<Y>336</Y>
		</Location>
		<Size>
			<CX>60</CX>
			<CY>30</CY>
		</Size>
		<Style_Transparent>false</Style_Transparent>
		<Style_Checkbox>false</Style_Checkbox>
		<Text>Buy</Text>
		<TextColor>
				<R>255</R>
				<G>255</G>
				<B>255</B>
		</TextColor>
		<ButtonDrawTemplate>
			<Normal>A_BtnNormal</Normal>
			<Pressed>A_BtnPressed</Pressed>
			<Flyby>A_BtnFlyby</Flyby>
			<Disabled>A_BtnDisabled</Disabled>
			<PressedFlyby>A_BtnPressedFlyby</PressedFlyby>
		</ButtonDrawTemplate>
	</Button>
	<Button item = "MW_Sell_Button">
		<ScreenID>MW_Sell_Button</ScreenID>
		<RelativePosition>true</RelativePosition>
		<Location>
			<X>195</X>
			<Y>336</Y>
		</Location>
		<Size>
			<CX>60</CX>
			<CY>30</CY>
		</Size>
		<Style_Transparent>false</Style_Transparent>
		<Style_Checkbox>false</Style_Checkbox>
		<Text>Sell</Text>
		<TextColor>
				<R>255</R>
				<G>255</G>
				<B>255</B>
		</TextColor>
		<ButtonDrawTemplate>
			<Normal>A_BtnNormal</Normal>
			<Pressed>A_BtnPressed</Pressed>
			<Flyby>A_BtnFlyby</Flyby>
			<Disabled>A_BtnDisabled</Disabled>
			<PressedFlyby>A_BtnPressedFlyby</PressedFlyby>
		</ButtonDrawTemplate>
	</Button>
	<Screen item = "MerchantWnd">
		<RelativePosition>false</RelativePosition>
		<Location>
			<X>20</X>
			<Y>20</Y>
		</Location>
		<Size>
			<CX>263</CX>
			<CY>392</CY>
		</Size>
		<Text>Merchant</Text>
		<Style_Transparent>false</Style_Transparent>
		<DrawTemplate>WDT_Rounded</DrawTemplate>
		<Style_Titlebar>true</Style_Titlebar>
		<Style_Closebox>true</Style_Closebox>
		<Style_Minimizebox>false</Style_Minimizebox>
		<Style_Border>true</Style_Border>
		<Style_Sizable>false</Style_Sizable>
		<Pieces>MW_MerchantName</Pieces>
		<Pieces>MW_MerchantSlotsWnd</Pieces>
		<Pieces>MW_SelectedItemLabel</Pieces>
		<Pieces>MW_SelectedItem</Pieces>
		<Pieces>MW_Buy_Button</Pieces>
		<Pieces>MW_Sell_Button</Pieces>
	</Screen>
</XML>
