<?xml version="1.0" encoding="us-ascii"?>
<XML ID="EQInterfaceDefinitionLanguage">
  <Schema xmlns="EverQuestData" xmlns:dt="EverQuestDataTypes" />
  <!-- Original Translunwrap by Lunakin modified for Project Quarm by Brujoloco -->

  <Label item="GW_HPPercLabel5">
    <ScreenID>HPPercLabel5</ScreenID>
    <Font>3</Font>
    <Text>Imalabel</Text>
    <TextColor>
      <R>255</R>
      <G>255</G>
      <B>255</B>
    </TextColor>
    <Size>
      <CX>0</CX>
      <CY>15</CY>
    </Size>
    <AlignCenter>true</AlignCenter>
    <Location>
      <X>0</X>
      <Y>0</Y>
    </Location>
  </Label>
  <Label item="GW_HPPercLabel4">
    <ScreenID>HPPercLabel4</ScreenID>
    <Font>3</Font>
    <Text>Imalabel</Text>
    <TextColor>
      <R>255</R>
      <G>255</G>
      <B>255</B>
    </TextColor>
    <Size>
      <CX>1</CX>
      <CY>1</CY>
    </Size>
    <AlignCenter>true</AlignCenter>
    <Location>
      <X>0</X>
      <Y>0</Y>
    </Location>
  </Label>
  <Label item="GW_HPPercLabel3">
    <ScreenID>HPPercLabel3</ScreenID>
    <Font>3</Font>
    <Text>Imalabel</Text>
    <TextColor>
      <R>255</R>
      <G>255</G>
      <B>255</B>
    </TextColor>
    <Size>
      <CX>1</CX>
      <CY>1</CY>
    </Size>
    <AlignCenter>true</AlignCenter>
    <Location>
      <X>0</X>
      <Y>0</Y>
    </Location>
  </Label>
  <Label item="GW_HPPercLabel2">
    <ScreenID>HPPercLabel2</ScreenID>
    <Font>3</Font>
    <Text>Imalabel</Text>
    <TextColor>
      <R>255</R>
      <G>255</G>
      <B>255</B>
    </TextColor>
    <Size>
      <CX>1</CX>
      <CY>1</CY>
    </Size>
    <AlignCenter>true</AlignCenter>
    <Location>
      <X>0</X>
      <Y>0</Y>
    </Location>
  </Label>
  <Label item="GW_HPPercLabel1">
    <ScreenID>HPPercLabel1</ScreenID>
    <Font>3</Font>
    <Text>Imalabel</Text>
    <TextColor>
      <R>255</R>
      <G>255</G>
      <B>255</B>
    </TextColor>
    <Size>
      <CX>1</CX>
      <CY>1</CY>
    </Size>
    <AlignCenter>true</AlignCenter>
    <Location>
      <X>0</X>
      <Y>0</Y>
    </Location>
  </Label>
  <Label item="GW_AALabel">
    <ScreenID>A_Label</ScreenID>
    <Font>3</Font>
    <Text>AA</Text>
    <TextColor>
      <R>255</R>
      <G>255</G>
      <B>255</B>
    </TextColor>
    <Size>
      <CX>20</CX>
      <CY>12</CY>
    </Size>
    <AlignCenter>true</AlignCenter>
    <Location>
      <X>5</X>
      <Y>174</Y>
    </Location>
  </Label>
  <Label item="GW_XPlabel">
    <ScreenID>A_Label</ScreenID>
    <Font>3</Font>
    <Text>XP</Text>
    <TextColor>
      <R>255</R>
      <G>255</G>
      <B>255</B>
    </TextColor>
    <Size>
      <CX>20</CX>
      <CY>12</CY>
    </Size>
    <AlignCenter>true</AlignCenter>
    <Location>
      <X>5</X>
      <Y>149</Y>
    </Location>
  </Label>
  <Label item="GW_aaxpnumb">
    <ScreenID>Player_AAXP_P</ScreenID>
    <EQType>27</EQType>
    <!--<Font>3</Font>-->
    <RelativePosition>true</RelativePosition>
    <Location>
      <X>122</X>
      <Y>173</Y>
    </Location>
    <Size>
      <CX>30</CX>
      <CY>13</CY>
    </Size>
    <Text>0</Text>
    <TextColor>
      <R>240</R>
      <G>240</G>
      <B>0</B>
    </TextColor>
    <NoWrap>true</NoWrap>
    <AlignCenter>false</AlignCenter>
    <AlignRight>true</AlignRight>
    <AlignLeft>false</AlignLeft>
    <Font>4</Font>
  </Label>
  <Label item="GW_xpnumb">
    <ScreenID>Player_XP_P</ScreenID>
    <EQType>26</EQType>
    <!--<Font>3</Font>-->
    <RelativePosition>true</RelativePosition>
    <Location>
      <X>122</X>
      <Y>148</Y>
    </Location>
    <Size>
      <CX>30</CX>
      <CY>13</CY>
    </Size>
    <Text>99</Text>
    <TextColor>
      <R>220</R>
      <G>150</G>
      <B>0</B>
    </TextColor>
    <NoWrap>true</NoWrap>
    <AlignCenter>false</AlignCenter>
    <AlignRight>true</AlignRight>
    <AlignLeft>false</AlignLeft>
    <Font>4</Font>
  </Label>
  <Gauge item="GW_XPgauge">
    <ScreenID>Player_XP_G</ScreenID>
    <!--<Font>3</Font>-->
    <RelativePosition>true</RelativePosition>
    <Location>
      <X>2</X>
      <Y>164</Y>
    </Location>
    <Size>
      <CX>150</CX>
      <CY>10</CY>
    </Size>
    <GaugeOffsetY>0</GaugeOffsetY>
    <Text />
    <TextOffsetY>0</TextOffsetY>
    <TextOffsetX>0</TextOffsetX>
    <TextColor>
      <R>240</R>
      <G>240</G>
      <B>240</B>
    </TextColor>
    <Style_VScroll>false</Style_VScroll>
    <Style_HScroll>false</Style_HScroll>
    <Style_Transparent>false</Style_Transparent>
    <!--<TooltipReference/>-->
    <FillTint>
      <R>220</R>
      <G>150</G>
      <B>0</B>
    </FillTint>
    <LinesFillTint>
      <R>0</R>
      <G>80</G>
      <B>220</B>
    </LinesFillTint>
    <DrawLinesFill>true</DrawLinesFill>
    <EQType>4</EQType>
    <GaugeDrawTemplate>
      <Background>A_smlunagbg</Background>
      <Fill>A_smlunagfill</Fill>
      <LinesFill>A_smlunaglinesfill</LinesFill>
    </GaugeDrawTemplate>
  </Gauge>
  <Gauge item="GW_AAXPgauge">
    <ScreenID>Player_AAXP_G</ScreenID>
    <!--<Font>3</Font>-->
    <RelativePosition>true</RelativePosition>
    <Location>
      <X>2</X>
      <Y>188</Y>
    </Location>
    <Size>
      <CX>150</CX>
      <CY>10</CY>
    </Size>
    <GaugeOffsetY>0</GaugeOffsetY>
    <Text />
    <TextOffsetY>0</TextOffsetY>
    <TextOffsetX>0</TextOffsetX>
    <TextColor>
      <R>240</R>
      <G>240</G>
      <B>240</B>
    </TextColor>
    <Style_VScroll>false</Style_VScroll>
    <Style_HScroll>false</Style_HScroll>
    <Style_Transparent>false</Style_Transparent>
    <!--<TooltipReference/>-->
    <FillTint>
      <R>240</R>
      <G>240</G>
      <B>0</B>
    </FillTint>
    <LinesFillTint>
      <R>0</R>
      <G>220</G>
      <B>220</B>
    </LinesFillTint>
    <DrawLinesFill>true</DrawLinesFill>
    <EQType>5</EQType>
    <GaugeDrawTemplate>
      <Background>A_smlunagbg</Background>
      <Fill>A_smlunagfill</Fill>
      <LinesFill>A_smlunaglinesfill</LinesFill>
    </GaugeDrawTemplate>
  </Gauge>
  <Label item="GW_HPLabel5">
    <ScreenID>HPLabel5</ScreenID>
    <EQType>39</EQType>
    <!--<Font>3</Font>-->
    <RelativePosition>true</RelativePosition>
    <Location>
      <X>127</X>
      <Y>107</Y>
    </Location>
    <Size>
      <CX>25</CX>
      <CY>12</CY>
    </Size>
    <Text>100</Text>
    <TextColor>
      <R>255</R>
      <G>255</G>
      <B>255</B>
    </TextColor>
    <NoWrap>true</NoWrap>
    <AlignCenter>false</AlignCenter>
    <AlignRight>true</AlignRight>
    <AlignLeft>false</AlignLeft>
  </Label>
  <Label item="GW_HPLabel4">
    <ScreenID>HPLabel4</ScreenID>
    <EQType>38</EQType>
    <!--<Font>3</Font>-->
    <RelativePosition>true</RelativePosition>
    <Location>
      <X>127</X>
      <Y>81</Y>
    </Location>
    <Size>
      <CX>25</CX>
      <CY>12</CY>
    </Size>
    <Text>100</Text>
    <TextColor>
      <R>255</R>
      <G>255</G>
      <B>255</B>
    </TextColor>
    <NoWrap>true</NoWrap>
    <AlignCenter>false</AlignCenter>
    <AlignRight>true</AlignRight>
    <AlignLeft>false</AlignLeft>
  </Label>
  <Label item="GW_HPLabel3">
    <ScreenID>HPLabel3</ScreenID>
    <EQType>37</EQType>
    <!--<Font>3</Font>-->
    <RelativePosition>true</RelativePosition>
    <Location>
      <X>127</X>
      <Y>54</Y>
    </Location>
    <Size>
      <CX>25</CX>
      <CY>12</CY>
    </Size>
    <Text>100</Text>
    <TextColor>
      <R>255</R>
      <G>255</G>
      <B>255</B>
    </TextColor>
    <NoWrap>true</NoWrap>
    <AlignCenter>false</AlignCenter>
    <AlignRight>true</AlignRight>
    <AlignLeft>false</AlignLeft>
  </Label>
  <Label item="GW_HPLabel2">
    <ScreenID>HPLabel2</ScreenID>
    <EQType>36</EQType>
    <!--<Font>3</Font>-->
    <RelativePosition>true</RelativePosition>
    <Location>
      <X>127</X>
      <Y>28</Y>
    </Location>
    <Size>
      <CX>25</CX>
      <CY>12</CY>
    </Size>
    <Text>100</Text>
    <TextColor>
      <R>255</R>
      <G>255</G>
      <B>255</B>
    </TextColor>
    <NoWrap>true</NoWrap>
    <AlignCenter>false</AlignCenter>
    <AlignRight>true</AlignRight>
    <AlignLeft>false</AlignLeft>
  </Label>
  <Label item="GW_HPLabel1">
    <ScreenID>HPLabel1</ScreenID>
    <EQType>35</EQType>
    <!--<Font>3</Font>-->
    <RelativePosition>true</RelativePosition>
    <Location>
      <X>127</X>
      <Y>2</Y>
    </Location>
    <Size>
      <CX>25</CX>
      <CY>12</CY>
    </Size>
    <Text>100</Text>
    <TextColor>
      <R>255</R>
      <G>255</G>
      <B>255</B>
    </TextColor>
    <NoWrap>true</NoWrap>
    <AlignCenter>false</AlignCenter>
    <AlignRight>true</AlignRight>
    <AlignLeft>false</AlignLeft>
    <Font>3</Font>
  </Label>
  <Label item="GW_F2label">
    <ScreenID>A_Label</ScreenID>
    <Font>1</Font>
    <Text>F2</Text>
    <TextColor>
      <R>255</R>
      <G>255</G>
      <B>255</B>
    </TextColor>
    <Size>
      <CX>15</CX>
      <CY>12</CY>
    </Size>
    <AlignCenter>true</AlignCenter>
    <Location>
      <X>2</X>
      <Y>4</Y>
    </Location>
  </Label>
  <Label item="GW_F3label">
    <ScreenID>A_Label</ScreenID>
    <Font>1</Font>
    <Text>F3</Text>
    <TextColor>
      <R>255</R>
      <G>255</G>
      <B>255</B>
    </TextColor>
    <Size>
      <CX>15</CX>
      <CY>12</CY>
    </Size>
    <AlignCenter>true</AlignCenter>
    <Location>
      <X>2</X>
      <Y>30</Y>
    </Location>
  </Label>
  <Label item="GW_F4label">
    <ScreenID>A_Label</ScreenID>
    <Font>1</Font>
    <Text>F4</Text>
    <TextColor>
      <R>255</R>
      <G>255</G>
      <B>255</B>
    </TextColor>
    <Size>
      <CX>15</CX>
      <CY>12</CY>
    </Size>
    <AlignCenter>true</AlignCenter>
    <Location>
      <X>2</X>
      <Y>56</Y>
    </Location>
  </Label>
  <Label item="GW_F5label">
    <ScreenID>A_Label</ScreenID>
    <Font>1</Font>
    <Text>F5</Text>
    <TextColor>
      <R>255</R>
      <G>255</G>
      <B>255</B>
    </TextColor>
    <Size>
      <CX>15</CX>
      <CY>12</CY>
    </Size>
    <AlignCenter>true</AlignCenter>
    <Location>
      <X>2</X>
      <Y>82</Y>
    </Location>
  </Label>
  <Label item="GW_F6label">
    <ScreenID>A_Label</ScreenID>
    <Font>1</Font>
    <Text>F6</Text>
    <TextColor>
      <R>255</R>
      <G>255</G>
      <B>255</B>
    </TextColor>
    <Size>
      <CX>15</CX>
      <CY>12</CY>
    </Size>
    <AlignCenter>true</AlignCenter>
    <Location>
      <X>2</X>
      <Y>108</Y>
    </Location>
  </Label>
  <Button item="GW_InviteButton">
    <ScreenID>InviteButton</ScreenID>
    <!--<Font>3</Font>-->
    <RelativePosition>true</RelativePosition>
    <Location>
      <X>4</X>
      <Y>133</Y>
    </Location>
    <Size>
      <CX>45</CX>
      <CY>16</CY>
    </Size>
    <Style_VScroll>false</Style_VScroll>
    <Style_HScroll>false</Style_HScroll>
    <Style_Transparent>false</Style_Transparent>
    <TooltipReference>Select a player and click to invite into the group</TooltipReference>
    <Style_Checkbox>false</Style_Checkbox>
    <!--<RadioGroup/>-->
    <TextColor>
      <R>255</R>
      <G>255</G>
      <B>255</B>
    </TextColor>
    <ButtonDrawTemplate>
      <Normal>A_BtnNormal</Normal>
      <Pressed>A_BtnPressed</Pressed>
      <Flyby>A_BtnFlyby</Flyby>
      <Disabled>A_BtnDisabled</Disabled>
      <PressedFlyby>A_BtnPressedFlyby</PressedFlyby>
    </ButtonDrawTemplate>
    <Text>Invite</Text>
    <Font>2</Font>
  </Button>
  <Button item="GW_DisbandButton">
    <ScreenID>DisbandButton</ScreenID>
    <!--<Font>3</Font>-->
    <RelativePosition>true</RelativePosition>
    <Location>
      <X>104</X>
      <Y>133</Y>
    </Location>
    <Size>
      <CX>45</CX>
      <CY>16</CY>
    </Size>
    <Style_VScroll>false</Style_VScroll>
    <Style_HScroll>false</Style_HScroll>
    <Style_Transparent>false</Style_Transparent>
    <TooltipReference>Click to disband your target from the group</TooltipReference>
    <Style_Checkbox>false</Style_Checkbox>
    <!--<RadioGroup/>-->
    <ButtonDrawTemplate>
      <Normal>A_BtnNormal</Normal>
      <Pressed>A_BtnPressed</Pressed>
      <Flyby>A_BtnFlyby</Flyby>
      <Disabled>A_BtnDisabled</Disabled>
      <PressedFlyby>A_BtnPressedFlyby</PressedFlyby>
    </ButtonDrawTemplate>
    <TextColor>
      <R>255</R>
      <G>255</G>
      <B>255</B>
    </TextColor>
    <Font>2</Font>
    <Text>Disband</Text>
  </Button>
  <Button item="GW_FollowButton">
    <ScreenID>FollowButton</ScreenID>
    <!--<Font>3</Font>-->
    <RelativePosition>true</RelativePosition>
    <Location>
      <X>4</X>
      <Y>133</Y>
    </Location>
    <Size>
      <CX>45</CX>
      <CY>16</CY>
    </Size>
    <Style_VScroll>false</Style_VScroll>
    <Style_HScroll>false</Style_HScroll>
    <Style_Transparent>false</Style_Transparent>
    <TooltipReference>Accept an invitation to group</TooltipReference>
    <Style_Checkbox>false</Style_Checkbox>
    <!--<RadioGroup/>-->
    <TextColor>
      <R>255</R>
      <G>255</G>
      <B>255</B>
    </TextColor>
    <ButtonDrawTemplate>
      <Normal>A_BtnNormal</Normal>
      <Pressed>A_BtnPressed</Pressed>
      <Flyby>A_BtnFlyby</Flyby>
      <Disabled>A_BtnDisabled</Disabled>
      <PressedFlyby>A_BtnPressedFlyby</PressedFlyby>
    </ButtonDrawTemplate>
    <Font>2</Font>
    <Text>Follow</Text>
  </Button>
  <Button item="GW_DeclineButton">
    <ScreenID>DeclineButton</ScreenID>
    <!--<Font>3</Font>-->
    <RelativePosition>true</RelativePosition>
    <Location>
      <X>104</X>
      <Y>133</Y>
    </Location>
    <Size>
      <CX>45</CX>
      <CY>16</CY>
    </Size>
    <Style_VScroll>false</Style_VScroll>
    <Style_HScroll>false</Style_HScroll>
    <Style_Transparent>false</Style_Transparent>
    <TooltipReference>Refuse an invtitation to group</TooltipReference>
    <Style_Checkbox>false</Style_Checkbox>
    <!--<RadioGroup/>-->
    <ButtonDrawTemplate>
      <Normal>A_BtnNormal</Normal>
      <Pressed>A_BtnPressed</Pressed>
      <Flyby>A_BtnFlyby</Flyby>
      <Disabled>A_BtnDisabled</Disabled>
      <PressedFlyby>A_BtnPressedFlyby</PressedFlyby>
    </ButtonDrawTemplate>
    <TextColor>
      <R>255</R>
      <G>255</G>
      <B>255</B>
    </TextColor>
    <Font>2</Font>
    <Text>Decline</Text>
  </Button>
  <Gauge item="GW_Gauge1">
    <ScreenID>Gauge1</ScreenID>
    <!--<Font>3</Font>-->
    <TextColor>
      <R>240</R>
      <G>240</G>
      <B>240</B>
    </TextColor>
    <RelativePosition>true</RelativePosition>
    <Location>
      <X>2</X>
      <Y>1</Y>
    </Location>
    <Size>
      <CX>150</CX>
      <CY>26</CY>
    </Size>
    <TextOffsetX>15</TextOffsetX>
    <Style_VScroll>false</Style_VScroll>
    <Style_HScroll>false</Style_HScroll>
    <Style_Transparent>false</Style_Transparent>
    <!--<TooltipReference/>-->
    <FillTint>
      <R>190</R>
      <G>0</G>
      <B>0</B>
    </FillTint>
    <LinesFillTint>
      <R>220</R>
      <G>220</G>
      <B>0</B>
    </LinesFillTint>
    <DrawLinesFill>false</DrawLinesFill>
    <EQType>11</EQType>
    <GaugeDrawTemplate>
      <Background>A_smlunagbg</Background>
      <Fill>A_smlunagfill</Fill>
    </GaugeDrawTemplate>
    <GaugeOffsetY>15</GaugeOffsetY>
  </Gauge>
  <Gauge item="GW_PetGauge1">
    <ScreenID>PetGauge1</ScreenID>
    <!--<Font>3</Font>-->
    <TextColor>
      <R>240</R>
      <G>240</G>
      <B>240</B>
    </TextColor>
    <RelativePosition>true</RelativePosition>
    <Location>
      <X>2</X>
      <Y>22</Y>
    </Location>
    <Size>
      <CX>150</CX>
      <CY>4</CY>
    </Size>
    <TextOffsetY>-50</TextOffsetY>
    <GaugeOffsetY>0</GaugeOffsetY>
    <Style_VScroll>false</Style_VScroll>
    <Style_HScroll>false</Style_HScroll>
    <Style_Transparent>false</Style_Transparent>
    <!--<TooltipReference/>-->
    <FillTint>
      <R>51</R>
      <G>150</G>
      <B>51</B>
    </FillTint>
    <LinesFillTint>
      <R>220</R>
      <G>220</G>
      <B>0</B>
    </LinesFillTint>
    <DrawLinesFill>false</DrawLinesFill>
    <EQType>17</EQType>
    <GaugeDrawTemplate>
      <Fill>A_smlunagfill</Fill>
      <!--<Lines>A_GaugeLines</Lines>-->
      <!--<LinesFill>A_GaugeLinesFill</LinesFill>-->
      <!--<EndCapLeft>A_GaugeEndCapLeft</EndCapLeft>-->
      <!--<EndCapRight>A_GaugeEndCapRight</EndCapRight>-->
    </GaugeDrawTemplate>
  </Gauge>
  <Gauge item="GW_Gauge2">
    <ScreenID>Gauge2</ScreenID>
    <!--<Font>3</Font>-->
    <TextColor>
      <R>240</R>
      <G>240</G>
      <B>240</B>
    </TextColor>
    <RelativePosition>true</RelativePosition>
    <Location>
      <X>2</X>
      <Y>27</Y>
    </Location>
    <Size>
      <CX>150</CX>
      <CY>26</CY>
    </Size>
    <TextOffsetX>15</TextOffsetX>
    <Style_VScroll>false</Style_VScroll>
    <Style_HScroll>false</Style_HScroll>
    <Style_Transparent>true</Style_Transparent>
    <!--<TooltipReference/>-->
    <FillTint>
      <R>190</R>
      <G>0</G>
      <B>0</B>
    </FillTint>
    <LinesFillTint>
      <R>220</R>
      <G>220</G>
      <B>0</B>
    </LinesFillTint>
    <DrawLinesFill>false</DrawLinesFill>
    <EQType>12</EQType>
    <GaugeDrawTemplate>
      <Background>A_smlunagbg</Background>
      <Fill>A_smlunagfill</Fill>
    </GaugeDrawTemplate>
    <GaugeOffsetY>15</GaugeOffsetY>
  </Gauge>
  <Gauge item="GW_PetGauge2">
    <ScreenID>PetGauge2</ScreenID>
    <!--<Font>3</Font>-->
    <TextColor>
      <R>240</R>
      <G>240</G>
      <B>240</B>
    </TextColor>
    <RelativePosition>true</RelativePosition>
    <Location>
      <X>2</X>
      <Y>48</Y>
    </Location>
    <Size>
      <CX>150</CX>
      <CY>4</CY>
    </Size>
    <TextOffsetY>-50</TextOffsetY>
    <GaugeOffsetY>0</GaugeOffsetY>
    <Style_VScroll>false</Style_VScroll>
    <Style_HScroll>false</Style_HScroll>
    <Style_Transparent>true</Style_Transparent>
    <!--<TooltipReference/>-->
    <FillTint>
      <R>51</R>
      <G>150</G>
      <B>51</B>
    </FillTint>
    <LinesFillTint>
      <R>220</R>
      <G>220</G>
      <B>0</B>
    </LinesFillTint>
    <DrawLinesFill>false</DrawLinesFill>
    <EQType>18</EQType>
    <GaugeDrawTemplate>
      <Fill>A_smlunagfill</Fill>
      <!--<Lines>A_GaugeLines</Lines>-->
      <!--<LinesFill>A_GaugeLinesFill</LinesFill>-->
      <!--<EndCapLeft>A_GaugeEndCapLeft</EndCapLeft>-->
      <!--<EndCapRight>A_GaugeEndCapRight</EndCapRight>-->
    </GaugeDrawTemplate>
  </Gauge>
  <Gauge item="GW_Gauge3">
    <ScreenID>Gauge3</ScreenID>
    <!--<Font>3</Font>-->
    <TextColor>
      <R>240</R>
      <G>240</G>
      <B>240</B>
    </TextColor>
    <RelativePosition>true</RelativePosition>
    <Location>
      <X>2</X>
      <Y>53</Y>
    </Location>
    <Size>
      <CX>150</CX>
      <CY>26</CY>
    </Size>
    <TextOffsetX>15</TextOffsetX>
    <Style_VScroll>false</Style_VScroll>
    <Style_HScroll>false</Style_HScroll>
    <Style_Transparent>false</Style_Transparent>
    <!--<TooltipReference/>-->
    <FillTint>
      <R>190</R>
      <G>0</G>
      <B>0</B>
    </FillTint>
    <LinesFillTint>
      <R>220</R>
      <G>220</G>
      <B>0</B>
    </LinesFillTint>
    <DrawLinesFill>false</DrawLinesFill>
    <EQType>13</EQType>
    <GaugeDrawTemplate>
      <Background>A_smlunagbg</Background>
      <Fill>A_smlunagfill</Fill>
    </GaugeDrawTemplate>
    <GaugeOffsetY>15</GaugeOffsetY>
  </Gauge>
  <Gauge item="GW_PetGauge3">
    <ScreenID>PetGauge3</ScreenID>
    <!--<Font>3</Font>-->
    <TextColor>
      <R>240</R>
      <G>240</G>
      <B>240</B>
    </TextColor>
    <RelativePosition>true</RelativePosition>
    <Location>
      <X>2</X>
      <Y>74</Y>
    </Location>
    <Size>
      <CX>150</CX>
      <CY>4</CY>
    </Size>
    <TextOffsetY>-50</TextOffsetY>
    <GaugeOffsetY>0</GaugeOffsetY>
    <Style_VScroll>false</Style_VScroll>
    <Style_HScroll>false</Style_HScroll>
    <Style_Transparent>false</Style_Transparent>
    <!--<TooltipReference/>-->
    <FillTint>
      <R>51</R>
      <G>150</G>
      <B>51</B>
    </FillTint>
    <LinesFillTint>
      <R>220</R>
      <G>220</G>
      <B>0</B>
    </LinesFillTint>
    <DrawLinesFill>false</DrawLinesFill>
    <EQType>19</EQType>
    <GaugeDrawTemplate>
      <Fill>A_smlunagfill</Fill>
      <!--<Lines>A_GaugeLines</Lines>-->
      <!--<LinesFill>A_GaugeLinesFill</LinesFill>-->
      <!--<EndCapLeft>A_GaugeEndCapLeft</EndCapLeft>-->
      <!--<EndCapRight>A_GaugeEndCapRight</EndCapRight>-->
    </GaugeDrawTemplate>
  </Gauge>
  <Gauge item="GW_Gauge4">
    <ScreenID>Gauge4</ScreenID>
    <!--<Font>3</Font>-->
    <TextColor>
      <R>240</R>
      <G>240</G>
      <B>240</B>
    </TextColor>
    <RelativePosition>true</RelativePosition>
    <Location>
      <X>2</X>
      <Y>80</Y>
    </Location>
    <Size>
      <CX>150</CX>
      <CY>26</CY>
    </Size>
    <TextOffsetX>15</TextOffsetX>
    <Style_VScroll>false</Style_VScroll>
    <Style_HScroll>false</Style_HScroll>
    <Style_Transparent>false</Style_Transparent>
    <!--<TooltipReference/>-->
    <FillTint>
      <R>190</R>
      <G>0</G>
      <B>0</B>
    </FillTint>
    <LinesFillTint>
      <R>220</R>
      <G>220</G>
      <B>0</B>
    </LinesFillTint>
    <DrawLinesFill>false</DrawLinesFill>
    <EQType>14</EQType>
    <GaugeDrawTemplate>
      <Background>A_smlunagbg</Background>
      <Fill>A_smlunagfill</Fill>
    </GaugeDrawTemplate>
    <GaugeOffsetY>15</GaugeOffsetY>
  </Gauge>
  <Gauge item="GW_PetGauge4">
    <ScreenID>PetGauge4</ScreenID>
    <!--<Font>3</Font>-->
    <TextColor>
      <R>240</R>
      <G>240</G>
      <B>240</B>
    </TextColor>
    <RelativePosition>true</RelativePosition>
    <Location>
      <X>2</X>
      <Y>101</Y>
    </Location>
    <Size>
      <CX>150</CX>
      <CY>4</CY>
    </Size>
    <TextOffsetY>-50</TextOffsetY>
    <GaugeOffsetY>0</GaugeOffsetY>
    <Style_VScroll>false</Style_VScroll>
    <Style_HScroll>false</Style_HScroll>
    <Style_Transparent>false</Style_Transparent>
    <!--<TooltipReference/>-->
    <FillTint>
      <R>51</R>
      <G>150</G>
      <B>51</B>
    </FillTint>
    <LinesFillTint>
      <R>220</R>
      <G>220</G>
      <B>0</B>
    </LinesFillTint>
    <DrawLinesFill>false</DrawLinesFill>
    <EQType>20</EQType>
    <GaugeDrawTemplate>
      <Fill>A_smlunagfill</Fill>
      <!--<Lines>A_GaugeLines</Lines>-->
      <!--<LinesFill>A_GaugeLinesFill</LinesFill>-->
      <!--<EndCapLeft>A_GaugeEndCapLeft</EndCapLeft>-->
      <!--<EndCapRight>A_GaugeEndCapRight</EndCapRight>-->
    </GaugeDrawTemplate>
  </Gauge>
  <Gauge item="GW_Gauge5">
    <ScreenID>Gauge5</ScreenID>
    <!--<Font>3</Font>-->
    <TextColor>
      <R>240</R>
      <G>240</G>
      <B>240</B>
    </TextColor>
    <RelativePosition>true</RelativePosition>
    <Location>
      <X>2</X>
      <Y>106</Y>
    </Location>
    <Size>
      <CX>150</CX>
      <CY>26</CY>
    </Size>
    <TextOffsetX>15</TextOffsetX>
    <Style_VScroll>false</Style_VScroll>
    <Style_HScroll>false</Style_HScroll>
    <Style_Transparent>false</Style_Transparent>
    <!--<TooltipReference/>-->
    <FillTint>
      <R>190</R>
      <G>0</G>
      <B>0</B>
    </FillTint>
    <LinesFillTint>
      <R>220</R>
      <G>220</G>
      <B>0</B>
    </LinesFillTint>
    <DrawLinesFill>false</DrawLinesFill>
    <EQType>15</EQType>
    <GaugeDrawTemplate>
      <Background>A_smlunagbg</Background>
      <Fill>A_smlunagfill</Fill>
    </GaugeDrawTemplate>
    <GaugeOffsetY>15</GaugeOffsetY>
  </Gauge>
  <Gauge item="GW_PetGauge5">
    <ScreenID>PetGauge5</ScreenID>
    <!--<Font>3</Font>-->
    <TextColor>
      <R>240</R>
      <G>240</G>
      <B>240</B>
    </TextColor>
    <RelativePosition>true</RelativePosition>
    <Location>
      <X>2</X>
      <Y>127</Y>
    </Location>
    <Size>
      <CX>150</CX>
      <CY>4</CY>
    </Size>
    <TextOffsetY>-50</TextOffsetY>
    <GaugeOffsetY>0</GaugeOffsetY>
    <Style_VScroll>false</Style_VScroll>
    <Style_HScroll>false</Style_HScroll>
    <Style_Transparent>false</Style_Transparent>
    <!--<TooltipReference/>-->
    <FillTint>
      <R>51</R>
      <G>150</G>
      <B>51</B>
    </FillTint>
    <LinesFillTint>
      <R>220</R>
      <G>220</G>
      <B>0</B>
    </LinesFillTint>
    <DrawLinesFill>false</DrawLinesFill>
    <EQType>21</EQType>
    <GaugeDrawTemplate>
      <Fill>A_smlunagfill</Fill>
      <!--<Lines>A_GaugeLines</Lines>-->
      <!--<LinesFill>A_GaugeLinesFill</LinesFill>-->
      <!--<EndCapLeft>A_GaugeEndCapLeft</EndCapLeft>-->
      <!--<EndCapRight>A_GaugeEndCapRight</EndCapRight>-->
    </GaugeDrawTemplate>
  </Gauge>
  <Button item="GW_LFGButton">
    <ScreenID>LFGButton</ScreenID>
    <RelativePosition>true</RelativePosition>
    <Location>
      <X>54</X>
      <Y>133</Y>
    </Location>
    <Size>
      <CX>45</CX>
      <CY>16</CY>
    </Size>
    <Style_Checkbox>false</Style_Checkbox>
    <TooltipReference>Open LFG Window</TooltipReference>
    <ButtonDrawTemplate>
      <Normal>A_BtnNormal</Normal>
      <Pressed>A_BtnPressed</Pressed>
      <Flyby>A_BtnFlyby</Flyby>
      <Disabled>A_BtnDisabled</Disabled>
      <PressedFlyby>A_BtnPressedFlyby</PressedFlyby>
    </ButtonDrawTemplate>
    <Text>LFG</Text>
    <Font>4</Font>
    <TextColor>
      <B>255</B>
      <G>255</G>
      <R>255</R>
    </TextColor>
  </Button>
  <Screen item="GroupWindow">
    <ScreenID />
    <RelativePosition>false</RelativePosition>
    <Location>
      <X>160</X>
      <Y>78</Y>
    </Location>
    <Size>
      <CX>164</CX>
      <CY>210</CY>
    </Size>
    <Text>Group</Text>
    <Style_VScroll>false</Style_VScroll>
    <Style_HScroll>false</Style_HScroll>
    <Style_Transparent>false</Style_Transparent>
    <TooltipReference>Group</TooltipReference>
    <DrawTemplate>WDT_blulun</DrawTemplate>
    <Style_Titlebar>false</Style_Titlebar>
    <Style_Closebox>false</Style_Closebox>
    <Style_Minimizebox>false</Style_Minimizebox>
    <Style_Border>true</Style_Border>
    <Style_Sizable>false</Style_Sizable>
    <Pieces>GW_InviteButton</Pieces>
    <Pieces>GW_DisbandButton</Pieces>
    <Pieces>GW_FollowButton</Pieces>
    <Pieces>GW_DeclineButton</Pieces>
    <Pieces>GW_Gauge1</Pieces>
    <Pieces>GW_Gauge2</Pieces>
    <Pieces>GW_Gauge3</Pieces>
    <Pieces>GW_Gauge4</Pieces>
    <Pieces>GW_Gauge5</Pieces>
    <Pieces>GW_PetGauge1</Pieces>
    <Pieces>GW_PetGauge2</Pieces>
    <Pieces>GW_PetGauge3</Pieces>
    <Pieces>GW_PetGauge4</Pieces>
    <Pieces>GW_PetGauge5</Pieces>
    <Pieces>GW_F2label</Pieces>
    <Pieces>GW_F3label</Pieces>
    <Pieces>GW_F4label</Pieces>
    <Pieces>GW_F5label</Pieces>
    <Pieces>GW_F6label</Pieces>
    <Pieces>GW_HPLabel1</Pieces>
    <Pieces>GW_HPLabel2</Pieces>
    <Pieces>GW_HPLabel3</Pieces>
    <Pieces>GW_HPLabel4</Pieces>
    <Pieces>GW_HPLabel5</Pieces>
    <Pieces>GW_AAXPgauge</Pieces>
    <Pieces>GW_XPgauge</Pieces>
    <Pieces>GW_xpnumb</Pieces>
    <Pieces>GW_aaxpnumb</Pieces>
    <Pieces>GW_XPlabel</Pieces>
    <Pieces>GW_AALabel</Pieces>
    <Pieces>GW_LFGButton</Pieces>
    <TextColor>
      <B>255</B>
      <G>255</G>
      <R>255</R>
    </TextColor>
    <Font>3</Font>
    <Pieces>GW_HPPercLabel1</Pieces>
    <Pieces>GW_HPPercLabel2</Pieces>
    <Pieces>GW_HPPercLabel3</Pieces>
    <Pieces>GW_HPPercLabel4</Pieces>
    <Pieces>GW_HPPercLabel5</Pieces>
  </Screen>
</XML>
