<?xml version="1.0" encoding="us-ascii"?>
<XML ID="EQInterfaceDefinitionLanguage">
	<Schema xmlns="EverQuestData" xmlns:dt="EverQuestDataTypes" />
	<!-- This is a DUMMY window, it shows an empty window, sbdw is inside buff window -->
	<!-- Changes made by Brujoloco in Exile on Spain, May 24 2025 -->
	<!-- Elemento dummy invisible -->
	<Label item="DummyLabel">
		<RelativePosition>true</RelativePosition>
		<Location>
			<X>-1000</X>
			<Y>-1000</Y>
		</Location>
		<Font>1</Font>
		<Size>
			<CX>1</CX>
			<CY>1</CY>
		</Size>
		<Text></Text>
		<TextColor>
			<R>0</R>
			<G>0</G>
			<B>0</B>
		</TextColor>
		<NoWrap>true</NoWrap>
		<AlignCenter>false</AlignCenter>
		<AlignRight>false</AlignRight>
		<Style_Transparent>true</Style_Transparent>
	</Label>


</XML>
