<?xml version="1.0" encoding="us-ascii"?>
<XML ID="EQInterfaceDefinitionLanguage">
  <Schema xmlns="EverQuestData" xmlns:dt="EverQuestDataTypes" />
 <!-- Original Translunwrap by Lunakin modified for Project Quarm by Brujoloco -->
  <SpellGem item="CSPW_Spell0">
    <ScreenID>CSPW_Spell0</ScreenID>
    <RelativePosition>true</RelativePosition>
    <Location>
      <X>1</X>
      <Y>1</Y>
    </Location>
    <Size>
      <CX>40</CX>
      <CY>40</CY>
    </Size>
    <SpellGemDrawTemplate>
      <Highlight>A_lunaspellgem_highlight</Highlight>
      <Background>A_lunaspellgem_back</Background>
      <Holder>A_lunaspellgem_holder</Holder>
    </SpellGemDrawTemplate>
    <SpellIconOffsetX>8</SpellIconOffsetX>
    <SpellIconOffsetY>8</SpellIconOffsetY>
  </SpellGem>
   <Label item="CSPW_Spell0_Name">
    <ScreenID>CSPW_Spell0_Name</ScreenID>
    <Font>1</Font>
    <RelativePosition>true</RelativePosition>
    <Location>
      <X>1</X>
      <Y>55</Y>
    </Location>
    <Size>
      <CX>40</CX>
      <CY>40</CY>
    </Size>
    <EQType>60</EQType>
    <TextColor>
      <R>255</R>
      <G>255</G>
      <B>255</B>
    </TextColor>
    <NoWrap>false</NoWrap>
    <AlignCenter>true</AlignCenter>
    <AlignRight>false</AlignRight>
  </Label>
  <Label item="CSPW_Spell0_No">
    <ScreenID>CSPW_Spell0_No</ScreenID>
    <Font>2</Font>
    <RelativePosition>true</RelativePosition>
    <Location>
      <X>1</X>
      <Y>42</Y>
    </Location>
    <Size>
      <CX>20</CX>
      <CY>40</CY>
    </Size>
    <Text>1</Text>
    <TextColor>
      <R>0</R>
      <G>255</G>
      <B>0</B>
    </TextColor>
    <NoWrap>true</NoWrap>
    <AlignCenter>true</AlignCenter>
    <AlignRight>false</AlignRight>
  </Label>
  <SpellGem item="CSPW_Spell1">
    <ScreenID>CSPW_Spell1</ScreenID>
    <RelativePosition>true</RelativePosition>
    <Location>
      <X>42</X>
      <Y>1</Y>
    </Location>
    <Size>
      <CX>40</CX>
      <CY>40</CY>
    </Size>
    <SpellGemDrawTemplate>
      <Highlight>A_lunaspellgem_highlight</Highlight>
      <Background>A_lunaspellgem_back</Background>
      <Holder>A_lunaspellgem_holder</Holder>
    </SpellGemDrawTemplate>
    <SpellIconOffsetX>8</SpellIconOffsetX>
    <SpellIconOffsetY>8</SpellIconOffsetY>
  </SpellGem>
   <Label item="CSPW_Spell1_Name">
    <ScreenID>CSPW_Spell1_Name</ScreenID>
    <Font>1</Font>
    <RelativePosition>true</RelativePosition>
    <Location>
      <X>42</X>
      <Y>55</Y>
    </Location>
    <Size>
      <CX>40</CX>
      <CY>40</CY>
    </Size>
    <EQType>61</EQType>
    <TextColor>
      <R>255</R>
      <G>255</G>
      <B>255</B>
    </TextColor>
    <NoWrap>false</NoWrap>
    <AlignCenter>true</AlignCenter>
    <AlignRight>false</AlignRight>
  </Label>
  <Label item="CSPW_Spell1_No">
    <ScreenID>CSPW_Spell1_No</ScreenID>
    <Font>2</Font>
    <RelativePosition>true</RelativePosition>
    <Location>
      <X>42</X>
      <Y>42</Y>
    </Location>
    <Size>
      <CX>20</CX>
      <CY>40</CY>
    </Size>
    <Text>2</Text>
    <TextColor>
      <R>0</R>
      <G>255</G>
      <B>0</B>
    </TextColor>
    <NoWrap>true</NoWrap>
    <AlignCenter>true</AlignCenter>
    <AlignRight>false</AlignRight>
  </Label>
  <SpellGem item="CSPW_Spell2">
    <ScreenID>CSPW_Spell2</ScreenID>
    <RelativePosition>true</RelativePosition>
    <Location>
      <X>83</X>
      <Y>1</Y>
    </Location>
    <Size>
      <CX>40</CX>
      <CY>40</CY>
    </Size>
    <SpellGemDrawTemplate>
      <Highlight>A_lunaspellgem_highlight</Highlight>
      <Background>A_lunaspellgem_back</Background>
      <Holder>A_lunaspellgem_holder</Holder>
    </SpellGemDrawTemplate>
    <SpellIconOffsetX>8</SpellIconOffsetX>
    <SpellIconOffsetY>8</SpellIconOffsetY>
  </SpellGem>
  <Label item="CSPW_Spell2_Name">
    <ScreenID>CSPW_Spell2_Name</ScreenID>
    <Font>1</Font>
    <RelativePosition>true</RelativePosition>
    <Location>
      <X>83</X>
      <Y>55</Y>
    </Location>
    <Size>
      <CX>40</CX>
      <CY>40</CY>
    </Size>
    <EQType>62</EQType>
    <TextColor>
      <R>255</R>
      <G>255</G>
      <B>255</B>
    </TextColor>
    <NoWrap>false</NoWrap>
    <AlignCenter>true</AlignCenter>
    <AlignRight>false</AlignRight>
  </Label>
  <Label item="CSPW_Spell2_No">
    <ScreenID>CSPW_Spell2_No</ScreenID>
    <Font>2</Font>
    <RelativePosition>true</RelativePosition>
    <Location>
      <X>83</X>
      <Y>42</Y>
    </Location>
    <Size>
      <CX>20</CX>
      <CY>40</CY>
    </Size>
    <Text>3</Text>
    <TextColor>
      <R>0</R>
      <G>255</G>
      <B>0</B>
    </TextColor>
    <NoWrap>true</NoWrap>
    <AlignCenter>true</AlignCenter>
    <AlignRight>false</AlignRight>
  </Label>
  <SpellGem item="CSPW_Spell3">
    <ScreenID>CSPW_Spell3</ScreenID>
    <RelativePosition>true</RelativePosition>
    <Location>
      <X>124</X>
      <Y>1</Y>
    </Location>
    <Size>
      <CX>40</CX>
      <CY>40</CY>
    </Size>
    <SpellGemDrawTemplate>
      <Highlight>A_lunaspellgem_highlight</Highlight>
      <Background>A_lunaspellgem_back</Background>
      <Holder>A_lunaspellgem_holder</Holder>
    </SpellGemDrawTemplate>
    <SpellIconOffsetX>8</SpellIconOffsetX>
    <SpellIconOffsetY>8</SpellIconOffsetY>
  </SpellGem>
   <Label item="CSPW_Spell3_Name">
    <ScreenID>CSPW_Spell3_Name</ScreenID>
    <Font>1</Font>
    <RelativePosition>true</RelativePosition>
    <Location>
      <X>124</X>
      <Y>55</Y>
    </Location>
    <Size>
      <CX>40</CX>
      <CY>40</CY>
    </Size>
    <EQType>63</EQType>
    <TextColor>
      <R>255</R>
      <G>255</G>
      <B>255</B>
    </TextColor>
    <NoWrap>false</NoWrap>
    <AlignCenter>true</AlignCenter>
    <AlignRight>false</AlignRight>
  </Label>
  <Label item="CSPW_Spell3_No">
    <ScreenID>CSPW_Spell3_No</ScreenID>
    <Font>2</Font>
    <RelativePosition>true</RelativePosition>
    <Location>
      <X>124</X>
      <Y>42</Y>
    </Location>
    <Size>
      <CX>20</CX>
      <CY>40</CY>
    </Size>
    <Text>4</Text>
    <TextColor>
      <R>0</R>
      <G>255</G>
      <B>0</B>
    </TextColor>
    <NoWrap>true</NoWrap>
    <AlignCenter>true</AlignCenter>
    <AlignRight>false</AlignRight>
  </Label>
  <SpellGem item="CSPW_Spell4">
    <ScreenID>CSPW_Spell4</ScreenID>
    <RelativePosition>true</RelativePosition>
    <Location>
      <X>165</X>
      <Y>1</Y>
    </Location>
    <Size>
      <CX>40</CX>
      <CY>40</CY>
    </Size>
    <SpellGemDrawTemplate>
      <Highlight>A_lunaspellgem_highlight</Highlight>
      <Background>A_lunaspellgem_back</Background>
      <Holder>A_lunaspellgem_holder</Holder>
    </SpellGemDrawTemplate>
    <SpellIconOffsetX>8</SpellIconOffsetX>
    <SpellIconOffsetY>8</SpellIconOffsetY>
  </SpellGem>
  <Label item="CSPW_Spell4_Name">
    <ScreenID>CSPW_Spell4_Name</ScreenID>
    <Font>1</Font>
    <RelativePosition>true</RelativePosition>
    <Location>
      <X>165</X>
      <Y>55</Y>
    </Location>
    <Size>
      <CX>40</CX>
      <CY>40</CY>
    </Size>
    <EQType>64</EQType>
    <TextColor>
      <R>255</R>
      <G>255</G>
      <B>255</B>
    </TextColor>
    <NoWrap>false</NoWrap>
    <AlignCenter>true</AlignCenter>
    <AlignRight>false</AlignRight>
  </Label>
  <Label item="CSPW_Spell4_No">
    <ScreenID>CSPW_Spell4_No</ScreenID>
    <Font>2</Font>
    <RelativePosition>true</RelativePosition>
    <Location>
      <X>165</X>
      <Y>42</Y>
    </Location>
    <Size>
      <CX>20</CX>
      <CY>40</CY>
    </Size>
    <Text>5</Text>
    <TextColor>
      <R>0</R>
      <G>255</G>
      <B>0</B>
    </TextColor>
    <NoWrap>true</NoWrap>
    <AlignCenter>true</AlignCenter>
    <AlignRight>false</AlignRight>
  </Label>
  <SpellGem item="CSPW_Spell5">
    <ScreenID>CSPW_Spell5</ScreenID>
    <RelativePosition>true</RelativePosition>
    <Location>
      <X>206</X>
      <Y>1</Y>
    </Location>
    <Size>
      <CX>40</CX>
      <CY>40</CY>
    </Size>
    <SpellGemDrawTemplate>
      <Highlight>A_lunaspellgem_highlight</Highlight>
      <Background>A_lunaspellgem_back</Background>
      <Holder>A_lunaspellgem_holder</Holder>
    </SpellGemDrawTemplate>
    <SpellIconOffsetX>8</SpellIconOffsetX>
    <SpellIconOffsetY>8</SpellIconOffsetY>
  </SpellGem>
   <Label item="CSPW_Spell5_Name">
    <ScreenID>CSPW_Spell5_Name</ScreenID>
    <Font>1</Font>
    <RelativePosition>true</RelativePosition>
    <Location>
      <X>206</X>
      <Y>55</Y>
    </Location>
    <Size>
      <CX>41</CX>
      <CY>50</CY>
    </Size>
    <EQType>65</EQType>
    <TextColor>
      <R>255</R>
      <G>255</G>
      <B>255</B>
    </TextColor>
    <NoWrap>false</NoWrap>
    <AlignCenter>true</AlignCenter>
    <AlignRight>false</AlignRight>
  </Label>
  <Label item="CSPW_Spell5_No">
    <ScreenID>CSPW_Spell5_No</ScreenID>
    <Font>2</Font>
    <RelativePosition>true</RelativePosition>
    <Location>
      <X>206</X>
      <Y>42</Y>
    </Location>
    <Size>
      <CX>20</CX>
      <CY>40</CY>
    </Size>
    <Text>6</Text>
    <TextColor>
      <R>0</R>
      <G>255</G>
      <B>0</B>
    </TextColor>
    <NoWrap>true</NoWrap>
    <AlignCenter>true</AlignCenter>
    <AlignRight>false</AlignRight>
  </Label>
  <SpellGem item="CSPW_Spell6">
    <ScreenID>CSPW_Spell6</ScreenID>
    <RelativePosition>true</RelativePosition>
    <Location>
      <X>247</X>
      <Y>1</Y>
    </Location>
    <Size>
      <CX>40</CX>
      <CY>40</CY>
    </Size>
    <SpellGemDrawTemplate>
      <Highlight>A_lunaspellgem_highlight</Highlight>
      <Background>A_lunaspellgem_back</Background>
      <Holder>A_lunaspellgem_holder</Holder>
    </SpellGemDrawTemplate>
    <SpellIconOffsetX>8</SpellIconOffsetX>
    <SpellIconOffsetY>8</SpellIconOffsetY>
  </SpellGem>
   <Label item="CSPW_Spell6_Name">
    <ScreenID>CSPW_Spell6_Name</ScreenID>
    <Font>1</Font>
    <RelativePosition>true</RelativePosition>
    <Location>
      <X>247</X>
      <Y>55</Y>
    </Location>
    <Size>
      <CX>40</CX>
      <CY>40</CY>
    </Size>
    <EQType>66</EQType>
    <TextColor>
      <R>255</R>
      <G>255</G>
      <B>255</B>
    </TextColor>
    <NoWrap>false</NoWrap>
    <AlignCenter>true</AlignCenter>
    <AlignRight>false</AlignRight>
  </Label>
  <Label item="CSPW_Spell6_No">
    <ScreenID>CSPW_Spell6_No</ScreenID>
    <Font>2</Font>
    <RelativePosition>true</RelativePosition>
    <Location>
      <X>247</X>
      <Y>42</Y>
    </Location>
    <Size>
      <CX>20</CX>
      <CY>40</CY>
    </Size>
    <Text>7</Text>
    <TextColor>
      <R>0</R>
      <G>255</G>
      <B>0</B>
    </TextColor>
    <NoWrap>true</NoWrap>
    <AlignCenter>true</AlignCenter>
    <AlignRight>false</AlignRight>
  </Label>
  <SpellGem item="CSPW_Spell7">
    <ScreenID>CSPW_Spell7</ScreenID>
    <RelativePosition>true</RelativePosition>
    <Location>
      <X>288</X>
      <Y>1</Y>
    </Location>
    <Size>
      <CX>40</CX>
      <CY>40</CY>
    </Size>
    <SpellGemDrawTemplate>
      <Highlight>A_lunaspellgem_highlight</Highlight>
      <Background>A_lunaspellgem_back</Background>
      <Holder>A_lunaspellgem_holder</Holder>
    </SpellGemDrawTemplate>
    <SpellIconOffsetX>8</SpellIconOffsetX>
    <SpellIconOffsetY>8</SpellIconOffsetY>
  </SpellGem>
   <Label item="CSPW_Spell7_Name">
    <ScreenID>CSPW_Spell7_Name</ScreenID>
    <Font>1</Font>
    <RelativePosition>true</RelativePosition>
    <Location>
      <X>288</X>
      <Y>55</Y>
    </Location>
    <Size>
      <CX>40</CX>
      <CY>40</CY>
    </Size>
    <EQType>67</EQType>
    <TextColor>
      <R>255</R>
      <G>255</G>
      <B>255</B>
    </TextColor>
    <NoWrap>false</NoWrap>
    <AlignCenter>true</AlignCenter>
    <AlignRight>false</AlignRight>
  </Label>
  <Label item="CSPW_Spell7_No">
    <ScreenID>CSPW_Spell7_No</ScreenID>
    <Font>2</Font>
    <RelativePosition>true</RelativePosition>
    <Location>
      <X>288</X>
      <Y>42</Y>
    </Location>
    <Size>
      <CX>20</CX>
      <CY>40</CY>
    </Size>
    <Text>8</Text>
    <TextColor>
      <R>0</R>
      <G>255</G>
      <B>0</B>
    </TextColor>
    <NoWrap>true</NoWrap>
    <AlignCenter>true</AlignCenter>
    <AlignRight>false</AlignRight>
  </Label>
  <Button item="CSPW_SpellBook">
    <ScreenID>CSPW_SpellBook</ScreenID>
    <!--<Font>2</Font>-->
    <RelativePosition>true</RelativePosition>
    <Location>
      <X>350</X>
      <Y>8</Y>
    </Location>
    <Size>
      <CX>24</CX>
      <CY>24</CY>
    </Size>
    <Style_Transparent>True</Style_Transparent>
    <TooltipReference>Opens and closes Your Spellbook</TooltipReference>
    <Style_Checkbox>true</Style_Checkbox>
    <!--<RadioGroup/>-->
    <ButtonDrawTemplate>
      <Normal>A_BookBtnNormal</Normal>
      <Pressed>A_BookBtnPressed</Pressed>
      <Flyby>A_BookBtnFlyby</Flyby>
      <Disabled>A_BookBtnDisabled</Disabled>
      <PressedFlyby>A_BookBtnPressedFlyby</PressedFlyby>
    </ButtonDrawTemplate>
  </Button>
  <Screen item="CastSpellWnd">
    <!--<ScreenID/>-->
    <!--<Font/>-->
    <RelativePosition>false</RelativePosition>
    <Location>
      <X>0</X>
      <Y>25</Y>
    </Location>
    <Size>
      <CX>407</CX>
      <CY>100</CY>
    </Size>
    <Text>Spells</Text>
    <Style_Transparent>false</Style_Transparent>
    <TooltipReference>Allows you to cast your memorized spells</TooltipReference>
    <DrawTemplate>WDT_blulun</DrawTemplate>
    <Style_Titlebar>false</Style_Titlebar>
    <Style_Closebox>false</Style_Closebox>
    <Style_Minimizebox>false</Style_Minimizebox>
    <Style_Border>true</Style_Border>
    <Style_Sizable>false</Style_Sizable>
    <Pieces>CSPW_Spell0</Pieces>
    <Pieces>CSPW_Spell1</Pieces>
    <Pieces>CSPW_Spell2</Pieces>
    <Pieces>CSPW_Spell3</Pieces>
    <Pieces>CSPW_Spell4</Pieces>
    <Pieces>CSPW_Spell5</Pieces>
    <Pieces>CSPW_Spell6</Pieces>
    <Pieces>CSPW_Spell7</Pieces>
    <Pieces>CSPW_SpellBook</Pieces>
    <!-- Extra Pieces added by Brujoloco for Lunakin Quarmified Nov 17 2023 -->
    	<Pieces>CSPW_Spell0_Name</Pieces>
		<Pieces>CSPW_Spell1_Name</Pieces>
		<Pieces>CSPW_Spell2_Name</Pieces>
		<Pieces>CSPW_Spell3_Name</Pieces>
		<Pieces>CSPW_Spell4_Name</Pieces>
		<Pieces>CSPW_Spell5_Name</Pieces>
		<Pieces>CSPW_Spell6_Name</Pieces>
		<Pieces>CSPW_Spell7_Name</Pieces>
        <Pieces>CSPW_Spell0_No</Pieces>
		<Pieces>CSPW_Spell1_No</Pieces>
		<Pieces>CSPW_Spell2_No</Pieces>
		<Pieces>CSPW_Spell3_No</Pieces>
		<Pieces>CSPW_Spell4_No</Pieces>
		<Pieces>CSPW_Spell5_No</Pieces>
		<Pieces>CSPW_Spell6_No</Pieces>
		<Pieces>CSPW_Spell7_No</Pieces>
  </Screen>
</XML>
