<?xml version="1.0" encoding="us-ascii"?>
<XML ID="EQInterfaceDefinitionLanguage">
  <Schema xmlns="EverQuestData" xmlns:dt="EverQuestDataTypes" />
  <!-- Original Translunwrap by Lunakin modified for Project Quarm by Brujoloco -->
  <!-- Full rework to comply with version 2.0 of Lunakin on Nov 11 2023 by Brujoloco -->
  <!-- New Zeal Feature Added : XP Per Hour by request May 30 2025 by Brujoloco -->
  <Label item="Target_HPPercLabel">
    <ScreenID>HPPercLabel</ScreenID>
    <Font>3</Font>
    <Text>Imalabel</Text>
    <TextColor>
      <R>255</R>
      <G>255</G>
      <B>255</B>
    </TextColor>
    <Size>
      <CX>1</CX>
      <CY>1</CY>
    </Size>
    <AlignCenter>true</AlignCenter>
    <Location>
      <X>0</X>
      <Y>0</Y>
    </Location>
  </Label>
  <Label item="Target_HPLabel">
    <ScreenID>HPLabel</ScreenID>
    <Font>3</Font>
    <Text>Imalabel</Text>
    <TextColor>
      <R>255</R>
      <G>255</G>
      <B>255</B>
    </TextColor>
    <Size>
      <CX>1</CX>
      <CY>1</CY>
    </Size>
    <AlignCenter>true</AlignCenter>
    <Location>
      <X>0</X>
      <Y>0</Y>
    </Location>
    <EQType>29</EQType>
  </Label>
  <InvSlot item="TW_Face3">
    <ScreenID>Face</ScreenID>
    <!--<Font>3</Font>-->
    <RelativePosition>true</RelativePosition>
    <Location>
      <X>81</X>
      <Y>120</Y>
    </Location>
    <Size>
      <CX>40</CX>
      <CY>40</CY>
    </Size>
    <Background>A_InvFace</Background>
    <EQType>3</EQType>
    <Style_VScroll>false</Style_VScroll>
    <Style_HScroll>false</Style_HScroll>
    <Style_Transparent>false</Style_Transparent>
    <!--<TooltipReference/>-->
  </InvSlot>
  <InvSlot item="TW_Shoulder3">
    <ScreenID>Shoulder</ScreenID>
    <!--<Font>3</Font>-->
    <RelativePosition>true</RelativePosition>
    <Location>
      <X>41</X>
      <Y>120</Y>
    </Location>
    <Size>
      <CX>40</CX>
      <CY>40</CY>
    </Size>
    <Background>A_InvShoulders</Background>
    <EQType>6</EQType>
    <Style_VScroll>false</Style_VScroll>
    <Style_HScroll>false</Style_HScroll>
    <Style_Transparent>false</Style_Transparent>
    <!--<TooltipReference/>-->
  </InvSlot>
  <InvSlot item="TW_Rwrist3">
    <ScreenID>Right_Wrist</ScreenID>
    <!--<Font>3</Font>-->
    <RelativePosition>true</RelativePosition>
    <Location>
      <X>81</X>
      <Y>80</Y>
    </Location>
    <Size>
      <CX>40</CX>
      <CY>40</CY>
    </Size>
    <Background>A_InvWrist</Background>
    <EQType>10</EQType>
    <Style_VScroll>false</Style_VScroll>
    <Style_HScroll>false</Style_HScroll>
    <Style_Transparent>false</Style_Transparent>
    <!--<TooltipReference/>-->
  </InvSlot>
  <InvSlot item="TW_Left1pg2">
    <ScreenID>Inv_Left1</ScreenID>
    <!--<Font>3</Font>-->
    <RelativePosition>true</RelativePosition>
    <Location>
      <X>1</X>
      <Y>80</Y>
    </Location>
    <Size>
      <CX>40</CX>
      <CY>40</CY>
    </Size>
    <Background>A_RecessedBox</Background>
    <EQType>22</EQType>
    <Style_VScroll>false</Style_VScroll>
    <Style_HScroll>false</Style_HScroll>
    <Style_Transparent>false</Style_Transparent>
    <!--<TooltipReference/>-->
  </InvSlot>
  <InvSlot item="TW_Right3pg2">
    <ScreenID>Inv_Left1</ScreenID>
    <!--<Font>3</Font>-->
    <RelativePosition>true</RelativePosition>
    <Location>
      <X>1</X>
      <Y>120</Y>
    </Location>
    <Size>
      <CX>40</CX>
      <CY>40</CY>
    </Size>
    <Background>A_RecessedBox</Background>
    <EQType>28</EQType>
    <Style_VScroll>false</Style_VScroll>
    <Style_HScroll>false</Style_HScroll>
    <Style_Transparent>false</Style_Transparent>
    <!--<TooltipReference/>-->
  </InvSlot>
  <InvSlot item="TW_Ammo2">
    <ScreenID>Ammo</ScreenID>
    <!--<Font>3</Font>-->
    <RelativePosition>true</RelativePosition>
    <Location>
      <X>41</X>
      <Y>120</Y>
    </Location>
    <Size>
      <CX>40</CX>
      <CY>40</CY>
    </Size>
    <Background>A_InvAmmo</Background>
    <EQType>21</EQType>
    <Style_VScroll>false</Style_VScroll>
    <Style_HScroll>false</Style_HScroll>
    <Style_Transparent>false</Style_Transparent>
    <!--<TooltipReference/>-->
  </InvSlot>
  <InvSlot item="TW_Range2">
    <ScreenID>Ranget</ScreenID>
    <!--<Font>3</Font>-->
    <RelativePosition>true</RelativePosition>
    <Location>
      <X>81</X>
      <Y>120</Y>
    </Location>
    <Size>
      <CX>40</CX>
      <CY>40</CY>
    </Size>
    <Background>A_InvRange</Background>
    <EQType>11</EQType>
    <Style_VScroll>false</Style_VScroll>
    <Style_HScroll>false</Style_HScroll>
    <Style_Transparent>false</Style_Transparent>
    <!--<TooltipReference/>-->
  </InvSlot>
  <InvSlot item="TW_Secondary2">
    <ScreenID>Secondary</ScreenID>
    <!--<Font>3</Font>-->
    <RelativePosition>true</RelativePosition>
    <Location>
      <X>81</X>
      <Y>40</Y>
    </Location>
    <Size>
      <CX>40</CX>
      <CY>40</CY>
    </Size>
    <Background>A_InvSecondary</Background>
    <EQType>14</EQType>
    <Style_VScroll>false</Style_VScroll>
    <Style_HScroll>false</Style_HScroll>
    <Style_Transparent>false</Style_Transparent>
    <!--<TooltipReference/>-->
  </InvSlot>
  <InvSlot item="TW_Primary2">
    <ScreenID>Primary</ScreenID>
    <!--<Font>3</Font>-->
    <RelativePosition>true</RelativePosition>
    <Location>
      <X>81</X>
      <Y>80</Y>
    </Location>
    <Size>
      <CX>40</CX>
      <CY>40</CY>
    </Size>
    <Background>A_InvPrimary</Background>
    <EQType>13</EQType>
    <Style_VScroll>false</Style_VScroll>
    <Style_HScroll>false</Style_HScroll>
    <Style_Transparent>false</Style_Transparent>
    <!--<TooltipReference/>-->
  </InvSlot>
  <InvSlot item="TW_Neck2">
    <ScreenID>Neck</ScreenID>
    <!--<Font>3</Font>-->
    <RelativePosition>true</RelativePosition>
    <Location>
      <X>41</X>
      <Y>40</Y>
    </Location>
    <Size>
      <CX>40</CX>
      <CY>40</CY>
    </Size>
    <Background>A_InvNeck</Background>
    <EQType>5</EQType>
    <Style_VScroll>false</Style_VScroll>
    <Style_HScroll>false</Style_HScroll>
    <Style_Transparent>false</Style_Transparent>
    <!--<TooltipReference/>-->
  </InvSlot>
  <InvSlot item="TW_Waist2">
    <ScreenID>Waist</ScreenID>
    <!--<Font>3</Font>-->
    <RelativePosition>true</RelativePosition>
    <Location>
      <X>1</X>
      <Y>40</Y>
    </Location>
    <Size>
      <CX>40</CX>
      <CY>40</CY>
    </Size>
    <Background>A_InvWaist</Background>
    <EQType>20</EQType>
    <Style_VScroll>false</Style_VScroll>
    <Style_HScroll>false</Style_HScroll>
    <Style_Transparent>false</Style_Transparent>
    <!--<TooltipReference/>-->
  </InvSlot>
  <InvSlot item="TW_Hands2">
    <ScreenID>Handst</ScreenID>
    <!--<Font>3</Font>-->
    <RelativePosition>true</RelativePosition>
    <Location>
      <X>81</X>
      <Y>0</Y>
    </Location>
    <Size>
      <CX>40</CX>
      <CY>40</CY>
    </Size>
    <Background>A_InvHands</Background>
    <EQType>12</EQType>
    <Style_VScroll>false</Style_VScroll>
    <Style_HScroll>false</Style_HScroll>
    <Style_Transparent>false</Style_Transparent>
    <!--<TooltipReference/>-->
  </InvSlot>
  <InvSlot item="TW_Lear2">
    <ScreenID>Left_Ear</ScreenID>
    <!--<Font>3</Font>-->
    <RelativePosition>true</RelativePosition>
    <Location>
      <X>41</X>
      <Y>0</Y>
    </Location>
    <Size>
      <CX>40</CX>
      <CY>40</CY>
    </Size>
    <Background>A_InvEar</Background>
    <EQType>1</EQType>
    <Style_VScroll>false</Style_VScroll>
    <Style_HScroll>false</Style_HScroll>
    <Style_Transparent>false</Style_Transparent>
    <!--<TooltipReference/>-->
  </InvSlot>
  <InvSlot item="TW_invright4p2">
    <ScreenID>Inv_Left2</ScreenID>
    <!--<Font>3</Font>-->
    <RelativePosition>true</RelativePosition>
    <Location>
      <X>1</X>
      <Y>120</Y>
    </Location>
    <Size>
      <CX>40</CX>
      <CY>40</CY>
    </Size>
    <Background>A_RecessedBox</Background>
    <EQType>29</EQType>
    <Style_VScroll>false</Style_VScroll>
    <Style_HScroll>false</Style_HScroll>
    <Style_Transparent>false</Style_Transparent>
    <!--<TooltipReference/>-->
  </InvSlot>
  <InvSlot item="TW_invright3p2">
    <ScreenID>Inv_Left2</ScreenID>
    <!--<Font>3</Font>-->
    <RelativePosition>true</RelativePosition>
    <Location>
      <X>1</X>
      <Y>80</Y>
    </Location>
    <Size>
      <CX>40</CX>
      <CY>40</CY>
    </Size>
    <Background>A_RecessedBox</Background>
    <EQType>28</EQType>
    <Style_VScroll>false</Style_VScroll>
    <Style_HScroll>false</Style_HScroll>
    <Style_Transparent>false</Style_Transparent>
    <!--<TooltipReference/>-->
  </InvSlot>
  <InvSlot item="TW_Lring3">
    <ScreenID>Inv_Left2</ScreenID>
    <!--<Font>3</Font>-->
    <RelativePosition>true</RelativePosition>
    <Location>
      <X>41</X>
      <Y>40</Y>
    </Location>
    <Size>
      <CX>40</CX>
      <CY>40</CY>
    </Size>
    <Background>A_InvRing</Background>
    <EQType>15</EQType>
    <Style_VScroll>false</Style_VScroll>
    <Style_HScroll>false</Style_HScroll>
    <Style_Transparent>false</Style_Transparent>
    <!--<TooltipReference/>-->
  </InvSlot>
  <InvSlot item="TW_Rear3">
    <ScreenID>Inv_Left2</ScreenID>
    <!--<Font>3</Font>-->
    <RelativePosition>true</RelativePosition>
    <Location>
      <X>81</X>
      <Y>0</Y>
    </Location>
    <Size>
      <CX>40</CX>
      <CY>40</CY>
    </Size>
    <Background>A_InvEar</Background>
    <EQType>4</EQType>
    <Style_VScroll>false</Style_VScroll>
    <Style_HScroll>false</Style_HScroll>
    <Style_Transparent>false</Style_Transparent>
    <!--<TooltipReference/>-->
  </InvSlot>
  <InvSlot item="TW_Lwrist3">
    <ScreenID>Inv_Left2</ScreenID>
    <!--<Font>3</Font>-->
    <RelativePosition>true</RelativePosition>
    <Location>
      <X>41</X>
      <Y>80</Y>
    </Location>
    <Size>
      <CX>40</CX>
      <CY>40</CY>
    </Size>
    <Background>A_InvWrist</Background>
    <EQType>9</EQType>
    <Style_VScroll>false</Style_VScroll>
    <Style_HScroll>false</Style_HScroll>
    <Style_Transparent>false</Style_Transparent>
    <!--<TooltipReference/>-->
  </InvSlot>
  <InvSlot item="TW_Rring3">
    <ScreenID>Inv_Left2</ScreenID>
    <!--<Font>3</Font>-->
    <RelativePosition>true</RelativePosition>
    <Location>
      <X>81</X>
      <Y>40</Y>
    </Location>
    <Size>
      <CX>40</CX>
      <CY>40</CY>
    </Size>
    <Background>A_InvRing</Background>
    <EQType>16</EQType>
    <Style_VScroll>false</Style_VScroll>
    <Style_HScroll>false</Style_HScroll>
    <Style_Transparent>false</Style_Transparent>
    <!--<TooltipReference/>-->
  </InvSlot>
  <InvSlot item="TW_Lear3">
    <ScreenID>Left_Ear</ScreenID>
    <!--<Font>3</Font>-->
    <RelativePosition>true</RelativePosition>
    <Location>
      <X>41</X>
      <Y>0</Y>
    </Location>
    <Size>
      <CX>40</CX>
      <CY>40</CY>
    </Size>
    <Background>A_InvEar</Background>
    <EQType>1</EQType>
    <Style_VScroll>false</Style_VScroll>
    <Style_HScroll>false</Style_HScroll>
    <Style_Transparent>false</Style_Transparent>
    <!--<TooltipReference/>-->
  </InvSlot>
  <InvSlot item="TW_rightwristp2">
    <ScreenID>Right_Wrist</ScreenID>
    <!--<Font>3</Font>-->
    <RelativePosition>true</RelativePosition>
    <Location>
      <X>41</X>
      <Y>80</Y>
    </Location>
    <Size>
      <CX>40</CX>
      <CY>40</CY>
    </Size>
    <Background>A_InvWrist</Background>
    <EQType>10</EQType>
    <Style_VScroll>false</Style_VScroll>
    <Style_HScroll>false</Style_HScroll>
    <Style_Transparent>false</Style_Transparent>
    <!--<TooltipReference/>-->
  </InvSlot>
  <!-- Here begins the slow process of bringing everything up from Lunakin Original, I do it while watching .. -->
  <!-- the infamous movie Creepshow, during the lake scene and the thing there that floats! good memories! -->
  <!-- if you want to edit this further, the base number to traslade everything up is 180 pixels! Love to all from Brujoloco -->
  <Label item="TW_PRnumb">
    <ScreenID>A_Label</ScreenID>
    <Font>4</Font>
    <Text>255</Text>
    <TextColor>
      <R>255</R>
      <G>255</G>
      <B>255</B>
    </TextColor>
    <Size>
      <CX>30</CX>
      <CY>15</CY>
    </Size>
    <AlignCenter>false</AlignCenter>
    <Location>
      <X>96</X>
      <Y>111</Y>
    </Location>
    <EQType>12</EQType>
    <AlignRight>false</AlignRight>
  </Label>
  <Label item="TW_DRnumb">
    <ScreenID>A_Label</ScreenID>
    <Font>4</Font>
    <Text>255</Text>
    <TextColor>
      <R>255</R>
      <G>255</G>
      <B>255</B>
    </TextColor>
    <Size>
      <CX>30</CX>
      <CY>15</CY>
    </Size>
    <AlignCenter>false</AlignCenter>
    <Location>
      <X>96</X>
      <Y>96</Y>
    </Location>
    <EQType>13</EQType>
    <AlignRight>false</AlignRight>
  </Label>
  <Label item="TW_FRnumb">
    <ScreenID>A_Label</ScreenID>
    <Font>4</Font>
    <Text>255</Text>
    <TextColor>
      <R>255</R>
      <G>255</G>
      <B>255</B>
    </TextColor>
    <Size>
      <CX>30</CX>
      <CY>15</CY>
    </Size>
    <AlignCenter>false</AlignCenter>
    <Location>
      <X>96</X>
      <Y>81</Y>
    </Location>
    <EQType>14</EQType>
    <AlignRight>false</AlignRight>
  </Label>
  <Label item="TW_CRnumb">
    <ScreenID>A_Label</ScreenID>
    <Font>4</Font>
    <Text>255</Text>
    <TextColor>
      <R>255</R>
      <G>255</G>
      <B>255</B>
    </TextColor>
    <Size>
      <CX>30</CX>
      <CY>15</CY>
    </Size>
    <AlignCenter>false</AlignCenter>
    <Location>
      <X>96</X>
      <Y>66</Y>
    </Location>
    <EQType>15</EQType>
    <AlignRight>false</AlignRight>
  </Label>
  <Label item="TW_PRlabel">
    <ScreenID>A_Label</ScreenID>
    <Font>4</Font>
    <Text>PR</Text>
    <TextColor>
      <R>200</R>
      <G>0</G>
      <B>240</B>
    </TextColor>
    <Size>
      <CX>30</CX>
      <CY>15</CY>
    </Size>
    <AlignCenter>true</AlignCenter>
    <Location>
      <X>63</X>
      <Y>111</Y>
    </Location>
  </Label>
  <Label item="TW_DRlabel">
    <ScreenID>A_Label</ScreenID>
    <Font>4</Font>
    <Text>DR</Text>
    <TextColor>
      <R>0</R>
      <G>200</G>
      <B>0</B>
    </TextColor>
    <Size>
      <CX>30</CX>
      <CY>15</CY>
    </Size>
    <AlignCenter>true</AlignCenter>
    <Location>
      <X>63</X>
      <Y>96</Y>
    </Location>
  </Label>
  <Label item="TW_Frlabel">
    <ScreenID>A_Label</ScreenID>
    <Font>4</Font>
    <Text>FR</Text>
    <TextColor>
      <R>240</R>
      <G>0</G>
      <B>0</B>
    </TextColor>
    <Size>
      <CX>30</CX>
      <CY>15</CY>
    </Size>
    <AlignCenter>true</AlignCenter>
    <Location>
      <X>63</X>
      <Y>81</Y>
    </Location>
  </Label>
  <Label item="TW_crlabel">
    <ScreenID>A_Label</ScreenID>
    <Font>4</Font>
    <Text>CR</Text>
    <TextColor>
      <R>100</R>
      <G>100</G>
      <B>255</B>
    </TextColor>
    <Size>
      <CX>30</CX>
      <CY>15</CY>
    </Size>
    <AlignCenter>true</AlignCenter>
    <Location>
      <X>63</X>
      <Y>66</Y>
    </Location>
  </Label>
  <Label item="TW_nothin">
    <ScreenID>A_Label</ScreenID>
    <Font>3</Font>
    <Text>Imalabel</Text>
    <TextColor>
      <R>255</R>
      <G>255</G>
      <B>255</B>
    </TextColor>
    <Size>
      <CX>1</CX>
      <CY>1</CY>
    </Size>
    <AlignCenter>true</AlignCenter>
    <Location>
      <X>0</X>
      <Y>0</Y>
    </Location>
  </Label>
  <Label item="TW_ACLabel">
    <ScreenID>A_Label</ScreenID>
    <Font>4</Font>
    <Text>AC</Text>
    <TextColor>
      <R>255</R>
      <G>255</G>
      <B>255</B>
    </TextColor>
    <Size>
      <CX>60</CX>
      <CY>15</CY>
    </Size>
    <AlignCenter>true</AlignCenter>
    <Location>
      <X>64</X>
      <Y>24</Y>
    </Location>
  </Label>
  <Label item="TW_AtkLabel">
    <ScreenID>A_Label</ScreenID>
    <Font>3</Font>
    <Text>ATK</Text>
    <TextColor>
      <R>255</R>
      <G>255</G>
      <B>255</B>
    </TextColor>
    <Size>
      <CX>60</CX>
      <CY>15</CY>
    </Size>
    <AlignCenter>true</AlignCenter>
    <Location>
      <X>2</X>
      <Y>24</Y>
    </Location>
  </Label>
  <Label item="TW_MRNumb">
    <ScreenID>A_Label</ScreenID>
    <Font>4</Font>
    <Text>255</Text>
    <TextColor>
      <R>255</R>
      <G>255</G>
      <B>255</B>
    </TextColor>
    <Size>
      <CX>30</CX>
      <CY>15</CY>
    </Size>
    <AlignCenter>False</AlignCenter>
    <Location>
      <X>96</X>
      <Y>51</Y>
    </Location>
    <EQType>16</EQType>
    <AlignRight>False</AlignRight>
  </Label>
  <Label item="TW_MRLabel">
    <ScreenID>A_Label</ScreenID>
    <Font>4</Font>
    <Text>MR</Text>
    <TextColor>
      <R>240</R>
      <G>240</G>
      <B>0</B>
    </TextColor>
    <Size>
      <CX>30</CX>
      <CY>15</CY>
    </Size>
    <AlignCenter>true</AlignCenter>
    <Location>
      <X>63</X>
      <Y>51</Y>
    </Location>
  </Label>
  <Label item="TW_ACNumb">
    <ScreenID>A_Label</ScreenID>
    <Font>5</Font>
    <Text>1234</Text>
    <TextColor>
      <R>255</R>
      <G>255</G>
      <B>255</B>
    </TextColor>
    <Size>
      <CX>60</CX>
      <CY>15</CY>
    </Size>
    <AlignCenter>true</AlignCenter>
    <Location>
      <X>64</X>
      <Y>36</Y>
    </Location>
    <EQType>22</EQType>
  </Label>
  <Label item="TW_AtkNumb">
    <ScreenID>A_Label</ScreenID>
    <Font>5</Font>
    <Text>1234</Text>
    <TextColor>
      <R>255</R>
      <G>255</G>
      <B>255</B>
    </TextColor>
    <Size>
      <CX>60</CX>
      <CY>15</CY>
    </Size>
    <AlignCenter>true</AlignCenter>
    <Location>
      <X>2</X>
      <Y>36</Y>
    </Location>
    <EQType>23</EQType>
  </Label>
  <Label item="TW_HPslash">
    <ScreenID>A_Label</ScreenID>
    <Font>6</Font>
    <Text>/</Text>
    <TextColor>
      <R>255</R>
      <G>255</G>
      <B>255</B>
    </TextColor>
    <Size>
      <CX>13</CX>
      <CY>20</CY>
    </Size>
    <AlignCenter>true</AlignCenter>
    <Location>
      <X>60</X>
      <Y>5</Y>
    </Location>
  </Label>
  <Label item="TW_HPMax">
    <ScreenID>A_Label</ScreenID>
    <Font>6</Font>
    <Text>9999</Text>
    <TextColor>
      <R>255</R>
      <G>255</G>
      <B>255</B>
    </TextColor>
    <Size>
      <CX>55</CX>
      <CY>20</CY>
    </Size>
    <AlignCenter>true</AlignCenter>
    <Location>
      <X>69</X>
      <Y>5</Y>
    </Location>
    <EQType>18</EQType>
  </Label>
  <Label item="TW_HPcurrent">
    <ScreenID>A_Label</ScreenID>
    <Font>6</Font>
    <Text>9999</Text>
    <TextColor>
      <R>255</R>
      <G>255</G>
      <B>255</B>
    </TextColor>
    <Size>
      <CX>55</CX>
      <CY>20</CY>
    </Size>
    <AlignCenter>false</AlignCenter>
    <Location>
      <X>1</X>
      <Y>5</Y>
    </Location>
    <AlignRight>true</AlignRight>
    <EQType>17</EQType>
  </Label>
  <InvSlot item="TW_Neck3">
    <ScreenID>Inv_Left2</ScreenID>
    <!--<Font>3</Font>-->
    <RelativePosition>true</RelativePosition>
    <Location>
      <X>1</X>
      <Y>40</Y>
    </Location>
    <Size>
      <CX>40</CX>
      <CY>40</CY>
    </Size>
    <Background>A_InvNeck</Background>
    <EQType>5</EQType>
    <Style_VScroll>false</Style_VScroll>
    <Style_HScroll>false</Style_HScroll>
    <Style_Transparent>false</Style_Transparent>
    <!--<TooltipReference/>-->
  </InvSlot>
  <InvSlot item="TW_invleft1p2">
    <ScreenID>Inv_Left1</ScreenID>
    <!--<Font>3</Font>-->
    <RelativePosition>true</RelativePosition>
    <Location>
      <X>1</X>
      <Y>0</Y>
    </Location>
    <Size>
      <CX>40</CX>
      <CY>40</CY>
    </Size>
    <Background>A_InvRange</Background>
    <EQType>11</EQType>
    <Style_VScroll>false</Style_VScroll>
    <Style_HScroll>false</Style_HScroll>
    <Style_Transparent>false</Style_Transparent>
    <!--<TooltipReference/>-->
  </InvSlot>
  <InvSlot item="TW_Face2">
    <ScreenID>Chestt</ScreenID>
    <!--<Font>3</Font>-->
    <RelativePosition>true</RelativePosition>
    <Location>
      <X>1</X>
      <Y>0</Y>
    </Location>
    <Size>
      <CX>40</CX>
      <CY>40</CY>
    </Size>
    <Background>A_InvFace</Background>
    <EQType>3</EQType>
    <Style_VScroll>false</Style_VScroll>
    <Style_HScroll>false</Style_HScroll>
    <Style_Transparent>false</Style_Transparent>
    <!--<TooltipReference/>-->
  </InvSlot>
  <Label item="TW_slash">
    <ScreenID>A_Label</ScreenID>
    <Font>4</Font>
    <Text>/</Text>
    <TextColor>
      <R>255</R>
      <G>255</G>
      <B>255</B>
    </TextColor>
    <Size>
      <CX>7</CX>
      <CY>15</CY>
    </Size>
    <AlignCenter>true</AlignCenter>
    <Location>
      <X>91</X>
      <Y>141</Y>
    </Location>
  </Label>
  <Label item="TW_max_wt">
    <ScreenID>A_Label</ScreenID>
    <Font>4</Font>
    <Text>300</Text>
    <TextColor>
      <R>255</R>
      <G>255</G>
      <B>255</B>
    </TextColor>
    <Size>
      <CX>27</CX>
      <CY>15</CY>
    </Size>
    <AlignCenter>true</AlignCenter>
    <Location>
      <X>97</X>
      <Y>141</Y>
    </Location>
    <EQType>25</EQType>
  </Label>
  <Label item="TW_curr_st">
    <ScreenID>A_Label</ScreenID>
    <Font>4</Font>
    <Text>300</Text>
    <TextColor>
      <R>255</R>
      <G>255</G>
      <B>255</B>
    </TextColor>
    <Size>
      <CX>27</CX>
      <CY>15</CY>
    </Size>
    <AlignCenter>true</AlignCenter>
    <Location>
      <X>68</X>
      <Y>141</Y>
    </Location>
    <EQType>24</EQType>
  </Label>
  <Label item="TW)wt_label">
    <ScreenID>A_Label</ScreenID>
    <Font>4</Font>
    <Text>wt</Text>
    <TextColor>
      <R>255</R>
      <G>255</G>
      <B>255</B>
    </TextColor>
    <Size>
      <CX>25</CX>
      <CY>15</CY>
    </Size>
    <AlignCenter>true</AlignCenter>
    <Location>
      <X>83</X>
      <Y>126</Y>
    </Location>
  </Label>
  <!-- hmmm possibilities here ... -Brujoloco -->
  <StaticAnimation item="TW_ClassAnim">
    <ScreenID>ClassAnim</ScreenID>
    <Location>
      <X>3</X>
      <Y>185</Y>
    </Location>
    <Size>
      <CX>1</CX>
      <CY>1</CY>
    </Size>
    <Animation>A_ClassAnim04</Animation>
  </StaticAnimation>
  <Label item="TW_Cha_value">
    <ScreenID>A_Label</ScreenID>
    <Font>4</Font>
    <Text>255</Text>
    <TextColor>
      <R>255</R>
      <G>255</G>
      <B>255</B>
    </TextColor>
    <Size>
      <CX>26</CX>
      <CY>15</CY>
    </Size>
    <AlignCenter>true</AlignCenter>
    <Location>
      <X>35</X>
      <Y>141</Y>
    </Location>
    <EQType>11</EQType>
  </Label>
  <Label item="TW_Int_value">
    <ScreenID>A_Label</ScreenID>
    <Font>4</Font>
    <Text>255</Text>
    <TextColor>
      <R>255</R>
      <G>255</G>
      <B>255</B>
    </TextColor>
    <Size>
      <CX>26</CX>
      <CY>15</CY>
    </Size>
    <AlignCenter>true</AlignCenter>
    <Location>
      <X>35</X>
      <Y>126</Y>
    </Location>
    <EQType>10</EQType>
  </Label>
  <Label item="TW_Wis_value">
    <ScreenID>A_Label</ScreenID>
    <Font>4</Font>
    <Text>255</Text>
    <TextColor>
      <R>255</R>
      <G>255</G>
      <B>255</B>
    </TextColor>
    <Size>
      <CX>26</CX>
      <CY>15</CY>
    </Size>
    <AlignCenter>true</AlignCenter>
    <Location>
      <X>35</X>
      <Y>111</Y>
    </Location>
    <EQType>9</EQType>
  </Label>
  <Label item="TW_Dex_value">
    <ScreenID>A_Label</ScreenID>
    <Font>4</Font>
    <Text>255</Text>
    <TextColor>
      <R>255</R>
      <G>255</G>
      <B>255</B>
    </TextColor>
    <Size>
      <CX>26</CX>
      <CY>15</CY>
    </Size>
    <AlignCenter>true</AlignCenter>
    <Location>
      <X>35</X>
      <Y>81</Y>
    </Location>
    <EQType>7</EQType>
  </Label>
  <Label item="TW_Dex_label">
    <ScreenID>A_Label</ScreenID>
    <Font>4</Font>
    <Text>DEX</Text>
    <TextColor>
      <R>255</R>
      <G>255</G>
      <B>255</B>
    </TextColor>
    <Size>
      <CX>33</CX>
      <CY>15</CY>
    </Size>
    <AlignCenter>False</AlignCenter>
    <Location>
      <X>2</X>
      <Y>81</Y>
    </Location>
    <AlignRight>False</AlignRight>
  </Label>
  <Label item="TW_Agi_value">
    <ScreenID>A_Label</ScreenID>
    <Font>4</Font>
    <Text>255</Text>
    <TextColor>
      <R>255</R>
      <G>255</G>
      <B>255</B>
    </TextColor>
    <Size>
      <CX>26</CX>
      <CY>15</CY>
    </Size>
    <AlignCenter>true</AlignCenter>
    <Location>
      <X>35</X>
      <Y>96</Y>
    </Location>
    <EQType>8</EQType>
  </Label>
  <Label item="TW_Sta_value">
    <ScreenID>A_Label</ScreenID>
    <Font>4</Font>
    <Text>255</Text>
    <TextColor>
      <R>255</R>
      <G>255</G>
      <B>255</B>
    </TextColor>
    <Size>
      <CX>26</CX>
      <CY>15</CY>
    </Size>
    <AlignCenter>true</AlignCenter>
    <Location>
      <X>35</X>
      <Y>66</Y>
    </Location>
    <EQType>6</EQType>
  </Label>
  <Label item="TW_Str_value">
    <ScreenID>A_Label</ScreenID>
    <Font>4</Font>
    <Text>255</Text>
    <TextColor>
      <R>255</R>
      <G>255</G>
      <B>255</B>
    </TextColor>
    <Size>
      <CX>26</CX>
      <CY>15</CY>
    </Size>
    <AlignCenter>true</AlignCenter>
    <Location>
      <X>35</X>
      <Y>51</Y>
    </Location>
    <EQType>5</EQType>
  </Label>
  <Label item="TW_Cha_label">
    <ScreenID>A_Label</ScreenID>
    <Font>4</Font>
    <Text>CHA</Text>
    <TextColor>
      <R>255</R>
      <G>255</G>
      <B>255</B>
    </TextColor>
    <Size>
      <CX>33</CX>
      <CY>15</CY>
    </Size>
    <AlignCenter>false</AlignCenter>
    <Location>
      <X>2</X>
      <Y>141</Y>
    </Location>
    <AlignRight>false</AlignRight>
  </Label>
  <Label item="TW_Int_label">
    <ScreenID>A_Label</ScreenID>
    <Font>4</Font>
    <Text>INT</Text>
    <TextColor>
      <R>255</R>
      <G>255</G>
      <B>255</B>
    </TextColor>
    <Size>
      <CX>33</CX>
      <CY>15</CY>
    </Size>
    <AlignCenter>false</AlignCenter>
    <Location>
      <X>2</X>
      <Y>126</Y>
    </Location>
    <AlignRight>false</AlignRight>
  </Label>
  <Label item="TW_Wis_label">
    <ScreenID>A_Label</ScreenID>
    <Font>4</Font>
    <Text>WIS</Text>
    <TextColor>
      <R>255</R>
      <G>255</G>
      <B>255</B>
    </TextColor>
    <Size>
      <CX>33</CX>
      <CY>15</CY>
    </Size>
    <AlignCenter>false</AlignCenter>
    <Location>
      <X>2</X>
      <Y>111</Y>
    </Location>
    <AlignRight>false</AlignRight>
  </Label>
  <Label item="TW_Agi_label">
    <ScreenID>A_Label</ScreenID>
    <Font>4</Font>
    <Text>AGI</Text>
    <TextColor>
      <R>255</R>
      <G>255</G>
      <B>255</B>
    </TextColor>
    <Size>
      <CX>33</CX>
      <CY>15</CY>
    </Size>
    <AlignCenter>false</AlignCenter>
    <Location>
      <X>2</X>
      <Y>96</Y>
    </Location>
    <AlignRight>false</AlignRight>
  </Label>
  <Label item="TW_Sta_label">
    <ScreenID>A_Label</ScreenID>
    <Font>4</Font>
    <Text>STA</Text>
    <TextColor>
      <R>255</R>
      <G>255</G>
      <B>255</B>
    </TextColor>
    <Size>
      <CX>33</CX>
      <CY>15</CY>
    </Size>
    <AlignCenter>false</AlignCenter>
    <Location>
      <X>2</X>
      <Y>66</Y>
    </Location>
    <AlignRight>false</AlignRight>
  </Label>
  <Label item="TW_Str_label">
    <ScreenID>A_Label</ScreenID>
    <Font>4</Font>
    <Text>STR</Text>
    <TextColor>
      <R>255</R>
      <G>255</G>
      <B>255</B>
    </TextColor>
    <Size>
      <CX>33</CX>
      <CY>15</CY>
    </Size>
    <AlignCenter>false</AlignCenter>
    <Location>
      <X>2</X>
      <Y>51</Y>
    </Location>
    <AlignRight>false</AlignRight>
  </Label>
  <!-- End of Pushing UP original Locations for a more square Target bar loaded with info from Lunakin -->
  <!-- Adding now XP and Possibly AA XP here - Brujoloco -->
 <Gauge item="TW_ExpGauge">
    <ScreenID>ExpGauge</ScreenID>
    <!--<Font>3</Font>-->
    <RelativePosition>true</RelativePosition>
    <Location>
      <X>1</X>
      <Y>165</Y>
    </Location>
    <Size>
      <CX>128</CX>
      <CY>8</CY>
    </Size>
    <GaugeOffsetY>0</GaugeOffsetY>
    <GaugeOffsetX>3</GaugeOffsetX>
    <Style_VScroll>false</Style_VScroll>
    <Style_HScroll>false</Style_HScroll>
    <Style_Transparent>false</Style_Transparent>
    <!--<TooltipReference/>-->
    <FillTint>
      <R>220</R>
      <G>150</G>
      <B>0</B>
    </FillTint>
    <LinesFillTint>
      <R>0</R>
      <G>80</G>
      <B>220</B>
    </LinesFillTint>
    <DrawLinesFill>true</DrawLinesFill>
    <EQType>4</EQType>
    <GaugeDrawTemplate>
      <Background>A_GaugeBackground</Background>
      <Fill>A_GaugeFill</Fill>
      <Lines>A_GaugeLines</Lines>
      <LinesFill>A_GaugeLinesFill</LinesFill>
    </GaugeDrawTemplate>
  </Gauge>
  <Label item="TW_EXP_Percentage">
    <Font>2</Font>
    <EQType>26</EQType>
    <RelativePosition>true</RelativePosition>
    <Location>
      <X>73</X>
      <Y>165</Y>
    </Location>
    <Size>
      <CX>60</CX>
      <CY>12</CY>
    </Size>
    <Text>Playername123456</Text>
    <TextColor>
      <R>240</R>
      <G>240</G>
      <B>240</B>
    </TextColor>
    <NoWrap>true</NoWrap>
    <AlignCenter>false</AlignCenter>
    <AlignRight>true</AlignRight>
  </Label>
<!-- End of Adding XP Gauge and %  -->

  	<!-- XP Per Hour by Zeal -->
	<Label item ="ZealXP_Hour">
	  <Font>3</Font>
    <EQType>81</EQType>
    <RelativePosition>true</RelativePosition>
    <Location>
      <X>45</X>
      <Y>174</Y>
    </Location>
    <Size>
      <CX>90</CX>
      <CY>12</CY>
    </Size>
    <Text>6969</Text>
    <TextColor>
      <R>240</R>
      <G>240</G>
      <B>240</B>
    </TextColor>
    <NoWrap>true</NoWrap>
    <AlignCenter>false</AlignCenter>
    <AlignRight>false</AlignRight>
    <AlignLeft>true</AlignLeft>
  </Label>
  <Label item="ZealXP_HourL">
    <ScreenID>A_Label</ScreenID>
    <Font>3</Font>
    <Text>XPH</Text>
    <TextColor>
      <R>255</R>
      <G>165</G>
      <B>0</B>
    </TextColor>
    <Size>
      <CX>30</CX>
      <CY>15</CY>
    </Size>
    <AlignCenter>true</AlignCenter>
    <Location>
      <X>1</X>
      <Y>175</Y>
    </Location>
  </Label>
	<!-- End XP per Hour by Zeal -->
    <!-- Current-Max Inv Slots by Zeal -->
	<Label item ="Zeal_INV">
	  <Font>3</Font>
    <EQType>83</EQType>
    <RelativePosition>true</RelativePosition>
    <Location>
      <X>187</X>
      <Y>175</Y>
    </Location>
    <Size>
      <CX>90</CX>
      <CY>12</CY>
    </Size>
    <Text>6969</Text>
    <TextColor>
      <R>240</R>
      <G>240</G>
      <B>240</B>
    </TextColor>
    <NoWrap>true</NoWrap>
    <AlignCenter>false</AlignCenter>
    <AlignRight>false</AlignRight>
    <AlignLeft>true</AlignLeft>
  </Label>

	<!-- End Current/Max INV slots Count -->
	<!-- Current-Max Inv Slots by Zeal -->
	<Label item ="Zeal_INV2">
	  <Font>3</Font>
    <EQType>84</EQType>
    <RelativePosition>true</RelativePosition>
    <Location>
      <X>237</X>
      <Y>175</Y>
    </Location>
    <Size>
      <CX>90</CX>
      <CY>12</CY>
    </Size>
    <Text>6969</Text>
    <TextColor>
      <R>240</R>
      <G>240</G>
      <B>240</B>
    </TextColor>
    <NoWrap>true</NoWrap>
    <AlignCenter>false</AlignCenter>
    <AlignRight>false</AlignRight>
    <AlignLeft>true</AlignLeft>
  </Label>

	<!-- End Current/Max INV slots Count2 + Start of Inv Labels-->
 <Label item="Zeal_INV3">
    <ScreenID>A_Label</ScreenID>
    <Font>3</Font>
    <Text>Free</Text>
    <TextColor>
      <R>1</R>
      <G>255</G>
      <B>1</B>
    </TextColor>
    <Size>
      <CX>30</CX>
      <CY>15</CY>
    </Size>
    <AlignCenter>true</AlignCenter>
    <Location>
      <X>156</X>
      <Y>175</Y>
    </Location>
  </Label>
   <Label item="Zeal_INV4">
    <ScreenID>A_Label</ScreenID>
    <Font>3</Font>
    <Text>Total</Text>
    <TextColor>
      <R>1</R>
      <G>200</G>
      <B>255</B>
    </TextColor>
    <Size>
      <CX>30</CX>
      <CY>15</CY>
    </Size>
    <AlignCenter>true</AlignCenter>
    <Location>
      <X>205</X>
      <Y>175</Y>
    </Location>
  </Label>
  <!-- End Labels for Free and Max Inv Slots by Zeal -->
<!-- Start Adding AA and Gauge for Future  Xpacs, its only Nov 11 203, quite a few months for Luclin!-->

 <Label item="TW_AA_Percentage">
    <Font>2</Font>
    <EQType>27</EQType>
    <RelativePosition>true</RelativePosition>
    <Location>
      <X>73</X>
      <Y>180</Y>
    </Location>
    <Size>
      <CX>60</CX>
      <CY>12</CY>
    </Size>
    <Text>Playername123456</Text>
    <TextColor>
      <R>240</R>
      <G>240</G>
      <B>240</B>
    </TextColor>
    <NoWrap>true</NoWrap>
    <AlignCenter>false</AlignCenter>
    <AlignRight>true</AlignRight>
  </Label>
	<Gauge item="TW_AAGauge">
    <ScreenID>ExpGauge</ScreenID>
    <!--<Font>3</Font>-->
    <RelativePosition>true</RelativePosition>
    <Location>
      <X>1</X>
      <Y>180</Y>
    </Location>
    <Size>
      <CX>128</CX>
      <CY>8</CY>
    </Size>
    <GaugeOffsetY>0</GaugeOffsetY>
    <GaugeOffsetX>3</GaugeOffsetX>
    <Style_VScroll>false</Style_VScroll>
    <Style_HScroll>false</Style_HScroll>
    <Style_Transparent>false</Style_Transparent>
    <!--<TooltipReference/>-->
    <FillTint>
      <R>220</R>
      <G>150</G>
      <B>0</B>
    </FillTint>
    <LinesFillTint>
      <R>0</R>
      <G>80</G>
      <B>220</B>
    </LinesFillTint>
    <DrawLinesFill>true</DrawLinesFill>
    <EQType>5</EQType>
    <GaugeDrawTemplate>
      <Background>A_GaugeBackground</Background>
      <Fill>A_GaugeFill</Fill>
      <Lines>A_GaugeLines</Lines>
      <LinesFill>A_GaugeLinesFill</LinesFill>
    </GaugeDrawTemplate>
  </Gauge>

  <!-- End of Adding AA and Gauge for Future Xpacs - Brujoloco -->
  <InvSlot item="TW_Charm">
    <ScreenID>Charm</ScreenID>
    <!--<Font>3</Font>-->
    <RelativePosition>true</RelativePosition>
    <Location>
      <X>97</X>
      <Y>105</Y>
    </Location>
    <Size>
      <CX>24</CX>
      <CY>24</CY>
    </Size>
    <Background>A_InvCharm</Background>
    <EQType>0</EQType>
    <Style_VScroll>false</Style_VScroll>
    <Style_HScroll>false</Style_HScroll>
    <Style_Transparent>false</Style_Transparent>
    <!--<TooltipReference/>-->
  </InvSlot>
  <InvSlot item="TW_Right_Wrist">
    <ScreenID>Right_Wrist</ScreenID>
    <!--<Font>3</Font>-->
    <RelativePosition>true</RelativePosition>
    <Location>
      <X>73</X>
      <Y>33</Y>
    </Location>
    <Size>
      <CX>24</CX>
      <CY>24</CY>
    </Size>
    <Background>A_InvWrist</Background>
    <EQType>10</EQType>
    <Style_VScroll>false</Style_VScroll>
    <Style_HScroll>false</Style_HScroll>
    <Style_Transparent>false</Style_Transparent>
    <!--<TooltipReference/>-->
  </InvSlot>
  <InvSlot item="TW_Left_Wrist">
    <ScreenID>Left_Wrist</ScreenID>
    <!--<Font>3</Font>-->
    <RelativePosition>true</RelativePosition>
    <Location>
      <X>25</X>
      <Y>33</Y>
    </Location>
    <Size>
      <CX>24</CX>
      <CY>24</CY>
    </Size>
    <Background>A_InvWrist</Background>
    <EQType>9</EQType>
    <Style_VScroll>false</Style_VScroll>
    <Style_HScroll>false</Style_HScroll>
    <Style_Transparent>false</Style_Transparent>
    <!--<TooltipReference/>-->
  </InvSlot>
  <InvSlot item="TW_right4">
    <ScreenID>Inv_Left1</ScreenID>
    <!--<Font>3</Font>-->
    <RelativePosition>true</RelativePosition>
    <Location>
      <X>25</X>
      <Y>129</Y>
    </Location>
    <Size>
      <CX>24</CX>
      <CY>24</CY>
    </Size>
    <Background>A_RecessedBox</Background>
    <EQType>29</EQType>
    <Style_VScroll>false</Style_VScroll>
    <Style_HScroll>false</Style_HScroll>
    <Style_Transparent>false</Style_Transparent>
    <!--<TooltipReference/>-->
  </InvSlot>
  <InvSlot item="TW_right3">
    <ScreenID>Inv_Left1</ScreenID>
    <!--<Font>3</Font>-->
    <RelativePosition>true</RelativePosition>
    <Location>
      <X>25</X>
      <Y>105</Y>
    </Location>
    <Size>
      <CX>24</CX>
      <CY>24</CY>
    </Size>
    <Background>A_RecessedBox</Background>
    <EQType>28</EQType>
    <Style_VScroll>false</Style_VScroll>
    <Style_HScroll>false</Style_HScroll>
    <Style_Transparent>false</Style_Transparent>
    <!--<TooltipReference/>-->
  </InvSlot>
  <InvSlot item="TW_right2">
    <ScreenID>Inv_Left1</ScreenID>
    <!--<Font>3</Font>-->
    <RelativePosition>true</RelativePosition>
    <Location>
      <X>25</X>
      <Y>81</Y>
    </Location>
    <Size>
      <CX>24</CX>
      <CY>24</CY>
    </Size>
    <Background>A_RecessedBox</Background>
    <EQType>27</EQType>
    <Style_VScroll>false</Style_VScroll>
    <Style_HScroll>false</Style_HScroll>
    <Style_Transparent>false</Style_Transparent>
    <!--<TooltipReference/>-->
  </InvSlot>
  <InvSlot item="TW_right1">
    <ScreenID>Inv_Left1</ScreenID>
    <!--<Font>3</Font>-->
    <RelativePosition>true</RelativePosition>
    <Location>
      <X>25</X>
      <Y>57</Y>
    </Location>
    <Size>
      <CX>24</CX>
      <CY>24</CY>
    </Size>
    <Background>A_RecessedBox</Background>
    <EQType>26</EQType>
    <Style_VScroll>false</Style_VScroll>
    <Style_HScroll>false</Style_HScroll>
    <Style_Transparent>false</Style_Transparent>
    <!--<TooltipReference/>-->
  </InvSlot>
  <InvSlot item="TW_left4">
    <ScreenID>Inv_Left1</ScreenID>
    <!--<Font>3</Font>-->
    <RelativePosition>true</RelativePosition>
    <Location>
      <X>1</X>
      <Y>129</Y>
    </Location>
    <Size>
      <CX>24</CX>
      <CY>24</CY>
    </Size>
    <Background>A_RecessedBox</Background>
    <EQType>25</EQType>
    <Style_VScroll>false</Style_VScroll>
    <Style_HScroll>false</Style_HScroll>
    <Style_Transparent>false</Style_Transparent>
    <!--<TooltipReference/>-->
  </InvSlot>
  <InvSlot item="TW_left3">
    <ScreenID>Inv_Left1</ScreenID>
    <!--<Font>3</Font>-->
    <RelativePosition>true</RelativePosition>
    <Location>
      <X>1</X>
      <Y>105</Y>
    </Location>
    <Size>
      <CX>24</CX>
      <CY>24</CY>
    </Size>
    <Background>A_RecessedBox</Background>
    <EQType>24</EQType>
    <Style_VScroll>false</Style_VScroll>
    <Style_HScroll>false</Style_HScroll>
    <Style_Transparent>false</Style_Transparent>
    <!--<TooltipReference/>-->
  </InvSlot>
  <InvSlot item="TW_left2">
    <ScreenID>Inv_Left2</ScreenID>
    <!--<Font>3</Font>-->
    <RelativePosition>true</RelativePosition>
    <Location>
      <X>1</X>
      <Y>81</Y>
    </Location>
    <Size>
      <CX>24</CX>
      <CY>24</CY>
    </Size>
    <Background>A_RecessedBox</Background>
    <EQType>23</EQType>
    <Style_VScroll>false</Style_VScroll>
    <Style_HScroll>false</Style_HScroll>
    <Style_Transparent>false</Style_Transparent>
    <!--<TooltipReference/>-->
  </InvSlot>
  <InvSlot item="TW_left1">
    <ScreenID>Inv_Left1</ScreenID>
    <!--<Font>3</Font>-->
    <RelativePosition>true</RelativePosition>
    <Location>
      <X>1</X>
      <Y>57</Y>
    </Location>
    <Size>
      <CX>24</CX>
      <CY>24</CY>
    </Size>
    <Background>A_RecessedBox</Background>
    <EQType>22</EQType>
    <Style_VScroll>false</Style_VScroll>
    <Style_HScroll>false</Style_HScroll>
    <Style_Transparent>false</Style_Transparent>
    <!--<TooltipReference/>-->
  </InvSlot>
  <InvSlot item="TW_feet">
    <ScreenID>Feet</ScreenID>
    <!--<Font>3</Font>-->
    <RelativePosition>true</RelativePosition>
    <Location>
      <X>73</X>
      <Y>105</Y>
    </Location>
    <Size>
      <CX>24</CX>
      <CY>24</CY>
    </Size>
    <Background>A_InvFeet</Background>
    <EQType>19</EQType>
    <Style_VScroll>false</Style_VScroll>
    <Style_HScroll>false</Style_HScroll>
    <Style_Transparent>false</Style_Transparent>
    <!--<TooltipReference/>-->
  </InvSlot>
  <InvSlot item="TW_Legs">
    <ScreenID>Legs</ScreenID>
    <!--<Font>3</Font>-->
    <RelativePosition>true</RelativePosition>
    <Location>
      <X>97</X>
      <Y>81</Y>
    </Location>
    <Size>
      <CX>24</CX>
      <CY>24</CY>
    </Size>
    <Background>A_InvLegs</Background>
    <EQType>18</EQType>
    <Style_VScroll>false</Style_VScroll>
    <Style_HScroll>false</Style_HScroll>
    <Style_Transparent>false</Style_Transparent>
    <!--<TooltipReference/>-->
  </InvSlot>
  <InvSlot item="TW_waist">
    <ScreenID>Waist</ScreenID>
    <!--<Font>3</Font>-->
    <RelativePosition>true</RelativePosition>
    <Location>
      <X>73</X>
      <Y>81</Y>
    </Location>
    <Size>
      <CX>24</CX>
      <CY>24</CY>
    </Size>
    <Background>A_InvWaist</Background>
    <EQType>20</EQType>
    <Style_VScroll>false</Style_VScroll>
    <Style_HScroll>false</Style_HScroll>
    <Style_Transparent>false</Style_Transparent>
    <!--<TooltipReference/>-->
  </InvSlot>
  <InvSlot item="TW_chest">
    <ScreenID>Chestt</ScreenID>
    <!--<Font>3</Font>-->
    <RelativePosition>true</RelativePosition>
    <Location>
      <X>49</X>
      <Y>81</Y>
    </Location>
    <Size>
      <CX>24</CX>
      <CY>24</CY>
    </Size>
    <Background>A_InvChest</Background>
    <EQType>17</EQType>
    <Style_VScroll>false</Style_VScroll>
    <Style_HScroll>false</Style_HScroll>
    <Style_Transparent>false</Style_Transparent>
    <!--<TooltipReference/>-->
  </InvSlot>
  <InvSlot item="TW_Ammo">
    <ScreenID>Ammo</ScreenID>
    <!--<Font>3</Font>-->
    <RelativePosition>true</RelativePosition>
    <Location>
      <X>49</X>
      <Y>105</Y>
    </Location>
    <Size>
      <CX>24</CX>
      <CY>24</CY>
    </Size>
    <Background>A_InvAmmo</Background>
    <EQType>21</EQType>
    <Style_VScroll>false</Style_VScroll>
    <Style_HScroll>false</Style_HScroll>
    <Style_Transparent>false</Style_Transparent>
    <!--<TooltipReference/>-->
  </InvSlot>
  <InvSlot item="TW_Range">
    <ScreenID>Ranget</ScreenID>
    <!--<Font>3</Font>-->
    <RelativePosition>true</RelativePosition>
    <Location>
      <X>49</X>
      <Y>129</Y>
    </Location>
    <Size>
      <CX>24</CX>
      <CY>24</CY>
    </Size>
    <Background>A_InvRange</Background>
    <EQType>11</EQType>
    <Style_VScroll>false</Style_VScroll>
    <Style_HScroll>false</Style_HScroll>
    <Style_Transparent>false</Style_Transparent>
    <!--<TooltipReference/>-->
  </InvSlot>
  <InvSlot item="TW_secondary">
    <ScreenID>Secondary</ScreenID>
    <!--<Font>3</Font>-->
    <RelativePosition>true</RelativePosition>
    <Location>
      <X>97</X>
      <Y>129</Y>
    </Location>
    <Size>
      <CX>24</CX>
      <CY>24</CY>
    </Size>
    <Background>A_InvSecondary</Background>
    <EQType>14</EQType>
    <Style_VScroll>false</Style_VScroll>
    <Style_HScroll>false</Style_HScroll>
    <Style_Transparent>false</Style_Transparent>
    <!--<TooltipReference/>-->
  </InvSlot>
  <InvSlot item="TW_primary">
    <ScreenID>Primary</ScreenID>
    <!--<Font>3</Font>-->
    <RelativePosition>true</RelativePosition>
    <Location>
      <X>73</X>
      <Y>129</Y>
    </Location>
    <Size>
      <CX>24</CX>
      <CY>24</CY>
    </Size>
    <Background>A_InvPrimary</Background>
    <EQType>13</EQType>
    <Style_VScroll>false</Style_VScroll>
    <Style_HScroll>false</Style_HScroll>
    <Style_Transparent>false</Style_Transparent>
    <!--<TooltipReference/>-->
  </InvSlot>
  <InvSlot item="TW_Hands">
    <ScreenID>Handst</ScreenID>
    <!--<Font>3</Font>-->
    <RelativePosition>true</RelativePosition>
    <Location>
      <X>49</X>
      <Y>33</Y>
    </Location>
    <Size>
      <CX>24</CX>
      <CY>24</CY>
    </Size>
    <Background>A_InvHands</Background>
    <EQType>12</EQType>
    <Style_VScroll>false</Style_VScroll>
    <Style_HScroll>false</Style_HScroll>
    <Style_Transparent>false</Style_Transparent>
    <!--<TooltipReference/>-->
  </InvSlot>
  <InvSlot item="TW_Arms">
    <ScreenID>Arms</ScreenID>
    <!--<Font>3</Font>-->
    <RelativePosition>true</RelativePosition>
    <Location>
      <X>73</X>
      <Y>57</Y>
    </Location>
    <Size>
      <CX>24</CX>
      <CY>24</CY>
    </Size>
    <Background>A_InvArms</Background>
    <EQType>7</EQType>
    <Style_VScroll>false</Style_VScroll>
    <Style_HScroll>false</Style_HScroll>
    <Style_Transparent>false</Style_Transparent>
    <!--<TooltipReference/>-->
  </InvSlot>
  <InvSlot item="TW_rring">
    <ScreenID>Right_Finger</ScreenID>
    <!--<Font>3</Font>-->
    <RelativePosition>true</RelativePosition>
    <Location>
      <X>97</X>
      <Y>33</Y>
    </Location>
    <Size>
      <CX>24</CX>
      <CY>24</CY>
    </Size>
    <Background>A_InvRing</Background>
    <EQType>16</EQType>
    <Style_VScroll>false</Style_VScroll>
    <Style_HScroll>false</Style_HScroll>
    <Style_Transparent>false</Style_Transparent>
    <!--<TooltipReference/>-->
  </InvSlot>
  <InvSlot item="TW_lring">
    <ScreenID>Left_Finger</ScreenID>
    <!--<Font>3</Font>-->
    <RelativePosition>true</RelativePosition>
    <Location>
      <X>1</X>
      <Y>33</Y>
    </Location>
    <Size>
      <CX>24</CX>
      <CY>24</CY>
    </Size>
    <Background>A_InvRing</Background>
    <EQType>15</EQType>
    <Style_VScroll>false</Style_VScroll>
    <Style_HScroll>false</Style_HScroll>
    <Style_Transparent>false</Style_Transparent>
    <!--<TooltipReference/>-->
  </InvSlot>
  <InvSlot item="TW_back">
    <ScreenID>Back</ScreenID>
    <!--<Font>3</Font>-->
    <RelativePosition>true</RelativePosition>
    <Location>
      <X>97</X>
      <Y>57</Y>
    </Location>
    <Size>
      <CX>24</CX>
      <CY>24</CY>
    </Size>
    <Background>A_InvAboutBody</Background>
    <EQType>8</EQType>
    <Style_VScroll>false</Style_VScroll>
    <Style_HScroll>false</Style_HScroll>
    <Style_Transparent>false</Style_Transparent>
    <!--<TooltipReference/>-->
  </InvSlot>
  <InvSlot item="TW_shoulder">
    <ScreenID>Shoulder</ScreenID>
    <!--<Font>3</Font>-->
    <RelativePosition>true</RelativePosition>
    <Location>
      <X>49</X>
      <Y>57</Y>
    </Location>
    <Size>
      <CX>24</CX>
      <CY>24</CY>
    </Size>
    <Background>A_InvShoulders</Background>
    <EQType>6</EQType>
    <Style_VScroll>false</Style_VScroll>
    <Style_HScroll>false</Style_HScroll>
    <Style_Transparent>false</Style_Transparent>
    <!--<TooltipReference/>-->
  </InvSlot>
  <InvSlot item="TW_rear">
    <ScreenID>Right_Ear</ScreenID>
    <!--<Font>3</Font>-->
    <RelativePosition>true</RelativePosition>
    <Location>
      <X>97</X>
      <Y>9</Y>
    </Location>
    <Size>
      <CX>24</CX>
      <CY>24</CY>
    </Size>
    <Background>A_InvEar</Background>
    <EQType>4</EQType>
    <Style_VScroll>false</Style_VScroll>
    <Style_HScroll>false</Style_HScroll>
    <Style_Transparent>false</Style_Transparent>
    <!--<TooltipReference/>-->
  </InvSlot>
  <InvSlot item="TW_lear">
    <ScreenID>Left_Ear</ScreenID>
    <!--<Font>3</Font>-->
    <RelativePosition>true</RelativePosition>
    <Location>
      <X>1</X>
      <Y>9</Y>
    </Location>
    <Size>
      <CX>24</CX>
      <CY>24</CY>
    </Size>
    <Background>A_InvEar</Background>
    <EQType>1</EQType>
    <Style_VScroll>false</Style_VScroll>
    <Style_HScroll>false</Style_HScroll>
    <Style_Transparent>false</Style_Transparent>
    <!--<TooltipReference/>-->
  </InvSlot>
  <InvSlot item="TW_Neck">
    <ScreenID>Face</ScreenID>
    <!--<Font>3</Font>-->
    <RelativePosition>true</RelativePosition>
    <Location>
      <X>73</X>
      <Y>9</Y>
    </Location>
    <Size>
      <CX>24</CX>
      <CY>24</CY>
    </Size>
    <Background>A_InvNeck</Background>
    <EQType>5</EQType>
    <Style_VScroll>false</Style_VScroll>
    <Style_HScroll>false</Style_HScroll>
    <Style_Transparent>false</Style_Transparent>
    <!--<TooltipReference/>-->
  </InvSlot>
  <InvSlot item="TW_face">
    <ScreenID>Face</ScreenID>
    <!--<Font>3</Font>-->
    <RelativePosition>true</RelativePosition>
    <Location>
      <X>25</X>
      <Y>9</Y>
    </Location>
    <Size>
      <CX>24</CX>
      <CY>24</CY>
    </Size>
    <Background>A_InvFace</Background>
    <EQType>3</EQType>
    <Style_VScroll>false</Style_VScroll>
    <Style_HScroll>false</Style_HScroll>
    <Style_Transparent>false</Style_Transparent>
    <!--<TooltipReference/>-->
  </InvSlot>
  <InvSlot item="TW_head">
    <ScreenID>Head</ScreenID>
    <!--<Font>3</Font>-->
    <RelativePosition>true</RelativePosition>
    <Location>
      <X>49</X>
      <Y>9</Y>
    </Location>
    <Size>
      <CX>24</CX>
      <CY>24</CY>
    </Size>
    <Background>A_InvHead</Background>
    <EQType>2</EQType>
    <Style_VScroll>false</Style_VScroll>
    <Style_HScroll>false</Style_HScroll>
    <Style_Transparent>false</Style_Transparent>
    <!--<TooltipReference/>-->
  </InvSlot>
  <Gauge item="Target_HP">
    <ScreenID>TargetHP</ScreenID>
    <Font>3</Font>
    <TextColor>
      <R>240</R>
      <G>240</G>
      <B>240</B>
    </TextColor>
    <RelativePosition>true</RelativePosition>
    <Location>
      <X>0</X>
      <Y>181</Y>
    </Location>
    <Size>
      <CX>1</CX>
      <CY>1</CY>
    </Size>
    <GaugeOffsetY>16</GaugeOffsetY>
    <TextOffsetX>8</TextOffsetX>
    <Style_VScroll>false</Style_VScroll>
    <Style_HScroll>false</Style_HScroll>
    <Style_Transparent>false</Style_Transparent>
    <TooltipReference />
    <FillTint>
      <R>240</R>
      <G>0</G>
      <B>0</B>
    </FillTint>
    <LinesFillTint>
      <R>220</R>
      <G>220</G>
      <B>0</B>
    </LinesFillTint>
    <DrawLinesFill>false</DrawLinesFill>
    <EQType>6</EQType>
    <GaugeDrawTemplate>
      <Background>A_GaugeBackground</Background>
      <Fill>A_GaugeFill</Fill>
      <Lines>A_GaugeLines</Lines>
      <LinesFill>A_GaugeLinesFill</LinesFill>
      <EndCapLeft>A_GaugeEndCapLeft</EndCapLeft>
      <EndCapRight>A_GaugeEndCapRight</EndCapRight>
    </GaugeDrawTemplate>
  </Gauge>
  <Page item="TargetMainPage">
    <ScreenID>ActionsMainPage</ScreenID>
    <!--<Font>3</Font>-->
    <RelativePosition>true</RelativePosition>
    <Location>
      <X>0</X>
      <Y>22</Y>
    </Location>
    <Size>
      <CX>122</CX>
      <CY>161</CY>
    </Size>
    <Style_VScroll>false</Style_VScroll>
    <Style_HScroll>false</Style_HScroll>
    <Style_Transparent>false</Style_Transparent>
    <TooltipReference>Main Page</TooltipReference>
    <DrawTemplate>WDT_Def</DrawTemplate>
    <TabIcon>A_lunstatTabIcon</TabIcon>
    <TabIconActive>A_lunstatTabIconhigh</TabIconActive>
    <Font>4</Font>
    <Pieces>TW_chest</Pieces>
    <Pieces>TW_Legs</Pieces>
    <Pieces>TW_feet</Pieces>
    <Pieces>TW_head</Pieces>
    <Pieces>TW_Charm</Pieces>
    <Pieces>TW_rear</Pieces>
    <Pieces>TW_lring</Pieces>
    <Pieces>TW_rring</Pieces>
    <Pieces>TW_back</Pieces>
    <Pieces>TW_Arms</Pieces>
    <Pieces>TW_Left_Wrist</Pieces>
    <Pieces>TW_Right_Wrist</Pieces>
    <Pieces>TW_Hands</Pieces>
    <Pieces>TW_primary</Pieces>
    <Pieces>TW_secondary</Pieces>
    <Pieces>TW_Range</Pieces>
    <Pieces>TW_Ammo</Pieces>
    <Pieces>TW_waist</Pieces>
    <Pieces>TW_face</Pieces>
    <Pieces>TW_left1</Pieces>
    <Pieces>TW_left2</Pieces>
    <Pieces>TW_left3</Pieces>
    <Pieces>TW_left4</Pieces>
    <Pieces>TW_right1</Pieces>
    <Pieces>TW_right2</Pieces>
    <Pieces>TW_right3</Pieces>
    <Pieces>TW_right4</Pieces>
    <Pieces>TW_shoulder</Pieces>
    <Pieces>TW_lear</Pieces>
    <Pieces>TW_Neck</Pieces>
  </Page>
  <Page item="TarInv1Page">
    <ScreenID>TarInv1Page</ScreenID>
    <!--<Font>3</Font>-->
    <RelativePosition>true</RelativePosition>
    <Location>
      <X>0</X>
      <Y>22</Y>
    </Location>
    <Size>
      <CX>122</CX>
      <CY>161</CY>
    </Size>
    <Style_VScroll>false</Style_VScroll>
    <Style_HScroll>false</Style_HScroll>
    <Style_Transparent>false</Style_Transparent>
    <TooltipReference>Main Page</TooltipReference>
    <DrawTemplate>WDT_Def</DrawTemplate>
    <TabIcon>A_lungearTabIcon</TabIcon>
    <TabIconActive>A_lungear1TabIconhigh</TabIconActive>
    <Pieces>TW_Face2</Pieces>
    <Pieces>TW_rightwristp2</Pieces>
    <Pieces>TW_Lear2</Pieces>
    <Pieces>TW_Hands2</Pieces>
    <Pieces>TW_Waist2</Pieces>
    <Pieces>TW_Neck2</Pieces>
    <Pieces>TW_Primary2</Pieces>
    <Pieces>TW_Secondary2</Pieces>
    <Pieces>TW_Range2</Pieces>
    <Pieces>TW_Ammo2</Pieces>
    <Pieces>TW_Right3pg2</Pieces>
    <Pieces>TW_Left1pg2</Pieces>
  </Page>
  <Page item="TarInv2Page">
    <ScreenID>TarInv2Page</ScreenID>
    <!--<Font>3</Font>-->
    <RelativePosition>true</RelativePosition>
    <Location>
      <X>0</X>
      <Y>22</Y>
    </Location>
    <Size>
      <CX>122</CX>
      <CY>161</CY>
    </Size>
    <Style_VScroll>false</Style_VScroll>
    <Style_HScroll>false</Style_HScroll>
    <Style_Transparent>false</Style_Transparent>
    <TooltipReference>Main Page</TooltipReference>
    <DrawTemplate>WDT_Def</DrawTemplate>
    <TabIcon>A_lungear2TabIcon</TabIcon>
    <TabIconActive>A_lungear2TabIconhigh</TabIconActive>
    <Pieces>TW_invleft1p2</Pieces>
    <Pieces>TW_Neck3</Pieces>
    <Pieces>TW_Lear3</Pieces>
    <Pieces>TW_Rring3</Pieces>
    <Pieces>TW_Lwrist3</Pieces>
    <Pieces>TW_Rear3</Pieces>
    <Pieces>TW_Lring3</Pieces>
    <Pieces>TW_invright3p2</Pieces>
    <Pieces>TW_invright4p2</Pieces>
    <Pieces>TW_Rwrist3</Pieces>
    <Pieces>TW_Shoulder3</Pieces>
    <Pieces>TW_Face3</Pieces>
  </Page>
  <TabBox item="TW_Tabbox">
    <ScreenID>ACTW_ActionsSubwindows</ScreenID>
    <RelativePosition>true</RelativePosition>
    <AutoStretch>false</AutoStretch>
    <TopAnchorToTop>true</TopAnchorToTop>
    <BottomAnchorToTop>false</BottomAnchorToTop>
    <LeftAnchorToLeft>true</LeftAnchorToLeft>
    <RightAnchorToLeft>false</RightAnchorToLeft>
    <TabBorderTemplate>FT_lunTabBorder</TabBorderTemplate>
    <PageBorderTemplate>FT_lunPageBorder</PageBorderTemplate>
    <Pages>TargetMainPage</Pages>
    <Pages>TarInv1Page</Pages>
    <Pages>TarInv2Page</Pages>
    <Size>
      <CX>124</CX>
      <CY>185</CY>
    </Size>
    <Location>
      <Y>0</Y>
      <X>137</X>
    </Location>
  </TabBox>
  <Screen item="TargetWindow">
    <ScreenID />
    <RelativePosition>false</RelativePosition>
    <Location>
      <X>516</X>
      <Y>242</Y>
    </Location>
    <Size>
      <CX>275</CX>
      <CY>200</CY>
    </Size>
    <Text>Target</Text>
    <Style_VScroll>false</Style_VScroll>
    <Style_HScroll>false</Style_HScroll>
    <Style_Transparent>false</Style_Transparent>
    <TooltipReference>Your Current Target</TooltipReference>
    <Style_Titlebar>false</Style_Titlebar>
    <Style_Closebox>false</Style_Closebox>
    <Style_Minimizebox>false</Style_Minimizebox>
    <Style_Border>true</Style_Border>
    <Style_Sizable>false</Style_Sizable>
    <Pieces>Target_HP</Pieces>
    <DrawTemplate>WDT_blulun</DrawTemplate>
    <Pieces>TW_Tabbox</Pieces>
    <Pieces>TW_Str_label</Pieces>
    <Pieces>TW_Sta_label</Pieces>
    <Pieces>TW_Agi_label</Pieces>
    <Pieces>TW_Wis_label</Pieces>
    <Pieces>TW_Int_label</Pieces>
    <Pieces>TW_Cha_label</Pieces>
    <Pieces>TW_Str_value</Pieces>
    <Pieces>TW_Sta_value</Pieces>
    <Pieces>TW_Agi_value</Pieces>
    <Pieces>TW_ClassAnim</Pieces>
    <Pieces>TW_Dex_label</Pieces>
    <Pieces>TW_Dex_value</Pieces>
    <Pieces>TW_Wis_value</Pieces>
    <Pieces>TW_Int_value</Pieces>
    <Pieces>TW_Cha_value</Pieces>
    <Pieces>TW)wt_label</Pieces>
    <Pieces>TW_curr_st</Pieces>
    <Pieces>TW_max_wt</Pieces>
    <Pieces>TW_slash</Pieces>
    <Pieces>TW_HPcurrent</Pieces>
    <Pieces>TW_HPMax</Pieces>
    <Pieces>TW_HPslash</Pieces>
    <Pieces>TW_AtkNumb</Pieces>
    <Pieces>TW_ACNumb</Pieces>
    <Pieces>TW_MRLabel</Pieces>
    <Pieces>TW_MRNumb</Pieces>
    <Pieces>TW_AtkLabel</Pieces>
    <Pieces>TW_ACLabel</Pieces>
    <Pieces>TW_crlabel</Pieces>
    <Pieces>TW_Frlabel</Pieces>
    <Pieces>TW_DRlabel</Pieces>
    <Pieces>TW_PRlabel</Pieces>
    <Pieces>TW_CRnumb</Pieces>
    <Pieces>TW_FRnumb</Pieces>
    <Pieces>TW_DRnumb</Pieces>
    <Pieces>TW_PRnumb</Pieces>
    <Pieces>Target_HPLabel</Pieces>
    <Pieces>Target_HPPercLabel</Pieces>
    <!-- Extra Pieces added by yours Truly Brujoloco -->
    <Pieces>TW_ExpGauge</Pieces>
    <Pieces>TW_EXP_Percentage</Pieces>
    <!-- These are AA gauges if you want them! ...
    <Pieces>TW_AA_Percentage</Pieces>
    <Pieces>TW_AAGauge</Pieces> -->
    <Pieces>ZealXP_Hour</Pieces>
    <Pieces>ZealXP_HourL</Pieces>
    <Pieces>Zeal_INV</Pieces>
    <Pieces>Zeal_INV2</Pieces>
    <Pieces>Zeal_INV3</Pieces>
    <Pieces>Zeal_INV4</Pieces>
  </Screen>
</XML>
