<?xml version="1.0" encoding="us-ascii"?>
<XML ID="EQInterfaceDefinitionLanguage">
  <Schema xmlns="EverQuestData" xmlns:dt="EverQuestDataTypes" />
   <!-- Original Translunwrap by Lunakin modified for Project Quarm by Brujoloco -->
  <!-- begin custom templates -->
  
  <FrameTemplate item="FT_lunTabBorder">
    <TopLeft>a_blkpix</TopLeft>
    <Top>a_blkpix</Top>
    <TopRight>a_blkpix</TopRight>
    <RightTop>a_blkpix</RightTop>
    <Right>a_blkpix</Right>
    <RightBottom>a_blkpix</RightBottom>
    <LeftTop>a_blkpix</LeftTop>
    <Left>a_blkpix</Left>
    <LeftBottom>a_blkpix</LeftBottom>
    <OverlapLeft>0</OverlapLeft>
    <OverlapTop>0</OverlapTop>
    <OverlapRight>0</OverlapRight>
    <OverlapBottom>0</OverlapBottom>
  </FrameTemplate>
  <FrameTemplate item="FT_lunPageBorder">
    <TopLeft>a_blkpix</TopLeft>
    <Top>a_blkpix</Top>
    <TopRight>a_blkpix</TopRight>
    <RightTop>a_blkpix</RightTop>
    <Right>a_blkpix</Right>
    <RightBottom>a_blkpix</RightBottom>
    <BottomRight>a_blkpix</BottomRight>
    <Bottom>a_blkpix</Bottom>
    <BottomLeft>a_blkpix</BottomLeft>
    <LeftTop>a_blkpix</LeftTop>
    <Left>a_blkpix</Left>
    <LeftBottom>a_blkpix</LeftBottom>
    <OverlapLeft>0</OverlapLeft>
    <OverlapTop>0</OverlapTop>
    <OverlapRight>0</OverlapRight>
    <OverlapBottom>0</OverlapBottom>
  </FrameTemplate>
  <WindowDrawTemplate item="WDT_topclrlun">
    <Background>wnd_bg_light_rock.tga</Background>
    <VSBTemplate>
      <UpButton>
        <Normal>A_VSBUpNormal</Normal>
        <Pressed>A_VSBUpPressed</Pressed>
        <Flyby>A_VSBUpFlyby</Flyby>
        <Disabled>A_VSBUpDisabled</Disabled>
        <PressedFlyby>A_VSBUpPressedFlyby</PressedFlyby>
      </UpButton>
      <DownButton>
        <Normal>A_VSBDownNormal</Normal>
        <Pressed>A_VSBDownPressed</Pressed>
        <Flyby>A_VSBDownFlyby</Flyby>
        <Disabled>A_VSBDownDisabled</Disabled>
        <PressedFlyby>A_VSBDownPressedFlyby</PressedFlyby>
      </DownButton>
      <Thumb>
        <Top>A_VSBThumbTop</Top>
        <Bottom>A_VSBThumbBottom</Bottom>
        <Middle>A_VSBThumbMiddle</Middle>
        <OverlapLeft>0</OverlapLeft>
        <OverlapTop>0</OverlapTop>
        <OverlapRight>0</OverlapRight>
        <OverlapBottom>0</OverlapBottom>
      </Thumb>
      <MiddleTextureInfo>scrollbar_gutter.tga</MiddleTextureInfo>
      <MiddleTint>
        <Alpha>255</Alpha>
        <R>128</R>
        <G>128</G>
        <B>128</B>
      </MiddleTint>
    </VSBTemplate>
    <HSBTemplate>
      <UpButton>
        <Normal>A_HSBLeftNormal</Normal>
        <Pressed>A_HSBLeftPressed</Pressed>
        <Flyby>A_HSBLeftFlyby</Flyby>
        <Disabled>A_HSBLeftDisabled</Disabled>
        <PressedFlyby>A_HSBLeftPressedFlyby</PressedFlyby>
      </UpButton>
      <DownButton>
        <Normal>A_HSBRightNormal</Normal>
        <Pressed>A_HSBRightPressed</Pressed>
        <Flyby>A_HSBRightFlyby</Flyby>
        <Disabled>A_HSBRightDisabled</Disabled>
        <PressedFlyby>A_HSBRightPressedFlyby</PressedFlyby>
      </DownButton>
      <Thumb>
        <Right>A_HSBThumbRight</Right>
        <Left>A_HSBThumbLeft</Left>
        <Middle>A_HSBThumbMiddle</Middle>
        <OverlapLeft>0</OverlapLeft>
        <OverlapTop>0</OverlapTop>
        <OverlapRight>0</OverlapRight>
        <OverlapBottom>0</OverlapBottom>
      </Thumb>
      <MiddleTextureInfo>scrollbar_gutter.tga</MiddleTextureInfo>
      <MiddleTint>
        <Alpha>255</Alpha>
        <R>128</R>
        <G>128</G>
        <B>128</B>
      </MiddleTint>
    </HSBTemplate>
    <CloseBox>
      <Normal>A_CloseBtnNormal</Normal>
      <Pressed>A_CloseBtnPressed</Pressed>
      <Flyby>A_CloseBtnFlyby</Flyby>
      <Disabled>A_CloseBtnDisabled</Disabled>
      <PressedFlyby>A_CloseBtnPressedFlyby</PressedFlyby>
    </CloseBox>
    <MinimizeBox>
      <Normal>A_MinimizeBtnNormal</Normal>
      <Pressed>A_MinimizeBtnPressed</Pressed>
      <Flyby>A_MinimizeBtnFlyby</Flyby>
      <Disabled>A_MinimizeBtnDisabled</Disabled>
      <PressedFlyby>A_MinimizeBtnPressedFlyby</PressedFlyby>
    </MinimizeBox>
    <TileBox>
      <Normal>A_TileBtnNormal</Normal>
      <Pressed>A_TileBtnPressed</Pressed>
      <Flyby>A_TileBtnFlyby</Flyby>
      <Disabled>A_TileBtnDisabled</Disabled>
      <PressedFlyby>A_TileBtnPressedFlyby</PressedFlyby>
    </TileBox>
    <Border>
      <TopLeft>a_lefttoppix</TopLeft>
      <Top>a_toppix</Top>
      <TopRight>a_righttoppix</TopRight>
      <RightTop>a_clrpix</RightTop>
      <Right>a_clrpix</Right>
      <RightBottom>a_clrpix</RightBottom>
      <BottomRight>a_clrpix</BottomRight>
      <Bottom>a_clrpix</Bottom>
      <BottomLeft>a_clrpix</BottomLeft>
      <LeftTop>a_clrpix</LeftTop>
      <Left>a_clrpix</Left>
      <LeftBottom>a_clrpix</LeftBottom>
      <OverlapLeft>0</OverlapLeft>
      <OverlapTop>0</OverlapTop>
      <OverlapRight>0</OverlapRight>
      <OverlapBottom>0</OverlapBottom>
    </Border>
    <Titlebar>
      <Right>A_WindowTitleRight</Right>
      <Left>A_WindowTitleLeft</Left>
      <Middle>A_WindowTitleMiddle</Middle>
      <OverlapLeft>0</OverlapLeft>
      <OverlapTop>0</OverlapTop>
      <OverlapRight>0</OverlapRight>
      <OverlapBottom>0</OverlapBottom>
    </Titlebar>
  </WindowDrawTemplate>
  <WindowDrawTemplate item="WDT_clrlun">
    <Background>wnd_bg_light_rock.tga</Background>
    <VSBTemplate>
      <UpButton>
        <Normal>A_VSBUpNormal</Normal>
        <Pressed>A_VSBUpPressed</Pressed>
        <Flyby>A_VSBUpFlyby</Flyby>
        <Disabled>A_VSBUpDisabled</Disabled>
        <PressedFlyby>A_VSBUpPressedFlyby</PressedFlyby>
      </UpButton>
      <DownButton>
        <Normal>A_VSBDownNormal</Normal>
        <Pressed>A_VSBDownPressed</Pressed>
        <Flyby>A_VSBDownFlyby</Flyby>
        <Disabled>A_VSBDownDisabled</Disabled>
        <PressedFlyby>A_VSBDownPressedFlyby</PressedFlyby>
      </DownButton>
      <Thumb>
        <Top>A_VSBThumbTop</Top>
        <Bottom>A_VSBThumbBottom</Bottom>
        <Middle>A_VSBThumbMiddle</Middle>
        <OverlapLeft>0</OverlapLeft>
        <OverlapTop>0</OverlapTop>
        <OverlapRight>0</OverlapRight>
        <OverlapBottom>0</OverlapBottom>
      </Thumb>
      <MiddleTextureInfo>scrollbar_gutter.tga</MiddleTextureInfo>
      <MiddleTint>
        <Alpha>255</Alpha>
        <R>128</R>
        <G>128</G>
        <B>128</B>
      </MiddleTint>
    </VSBTemplate>
    <HSBTemplate>
      <UpButton>
        <Normal>A_HSBLeftNormal</Normal>
        <Pressed>A_HSBLeftPressed</Pressed>
        <Flyby>A_HSBLeftFlyby</Flyby>
        <Disabled>A_HSBLeftDisabled</Disabled>
        <PressedFlyby>A_HSBLeftPressedFlyby</PressedFlyby>
      </UpButton>
      <DownButton>
        <Normal>A_HSBRightNormal</Normal>
        <Pressed>A_HSBRightPressed</Pressed>
        <Flyby>A_HSBRightFlyby</Flyby>
        <Disabled>A_HSBRightDisabled</Disabled>
        <PressedFlyby>A_HSBRightPressedFlyby</PressedFlyby>
      </DownButton>
      <Thumb>
        <Right>A_HSBThumbRight</Right>
        <Left>A_HSBThumbLeft</Left>
        <Middle>A_HSBThumbMiddle</Middle>
        <OverlapLeft>0</OverlapLeft>
        <OverlapTop>0</OverlapTop>
        <OverlapRight>0</OverlapRight>
        <OverlapBottom>0</OverlapBottom>
      </Thumb>
      <MiddleTextureInfo>scrollbar_gutter.tga</MiddleTextureInfo>
      <MiddleTint>
        <Alpha>255</Alpha>
        <R>128</R>
        <G>128</G>
        <B>128</B>
      </MiddleTint>
    </HSBTemplate>
    <CloseBox>
      <Normal>A_CloseBtnNormal</Normal>
      <Pressed>A_CloseBtnPressed</Pressed>
      <Flyby>A_CloseBtnFlyby</Flyby>
      <Disabled>A_CloseBtnDisabled</Disabled>
      <PressedFlyby>A_CloseBtnPressedFlyby</PressedFlyby>
    </CloseBox>
    <MinimizeBox>
      <Normal>A_MinimizeBtnNormal</Normal>
      <Pressed>A_MinimizeBtnPressed</Pressed>
      <Flyby>A_MinimizeBtnFlyby</Flyby>
      <Disabled>A_MinimizeBtnDisabled</Disabled>
      <PressedFlyby>A_MinimizeBtnPressedFlyby</PressedFlyby>
    </MinimizeBox>
    <TileBox>
      <Normal>A_TileBtnNormal</Normal>
      <Pressed>A_TileBtnPressed</Pressed>
      <Flyby>A_TileBtnFlyby</Flyby>
      <Disabled>A_TileBtnDisabled</Disabled>
      <PressedFlyby>A_TileBtnPressedFlyby</PressedFlyby>
    </TileBox>
    <Border>
      <TopLeft>a_clrpix</TopLeft>
      <Top>a_clrpix</Top>
      <TopRight>a_clrpix</TopRight>
      <RightTop>a_clrpix</RightTop>
      <Right>a_clrpix</Right>
      <RightBottom>a_clrpix</RightBottom>
      <BottomRight>a_clrpix</BottomRight>
      <Bottom>a_clrpix</Bottom>
      <BottomLeft>a_clrpix</BottomLeft>
      <LeftTop>a_clrpix</LeftTop>
      <Left>a_clrpix</Left>
      <LeftBottom>a_clrpix</LeftBottom>
      <OverlapLeft>0</OverlapLeft>
      <OverlapTop>0</OverlapTop>
      <OverlapRight>0</OverlapRight>
      <OverlapBottom>0</OverlapBottom>
    </Border>
    <Titlebar>
      <Right>A_WindowTitleRight</Right>
      <Left>A_WindowTitleLeft</Left>
      <Middle>A_WindowTitleMiddle</Middle>
      <OverlapLeft>0</OverlapLeft>
      <OverlapTop>0</OverlapTop>
      <OverlapRight>0</OverlapRight>
      <OverlapBottom>0</OverlapBottom>
    </Titlebar>
  </WindowDrawTemplate>
  <WindowDrawTemplate item="WDT_blulun">
    <Background>wnd_bg_light_rock.tga</Background>
    <VSBTemplate>
      <UpButton>
        <Normal>A_VSBUpNormal</Normal>
        <Pressed>A_VSBUpPressed</Pressed>
        <Flyby>A_VSBUpFlyby</Flyby>
        <Disabled>A_VSBUpDisabled</Disabled>
        <PressedFlyby>A_VSBUpPressedFlyby</PressedFlyby>
      </UpButton>
      <DownButton>
        <Normal>A_VSBDownNormal</Normal>
        <Pressed>A_VSBDownPressed</Pressed>
        <Flyby>A_VSBDownFlyby</Flyby>
        <Disabled>A_VSBDownDisabled</Disabled>
        <PressedFlyby>A_VSBDownPressedFlyby</PressedFlyby>
      </DownButton>
      <Thumb>
        <Top>A_VSBThumbTop</Top>
        <Bottom>A_VSBThumbBottom</Bottom>
        <Middle>A_VSBThumbMiddle</Middle>
        <OverlapLeft>0</OverlapLeft>
        <OverlapTop>0</OverlapTop>
        <OverlapRight>0</OverlapRight>
        <OverlapBottom>0</OverlapBottom>
      </Thumb>
      <MiddleTextureInfo>scrollbar_gutter.tga</MiddleTextureInfo>
      <MiddleTint>
        <Alpha>255</Alpha>
        <R>128</R>
        <G>128</G>
        <B>128</B>
      </MiddleTint>
    </VSBTemplate>
    <HSBTemplate>
      <UpButton>
        <Normal>A_HSBLeftNormal</Normal>
        <Pressed>A_HSBLeftPressed</Pressed>
        <Flyby>A_HSBLeftFlyby</Flyby>
        <Disabled>A_HSBLeftDisabled</Disabled>
        <PressedFlyby>A_HSBLeftPressedFlyby</PressedFlyby>
      </UpButton>
      <DownButton>
        <Normal>A_HSBRightNormal</Normal>
        <Pressed>A_HSBRightPressed</Pressed>
        <Flyby>A_HSBRightFlyby</Flyby>
        <Disabled>A_HSBRightDisabled</Disabled>
        <PressedFlyby>A_HSBRightPressedFlyby</PressedFlyby>
      </DownButton>
      <Thumb>
        <Right>A_HSBThumbRight</Right>
        <Left>A_HSBThumbLeft</Left>
        <Middle>A_HSBThumbMiddle</Middle>
        <OverlapLeft>0</OverlapLeft>
        <OverlapTop>0</OverlapTop>
        <OverlapRight>0</OverlapRight>
        <OverlapBottom>0</OverlapBottom>
      </Thumb>
      <MiddleTextureInfo>scrollbar_gutter.tga</MiddleTextureInfo>
      <MiddleTint>
        <Alpha>255</Alpha>
        <R>128</R>
        <G>128</G>
        <B>128</B>
      </MiddleTint>
    </HSBTemplate>
    <CloseBox>
      <Normal>A_CloseBtnNormal</Normal>
      <Pressed>A_CloseBtnPressed</Pressed>
      <Flyby>A_CloseBtnFlyby</Flyby>
      <Disabled>A_CloseBtnDisabled</Disabled>
      <PressedFlyby>A_CloseBtnPressedFlyby</PressedFlyby>
    </CloseBox>
    <MinimizeBox>
      <Normal>A_MinimizeBtnNormal</Normal>
      <Pressed>A_MinimizeBtnPressed</Pressed>
      <Flyby>A_MinimizeBtnFlyby</Flyby>
      <Disabled>A_MinimizeBtnDisabled</Disabled>
      <PressedFlyby>A_MinimizeBtnPressedFlyby</PressedFlyby>
    </MinimizeBox>
    <TileBox>
      <Normal>A_TileBtnNormal</Normal>
      <Pressed>A_TileBtnPressed</Pressed>
      <Flyby>A_TileBtnFlyby</Flyby>
      <Disabled>A_TileBtnDisabled</Disabled>
      <PressedFlyby>A_TileBtnPressedFlyby</PressedFlyby>
    </TileBox>
    <Border>
      <TopLeft>A_blulunFrameTopLeft</TopLeft>
      <Top>A_blulunFrameTop</Top>
      <TopRight>A_blulunFrameTopRight</TopRight>
      <RightTop>A_blulunFrameRightTop</RightTop>
      <Right>A_blulunFrameRight</Right>
      <RightBottom>A_blulunFrameRightBottom</RightBottom>
      <BottomRight>A_blulunFrameBottomRight</BottomRight>
      <Bottom>A_blulunFrameBottom</Bottom>
      <BottomLeft>A_blulunFrameBottomLeft</BottomLeft>
      <LeftTop>A_blulunFrameLeftTop</LeftTop>
      <Left>A_blulunFrameLeft</Left>
      <LeftBottom>A_blulunFrameLeftBottom</LeftBottom>
      <OverlapLeft>0</OverlapLeft>
      <OverlapTop>0</OverlapTop>
      <OverlapRight>0</OverlapRight>
      <OverlapBottom>0</OverlapBottom>
    </Border>
    <Titlebar>
      <Right>A_WindowTitleRight</Right>
      <Left>A_WindowTitleLeft</Left>
      <Middle>A_WindowTitleMiddle</Middle>
      <OverlapLeft>0</OverlapLeft>
      <OverlapTop>0</OverlapTop>
      <OverlapRight>0</OverlapRight>
      <OverlapBottom>0</OverlapBottom>
    </Titlebar>
  </WindowDrawTemplate>
  <WindowDrawTemplate item="WDT_blklun">
    <Background>wnd_bg_light_rock.tga</Background>
    <VSBTemplate>
      <UpButton>
        <Normal>A_VSBUpNormal</Normal>
        <Pressed>A_VSBUpPressed</Pressed>
        <Flyby>A_VSBUpFlyby</Flyby>
        <Disabled>A_VSBUpDisabled</Disabled>
        <PressedFlyby>A_VSBUpPressedFlyby</PressedFlyby>
      </UpButton>
      <DownButton>
        <Normal>A_VSBDownNormal</Normal>
        <Pressed>A_VSBDownPressed</Pressed>
        <Flyby>A_VSBDownFlyby</Flyby>
        <Disabled>A_VSBDownDisabled</Disabled>
        <PressedFlyby>A_VSBDownPressedFlyby</PressedFlyby>
      </DownButton>
      <Thumb>
        <Top>A_VSBThumbTop</Top>
        <Bottom>A_VSBThumbBottom</Bottom>
        <Middle>A_VSBThumbMiddle</Middle>
        <OverlapLeft>0</OverlapLeft>
        <OverlapTop>0</OverlapTop>
        <OverlapRight>0</OverlapRight>
        <OverlapBottom>0</OverlapBottom>
      </Thumb>
      <MiddleTextureInfo>scrollbar_gutter.tga</MiddleTextureInfo>
      <MiddleTint>
        <Alpha>255</Alpha>
        <R>128</R>
        <G>128</G>
        <B>128</B>
      </MiddleTint>
    </VSBTemplate>
    <HSBTemplate>
      <UpButton>
        <Normal>A_HSBLeftNormal</Normal>
        <Pressed>A_HSBLeftPressed</Pressed>
        <Flyby>A_HSBLeftFlyby</Flyby>
        <Disabled>A_HSBLeftDisabled</Disabled>
        <PressedFlyby>A_HSBLeftPressedFlyby</PressedFlyby>
      </UpButton>
      <DownButton>
        <Normal>A_HSBRightNormal</Normal>
        <Pressed>A_HSBRightPressed</Pressed>
        <Flyby>A_HSBRightFlyby</Flyby>
        <Disabled>A_HSBRightDisabled</Disabled>
        <PressedFlyby>A_HSBRightPressedFlyby</PressedFlyby>
      </DownButton>
      <Thumb>
        <Right>A_HSBThumbRight</Right>
        <Left>A_HSBThumbLeft</Left>
        <Middle>A_HSBThumbMiddle</Middle>
        <OverlapLeft>0</OverlapLeft>
        <OverlapTop>0</OverlapTop>
        <OverlapRight>0</OverlapRight>
        <OverlapBottom>0</OverlapBottom>
      </Thumb>
      <MiddleTextureInfo>scrollbar_gutter.tga</MiddleTextureInfo>
      <MiddleTint>
        <Alpha>255</Alpha>
        <R>128</R>
        <G>128</G>
        <B>128</B>
      </MiddleTint>
    </HSBTemplate>
    <CloseBox>
      <Normal>A_CloseBtnNormal</Normal>
      <Pressed>A_CloseBtnPressed</Pressed>
      <Flyby>A_CloseBtnFlyby</Flyby>
      <Disabled>A_CloseBtnDisabled</Disabled>
      <PressedFlyby>A_CloseBtnPressedFlyby</PressedFlyby>
    </CloseBox>
    <MinimizeBox>
      <Normal>A_MinimizeBtnNormal</Normal>
      <Pressed>A_MinimizeBtnPressed</Pressed>
      <Flyby>A_MinimizeBtnFlyby</Flyby>
      <Disabled>A_MinimizeBtnDisabled</Disabled>
      <PressedFlyby>A_MinimizeBtnPressedFlyby</PressedFlyby>
    </MinimizeBox>
    <TileBox>
      <Normal>A_TileBtnNormal</Normal>
      <Pressed>A_TileBtnPressed</Pressed>
      <Flyby>A_TileBtnFlyby</Flyby>
      <Disabled>A_TileBtnDisabled</Disabled>
      <PressedFlyby>A_TileBtnPressedFlyby</PressedFlyby>
    </TileBox>
    <Border>
      <TopLeft>A_blklunFrameTopLeft</TopLeft>
      <Top>A_blklunFrameTop</Top>
      <TopRight>A_blklunFrameTopRight</TopRight>
      <RightTop>A_blklunFrameRight</RightTop>
      <Right>A_blklunFrameRight</Right>
      <RightBottom>A_blklunFrameRight</RightBottom>
      <BottomRight>A_blklunFrameBottomRight</BottomRight>
      <Bottom>A_blklunFrameBottom</Bottom>
      <BottomLeft>A_blklunFrameBottomLeft</BottomLeft>
      <LeftTop>A_blklunFrameLeft</LeftTop>
      <Left>A_blklunFrameLeft</Left>
      <LeftBottom>A_blklunFrameLeft</LeftBottom>
      <OverlapLeft>0</OverlapLeft>
      <OverlapTop>0</OverlapTop>
      <OverlapRight>0</OverlapRight>
      <OverlapBottom>0</OverlapBottom>
    </Border>
    <Titlebar>
      <Right>A_WindowTitleRight</Right>
      <Left>A_WindowTitleLeft</Left>
      <Middle>A_WindowTitleMiddle</Middle>
      <OverlapLeft>0</OverlapLeft>
      <OverlapTop>0</OverlapTop>
      <OverlapRight>0</OverlapRight>
      <OverlapBottom>0</OverlapBottom>
    </Titlebar>
  </WindowDrawTemplate>
  
  <!-- end custom templates -->
  
  <WindowDrawTemplate item="WDT_Def">
    <Background>wnd_bg_light_rock.tga</Background>
    <VSBTemplate>
      <UpButton>
        <Normal>A_VSBUpNormal</Normal>
        <Pressed>A_VSBUpPressed</Pressed>
        <Flyby>A_VSBUpFlyby</Flyby>
        <Disabled>A_VSBUpDisabled</Disabled>
        <PressedFlyby>A_VSBUpPressedFlyby</PressedFlyby>
      </UpButton>
      <DownButton>
        <Normal>A_VSBDownNormal</Normal>
        <Pressed>A_VSBDownPressed</Pressed>
        <Flyby>A_VSBDownFlyby</Flyby>
        <Disabled>A_VSBDownDisabled</Disabled>
        <PressedFlyby>A_VSBDownPressedFlyby</PressedFlyby>
      </DownButton>
      <Thumb>
        <Top>A_VSBThumbTop</Top>
        <Bottom>A_VSBThumbBottom</Bottom>
        <Middle>A_VSBThumbMiddle</Middle>
        <OverlapLeft>0</OverlapLeft>
        <OverlapTop>0</OverlapTop>
        <OverlapRight>0</OverlapRight>
        <OverlapBottom>0</OverlapBottom>
      </Thumb>
      <MiddleTextureInfo>scrollbar_gutter.tga</MiddleTextureInfo>
      <MiddleTint>
        <Alpha>255</Alpha>
        <R>128</R>
        <G>128</G>
        <B>128</B>
      </MiddleTint>
    </VSBTemplate>
    <HSBTemplate>
      <UpButton>
        <Normal>A_HSBLeftNormal</Normal>
        <Pressed>A_HSBLeftPressed</Pressed>
        <Flyby>A_HSBLeftFlyby</Flyby>
        <Disabled>A_HSBLeftDisabled</Disabled>
        <PressedFlyby>A_HSBLeftPressedFlyby</PressedFlyby>
      </UpButton>
      <DownButton>
        <Normal>A_HSBRightNormal</Normal>
        <Pressed>A_HSBRightPressed</Pressed>
        <Flyby>A_HSBRightFlyby</Flyby>
        <Disabled>A_HSBRightDisabled</Disabled>
        <PressedFlyby>A_HSBRightPressedFlyby</PressedFlyby>
      </DownButton>
      <Thumb>
        <Right>A_HSBThumbRight</Right>
        <Left>A_HSBThumbLeft</Left>
        <Middle>A_HSBThumbMiddle</Middle>
        <OverlapLeft>0</OverlapLeft>
        <OverlapTop>0</OverlapTop>
        <OverlapRight>0</OverlapRight>
        <OverlapBottom>0</OverlapBottom>
      </Thumb>
      <MiddleTextureInfo>scrollbar_gutter.tga</MiddleTextureInfo>
      <MiddleTint>
        <Alpha>255</Alpha>
        <R>128</R>
        <G>128</G>
        <B>128</B>
      </MiddleTint>
    </HSBTemplate>
    <CloseBox>
      <Normal>A_CloseBtnNormal</Normal>
      <Pressed>A_CloseBtnPressed</Pressed>
      <Flyby>A_CloseBtnFlyby</Flyby>
      <Disabled>A_CloseBtnDisabled</Disabled>
      <PressedFlyby>A_CloseBtnPressedFlyby</PressedFlyby>
    </CloseBox>
    <MinimizeBox>
      <Normal>A_MinimizeBtnNormal</Normal>
      <Pressed>A_MinimizeBtnPressed</Pressed>
      <Flyby>A_MinimizeBtnFlyby</Flyby>
      <Disabled>A_MinimizeBtnDisabled</Disabled>
      <PressedFlyby>A_MinimizeBtnPressedFlyby</PressedFlyby>
    </MinimizeBox>
    <TileBox>
      <Normal>A_TileBtnNormal</Normal>
      <Pressed>A_TileBtnPressed</Pressed>
      <Flyby>A_TileBtnFlyby</Flyby>
      <Disabled>A_TileBtnDisabled</Disabled>
      <PressedFlyby>A_TileBtnPressedFlyby</PressedFlyby>
    </TileBox>
    <Border>
      <TopLeft>A_BorderFrameTopLeft</TopLeft>
      <Top>A_BorderFrameTop</Top>
      <TopRight>A_BorderFrameTopRight</TopRight>
      <RightTop>A_BorderFrameRightTop</RightTop>
      <Right>A_BorderFrameRight</Right>
      <RightBottom>A_BorderFrameRightBottom</RightBottom>
      <BottomRight>A_BorderFrameBottomRight</BottomRight>
      <Bottom>A_BorderFrameBottom</Bottom>
      <BottomLeft>A_BorderFrameBottomLeft</BottomLeft>
      <LeftTop>A_BorderFrameLeftTop</LeftTop>
      <Left>A_BorderFrameLeft</Left>
      <LeftBottom>A_BorderFrameLeftBottom</LeftBottom>
      <OverlapLeft>0</OverlapLeft>
      <OverlapTop>0</OverlapTop>
      <OverlapRight>0</OverlapRight>
      <OverlapBottom>0</OverlapBottom>
    </Border>
    <Titlebar>
      <Right>A_WindowTitleRight</Right>
      <Left>A_WindowTitleLeft</Left>
      <Middle>A_WindowTitleMiddle</Middle>
      <OverlapLeft>0</OverlapLeft>
      <OverlapTop>0</OverlapTop>
      <OverlapRight>0</OverlapRight>
      <OverlapBottom>0</OverlapBottom>
    </Titlebar>
  </WindowDrawTemplate>
  <WindowDrawTemplate item="WDT_Def2">
    <Background>wnd_bg_dark_rock.tga</Background>
    <VSBTemplate>
      <UpButton>
        <Normal>A_VSBUpNormal</Normal>
        <Pressed>A_VSBUpPressed</Pressed>
        <Flyby>A_VSBUpFlyby</Flyby>
        <Disabled>A_VSBUpDisabled</Disabled>
        <PressedFlyby>A_VSBUpPressedFlyby</PressedFlyby>
      </UpButton>
      <DownButton>
        <Normal>A_VSBDownNormal</Normal>
        <Pressed>A_VSBDownPressed</Pressed>
        <Flyby>A_VSBDownFlyby</Flyby>
        <Disabled>A_VSBDownDisabled</Disabled>
        <PressedFlyby>A_VSBDownPressedFlyby</PressedFlyby>
      </DownButton>
      <Thumb>
        <Top>A_VSBThumbTop</Top>
        <Bottom>A_VSBThumbBottom</Bottom>
        <Middle>A_VSBThumbMiddle</Middle>
        <OverlapLeft>0</OverlapLeft>
        <OverlapTop>0</OverlapTop>
        <OverlapRight>0</OverlapRight>
        <OverlapBottom>0</OverlapBottom>
      </Thumb>
      <MiddleTextureInfo>scrollbar_gutter.tga</MiddleTextureInfo>
      <MiddleTint>
        <Alpha>255</Alpha>
        <R>128</R>
        <G>128</G>
        <B>128</B>
      </MiddleTint>
    </VSBTemplate>
    <HSBTemplate>
      <UpButton>
        <Normal>A_HSBLeftNormal</Normal>
        <Pressed>A_HSBLeftPressed</Pressed>
        <Flyby>A_HSBLeftFlyby</Flyby>
        <Disabled>A_HSBLeftDisabled</Disabled>
        <PressedFlyby>A_HSBLeftPressedFlyby</PressedFlyby>
      </UpButton>
      <DownButton>
        <Normal>A_HSBRightNormal</Normal>
        <Pressed>A_HSBRightPressed</Pressed>
        <Flyby>A_HSBRightFlyby</Flyby>
        <Disabled>A_HSBRightDisabled</Disabled>
        <PressedFlyby>A_HSBRightPressedFlyby</PressedFlyby>
      </DownButton>
      <Thumb>
        <Right>A_HSBThumbRight</Right>
        <Left>A_HSBThumbLeft</Left>
        <Middle>A_HSBThumbMiddle</Middle>
        <OverlapLeft>0</OverlapLeft>
        <OverlapTop>0</OverlapTop>
        <OverlapRight>0</OverlapRight>
        <OverlapBottom>0</OverlapBottom>
      </Thumb>
      <MiddleTextureInfo>scrollbar_gutter.tga</MiddleTextureInfo>
      <MiddleTint>
        <Alpha>255</Alpha>
        <R>128</R>
        <G>128</G>
        <B>128</B>
      </MiddleTint>
    </HSBTemplate>
    <CloseBox>
      <Normal>A_CloseBtnNormal</Normal>
      <Pressed>A_CloseBtnPressed</Pressed>
      <Flyby>A_CloseBtnFlyby</Flyby>
      <Disabled>A_CloseBtnDisabled</Disabled>
      <PressedFlyby>A_CloseBtnPressedFlyby</PressedFlyby>
    </CloseBox>
    <MinimizeBox>
      <Normal>A_MinimizeBtnNormal</Normal>
      <Pressed>A_MinimizeBtnPressed</Pressed>
      <Flyby>A_MinimizeBtnFlyby</Flyby>
      <Disabled>A_MinimizeBtnDisabled</Disabled>
      <PressedFlyby>A_MinimizeBtnPressedFlyby</PressedFlyby>
    </MinimizeBox>
    <TileBox>
      <Normal>A_TileBtnNormal</Normal>
      <Pressed>A_TileBtnPressed</Pressed>
      <Flyby>A_TileBtnFlyby</Flyby>
      <Disabled>A_TileBtnDisabled</Disabled>
      <PressedFlyby>A_TileBtnPressedFlyby</PressedFlyby>
    </TileBox>
    <Border>
      <TopLeft>A_BorderFrameTopLeft</TopLeft>
      <Top>A_BorderFrameTop</Top>
      <TopRight>A_BorderFrameTopRight</TopRight>
      <RightTop>A_BorderFrameRightTop</RightTop>
      <Right>A_BorderFrameRight</Right>
      <RightBottom>A_BorderFrameRightBottom</RightBottom>
      <BottomRight>A_BorderFrameBottomRight</BottomRight>
      <Bottom>A_BorderFrameBottom</Bottom>
      <BottomLeft>A_BorderFrameBottomLeft</BottomLeft>
      <LeftTop>A_BorderFrameLeftTop</LeftTop>
      <Left>A_BorderFrameLeft</Left>
      <LeftBottom>A_BorderFrameLeftBottom</LeftBottom>
      <OverlapLeft>0</OverlapLeft>
      <OverlapTop>0</OverlapTop>
      <OverlapRight>0</OverlapRight>
      <OverlapBottom>0</OverlapBottom>
    </Border>
    <Titlebar>
      <Right>A_WindowTitleRight</Right>
      <Left>A_WindowTitleLeft</Left>
      <Middle>A_WindowTitleMiddle</Middle>
      <OverlapLeft>0</OverlapLeft>
      <OverlapTop>0</OverlapTop>
      <OverlapRight>0</OverlapRight>
      <OverlapBottom>0</OverlapBottom>
    </Titlebar>
  </WindowDrawTemplate>
  <WindowDrawTemplate item="WDT_Inner">
    <Background>wnd_bg_dark_rock.tga</Background>
    <VSBTemplate>
      <UpButton>
        <Normal>A_VSBUpNormal</Normal>
        <Pressed>A_VSBUpPressed</Pressed>
        <Flyby>A_VSBUpFlyby</Flyby>
        <Disabled>A_VSBUpDisabled</Disabled>
        <PressedFlyby>A_VSBUpPressedFlyby</PressedFlyby>
      </UpButton>
      <DownButton>
        <Normal>A_VSBDownNormal</Normal>
        <Pressed>A_VSBDownPressed</Pressed>
        <Flyby>A_VSBDownFlyby</Flyby>
        <Disabled>A_VSBDownDisabled</Disabled>
        <PressedFlyby>A_VSBDownPressedFlyby</PressedFlyby>
      </DownButton>
      <Thumb>
        <Top>A_VSBThumbTop</Top>
        <Bottom>A_VSBThumbBottom</Bottom>
        <Middle>A_VSBThumbMiddle</Middle>
        <OverlapLeft>0</OverlapLeft>
        <OverlapTop>0</OverlapTop>
        <OverlapRight>0</OverlapRight>
        <OverlapBottom>0</OverlapBottom>
      </Thumb>
      <MiddleTextureInfo>scrollbar_gutter.tga</MiddleTextureInfo>
      <MiddleTint>
        <Alpha>255</Alpha>
        <R>128</R>
        <G>128</G>
        <B>128</B>
      </MiddleTint>
    </VSBTemplate>
    <HSBTemplate>
      <UpButton>
        <Normal>A_HSBLeftNormal</Normal>
        <Pressed>A_HSBLeftPressed</Pressed>
        <Flyby>A_HSBLeftFlyby</Flyby>
        <Disabled>A_HSBLeftDisabled</Disabled>
        <PressedFlyby>A_HSBLeftPressedFlyby</PressedFlyby>
      </UpButton>
      <DownButton>
        <Normal>A_HSBRightNormal</Normal>
        <Pressed>A_HSBRightPressed</Pressed>
        <Flyby>A_HSBRightFlyby</Flyby>
        <Disabled>A_HSBRightDisabled</Disabled>
        <PressedFlyby>A_HSBRightPressedFlyby</PressedFlyby>
      </DownButton>
      <Thumb>
        <Right>A_HSBThumbRight</Right>
        <Left>A_HSBThumbLeft</Left>
        <Middle>A_HSBThumbMiddle</Middle>
        <OverlapLeft>0</OverlapLeft>
        <OverlapTop>0</OverlapTop>
        <OverlapRight>0</OverlapRight>
        <OverlapBottom>0</OverlapBottom>
      </Thumb>
      <MiddleTextureInfo>scrollbar_gutter.tga</MiddleTextureInfo>
      <MiddleTint>
        <Alpha>255</Alpha>
        <R>128</R>
        <G>128</G>
        <B>128</B>
      </MiddleTint>
    </HSBTemplate>
    <CloseBox>
      <Normal>A_CloseBtnNormal</Normal>
      <Pressed>A_CloseBtnPressed</Pressed>
      <Flyby>A_CloseBtnFlyby</Flyby>
      <Disabled>A_CloseBtnDisabled</Disabled>
      <PressedFlyby>A_CloseBtnPressedFlyby</PressedFlyby>
    </CloseBox>
    <MinimizeBox>
      <Normal>A_MinimizeBtnNormal</Normal>
      <Pressed>A_MinimizeBtnPressed</Pressed>
      <Flyby>A_MinimizeBtnFlyby</Flyby>
      <Disabled>A_MinimizeBtnDisabled</Disabled>
      <PressedFlyby>A_MinimizeBtnPressedFlyby</PressedFlyby>
    </MinimizeBox>
    <TileBox>
      <Normal>A_TileBtnNormal</Normal>
      <Pressed>A_TileBtnPressed</Pressed>
      <Flyby>A_TileBtnFlyby</Flyby>
      <Disabled>A_TileBtnDisabled</Disabled>
      <PressedFlyby>A_TileBtnPressedFlyby</PressedFlyby>
    </TileBox>
    <Border>
      <TopLeft>A_InnerFrameTopLeft</TopLeft>
      <Top>A_InnerFrameTop</Top>
      <TopRight>A_InnerFrameTopRight</TopRight>
      <RightTop>A_InnerFrameRight</RightTop>
      <Right>A_InnerFrameRight</Right>
      <RightBottom>A_InnerFrameRight</RightBottom>
      <BottomRight>A_InnerFrameBottomRight</BottomRight>
      <Bottom>A_InnerFrameBottom</Bottom>
      <BottomLeft>A_InnerFrameBottomLeft</BottomLeft>
      <LeftTop>A_InnerFrameLeft</LeftTop>
      <Left>A_InnerFrameLeft</Left>
      <LeftBottom>A_InnerFrameLeft</LeftBottom>
      <OverlapLeft>0</OverlapLeft>
      <OverlapTop>0</OverlapTop>
      <OverlapRight>0</OverlapRight>
      <OverlapBottom>0</OverlapBottom>
    </Border>
    <Titlebar>
      <Right>A_WindowTitleRight</Right>
      <Left>A_WindowTitleLeft</Left>
      <Middle>A_WindowTitleMiddle</Middle>
      <OverlapLeft>0</OverlapLeft>
      <OverlapTop>0</OverlapTop>
      <OverlapRight>0</OverlapRight>
      <OverlapBottom>0</OverlapBottom>
    </Titlebar>
  </WindowDrawTemplate>
  <WindowDrawTemplate item="WDT_Rounded">
    <Background>wnd_bg_light_rock.tga</Background>
    <VSBTemplate>
      <UpButton>
        <Normal>A_VSBUpNormal</Normal>
        <Pressed>A_VSBUpPressed</Pressed>
        <Flyby>A_VSBUpFlyby</Flyby>
        <Disabled>A_VSBUpDisabled</Disabled>
        <PressedFlyby>A_VSBUpPressedFlyby</PressedFlyby>
      </UpButton>
      <DownButton>
        <Normal>A_VSBDownNormal</Normal>
        <Pressed>A_VSBDownPressed</Pressed>
        <Flyby>A_VSBDownFlyby</Flyby>
        <Disabled>A_VSBDownDisabled</Disabled>
        <PressedFlyby>A_VSBDownPressedFlyby</PressedFlyby>
      </DownButton>
      <Thumb>
        <Top>A_VSBThumbTop</Top>
        <Bottom>A_VSBThumbBottom</Bottom>
        <Middle>A_VSBThumbMiddle</Middle>
        <OverlapLeft>0</OverlapLeft>
        <OverlapTop>0</OverlapTop>
        <OverlapRight>0</OverlapRight>
        <OverlapBottom>0</OverlapBottom>
      </Thumb>
      <MiddleTextureInfo>scrollbar_gutter.tga</MiddleTextureInfo>
      <MiddleTint>
        <Alpha>255</Alpha>
        <R>128</R>
        <G>128</G>
        <B>128</B>
      </MiddleTint>
    </VSBTemplate>
    <HSBTemplate>
      <UpButton>
        <Normal>A_HSBLeftNormal</Normal>
        <Pressed>A_HSBLeftPressed</Pressed>
        <Flyby>A_HSBLeftFlyby</Flyby>
        <Disabled>A_HSBLeftDisabled</Disabled>
        <PressedFlyby>A_HSBLeftPressedFlyby</PressedFlyby>
      </UpButton>
      <DownButton>
        <Normal>A_HSBRightNormal</Normal>
        <Pressed>A_HSBRightPressed</Pressed>
        <Flyby>A_HSBRightFlyby</Flyby>
        <Disabled>A_HSBRightDisabled</Disabled>
        <PressedFlyby>A_HSBRightPressedFlyby</PressedFlyby>
      </DownButton>
      <Thumb>
        <Right>A_HSBThumbRight</Right>
        <Left>A_HSBThumbLeft</Left>
        <Middle>A_HSBThumbMiddle</Middle>
        <OverlapLeft>0</OverlapLeft>
        <OverlapTop>0</OverlapTop>
        <OverlapRight>0</OverlapRight>
        <OverlapBottom>0</OverlapBottom>
      </Thumb>
      <MiddleTextureInfo>scrollbar_gutter.tga</MiddleTextureInfo>
      <MiddleTint>
        <Alpha>255</Alpha>
        <R>128</R>
        <G>128</G>
        <B>128</B>
      </MiddleTint>
    </HSBTemplate>
    <CloseBox>
      <Normal>A_CloseBtnNormal</Normal>
      <Pressed>A_CloseBtnPressed</Pressed>
      <Flyby>A_CloseBtnFlyby</Flyby>
      <Disabled>A_CloseBtnDisabled</Disabled>
      <PressedFlyby>A_CloseBtnPressedFlyby</PressedFlyby>
    </CloseBox>
    <MinimizeBox>
      <Normal>A_MinimizeBtnNormal</Normal>
      <Pressed>A_MinimizeBtnPressed</Pressed>
      <Flyby>A_MinimizeBtnFlyby</Flyby>
      <Disabled>A_MinimizeBtnDisabled</Disabled>
      <PressedFlyby>A_MinimizeBtnPressedFlyby</PressedFlyby>
    </MinimizeBox>
    <TileBox>
      <Normal>A_TileBtnNormal</Normal>
      <Pressed>A_TileBtnPressed</Pressed>
      <Flyby>A_TileBtnFlyby</Flyby>
      <Disabled>A_TileBtnDisabled</Disabled>
      <PressedFlyby>A_TileBtnPressedFlyby</PressedFlyby>
    </TileBox>
    <Border>
      <TopLeft>A_RoundedFrameWithTitleTopLeft</TopLeft>
      <Top>A_RoundedFrameWithTitleTop</Top>
      <TopRight>A_RoundedFrameWithTitleTopRight</TopRight>
      <RightTop>A_RoundedFrameWithTitleRightTop</RightTop>
      <Right>A_RoundedFrameRight</Right>
      <RightBottom>A_RoundedFrameRightBottom</RightBottom>
      <BottomRight>A_RoundedFrameBottomRight</BottomRight>
      <Bottom>A_RoundedFrameBottom</Bottom>
      <BottomLeft>A_RoundedFrameBottomLeft</BottomLeft>
      <LeftTop>A_RoundedFrameWithTitleLeftTop</LeftTop>
      <Left>A_RoundedFrameLeft</Left>
      <LeftBottom>A_RoundedFrameLeftBottom</LeftBottom>
      <OverlapLeft>0</OverlapLeft>
      <OverlapTop>0</OverlapTop>
      <OverlapRight>0</OverlapRight>
      <OverlapBottom>0</OverlapBottom>
    </Border>
    <Titlebar>
      <Right>A_RoundedFrameTitleRight</Right>
      <Left>A_RoundedFrameTitleLeft</Left>
      <Middle>A_RoundedFrameTitleMiddle</Middle>
      <OverlapLeft>0</OverlapLeft>
      <OverlapTop>0</OverlapTop>
      <OverlapRight>0</OverlapRight>
      <OverlapBottom>0</OverlapBottom>
    </Titlebar>
  </WindowDrawTemplate>
  <WindowDrawTemplate item="WDT_RoundedNoTitle">
    <Background>wnd_bg_light_rock.tga</Background>
    <VSBTemplate>
      <UpButton>
        <Normal>A_VSBUpNormal</Normal>
        <Pressed>A_VSBUpPressed</Pressed>
        <Flyby>A_VSBUpFlyby</Flyby>
        <Disabled>A_VSBUpDisabled</Disabled>
        <PressedFlyby>A_VSBUpPressedFlyby</PressedFlyby>
      </UpButton>
      <DownButton>
        <Normal>A_VSBDownNormal</Normal>
        <Pressed>A_VSBDownPressed</Pressed>
        <Flyby>A_VSBDownFlyby</Flyby>
        <Disabled>A_VSBDownDisabled</Disabled>
        <PressedFlyby>A_VSBDownPressedFlyby</PressedFlyby>
      </DownButton>
      <Thumb>
        <Top>A_VSBThumbTop</Top>
        <Bottom>A_VSBThumbBottom</Bottom>
        <Middle>A_VSBThumbMiddle</Middle>
        <OverlapLeft>0</OverlapLeft>
        <OverlapTop>0</OverlapTop>
        <OverlapRight>0</OverlapRight>
        <OverlapBottom>0</OverlapBottom>
      </Thumb>
      <MiddleTextureInfo>scrollbar_gutter.tga</MiddleTextureInfo>
      <MiddleTint>
        <Alpha>255</Alpha>
        <R>128</R>
        <G>128</G>
        <B>128</B>
      </MiddleTint>
    </VSBTemplate>
    <HSBTemplate>
      <UpButton>
        <Normal>A_HSBLeftNormal</Normal>
        <Pressed>A_HSBLeftPressed</Pressed>
        <Flyby>A_HSBLeftFlyby</Flyby>
        <Disabled>A_HSBLeftDisabled</Disabled>
        <PressedFlyby>A_HSBLeftPressedFlyby</PressedFlyby>
      </UpButton>
      <DownButton>
        <Normal>A_HSBRightNormal</Normal>
        <Pressed>A_HSBRightPressed</Pressed>
        <Flyby>A_HSBRightFlyby</Flyby>
        <Disabled>A_HSBRightDisabled</Disabled>
        <PressedFlyby>A_HSBRightPressedFlyby</PressedFlyby>
      </DownButton>
      <Thumb>
        <Right>A_HSBThumbRight</Right>
        <Left>A_HSBThumbLeft</Left>
        <Middle>A_HSBThumbMiddle</Middle>
        <OverlapLeft>0</OverlapLeft>
        <OverlapTop>0</OverlapTop>
        <OverlapRight>0</OverlapRight>
        <OverlapBottom>0</OverlapBottom>
      </Thumb>
      <MiddleTextureInfo>scrollbar_gutter.tga</MiddleTextureInfo>
      <MiddleTint>
        <Alpha>255</Alpha>
        <R>128</R>
        <G>128</G>
        <B>128</B>
      </MiddleTint>
    </HSBTemplate>
    <CloseBox>
      <Normal>A_CloseBtnNormal</Normal>
      <Pressed>A_CloseBtnPressed</Pressed>
      <Flyby>A_CloseBtnFlyby</Flyby>
      <Disabled>A_CloseBtnDisabled</Disabled>
      <PressedFlyby>A_CloseBtnPressedFlyby</PressedFlyby>
    </CloseBox>
    <MinimizeBox>
      <Normal>A_MinimizeBtnNormal</Normal>
      <Pressed>A_MinimizeBtnPressed</Pressed>
      <Flyby>A_MinimizeBtnFlyby</Flyby>
      <Disabled>A_MinimizeBtnDisabled</Disabled>
      <PressedFlyby>A_MinimizeBtnPressedFlyby</PressedFlyby>
    </MinimizeBox>
    <TileBox>
      <Normal>A_TileBtnNormal</Normal>
      <Pressed>A_TileBtnPressed</Pressed>
      <Flyby>A_TileBtnFlyby</Flyby>
      <Disabled>A_TileBtnDisabled</Disabled>
      <PressedFlyby>A_TileBtnPressedFlyby</PressedFlyby>
    </TileBox>
    <Border>
      <TopLeft>A_RoundedFrameTopLeft</TopLeft>
      <Top>A_RoundedFrameTop</Top>
      <TopRight>A_RoundedFrameTopRight</TopRight>
      <RightTop>A_RoundedFrameRightTop</RightTop>
      <Right>A_RoundedFrameRight</Right>
      <RightBottom>A_RoundedFrameRightBottom</RightBottom>
      <BottomRight>A_RoundedFrameBottomRight</BottomRight>
      <Bottom>A_RoundedFrameBottom</Bottom>
      <BottomLeft>A_RoundedFrameBottomLeft</BottomLeft>
      <LeftTop>A_RoundedFrameLeftTop</LeftTop>
      <Left>A_RoundedFrameLeft</Left>
      <LeftBottom>A_RoundedFrameLeftBottom</LeftBottom>
      <OverlapLeft>0</OverlapLeft>
      <OverlapTop>0</OverlapTop>
      <OverlapRight>0</OverlapRight>
      <OverlapBottom>0</OverlapBottom>
    </Border>
    <Titlebar>
      <Right>A_RoundedFrameTitleRight</Right>
      <Left>A_RoundedFrameTitleLeft</Left>
      <Middle>A_RoundedFrameTitleMiddle</Middle>
      <OverlapLeft>0</OverlapLeft>
      <OverlapTop>0</OverlapTop>
      <OverlapRight>0</OverlapRight>
      <OverlapBottom>0</OverlapBottom>
    </Titlebar>
  </WindowDrawTemplate>
  <SliderDrawTemplate item="SDT_DefSlider">
    <Thumb>
      <Normal>A_SliderThumbNormal</Normal>
      <Pressed>A_SliderThumbPressed</Pressed>
      <Flyby>A_SliderThumbFlyby</Flyby>
      <Disabled>A_SliderThumbDisabled</Disabled>
      <PressedFlyby>A_SliderThumbPressedFlyby</PressedFlyby>
    </Thumb>
    <Background>A_SliderBackground</Background>
    <EndCapRight>A_SliderEndCapRight</EndCapRight>
    <EndCapLeft>A_SliderEndCapLeft</EndCapLeft>
  </SliderDrawTemplate>
  <ButtonDrawTemplate item="BDT_Combo">
    <Normal>A_VSBDownNormal</Normal>
    <Pressed>A_VSBDownPressed</Pressed>
    <Flyby>A_VSBDownFlyby</Flyby>
    <Disabled>A_VSBDownDisabled</Disabled>
    <PressedFlyby>A_VSBDownPressedFlyby</PressedFlyby>
  </ButtonDrawTemplate>
  <FrameTemplate item="Header_Listbox">
    <Right>A_ListHeaderRight</Right>
    <Left>A_ListHeaderLeft</Left>
    <Middle>A_ListHeaderMiddle</Middle>
    <OverlapLeft>0</OverlapLeft>
    <OverlapTop>0</OverlapTop>
    <OverlapRight>0</OverlapRight>
    <OverlapBottom>0</OverlapBottom>
  </FrameTemplate>
  <!-- Templates to put coins at top of list (in the header) -->
  <FrameTemplate item="Header_PlatCoin">
    <Middle>A_PlatinumCoin</Middle>
    <OverlapLeft>0</OverlapLeft>
    <OverlapTop>0</OverlapTop>
    <OverlapRight>0</OverlapRight>
    <OverlapBottom>0</OverlapBottom>
  </FrameTemplate>
  <FrameTemplate item="Header_GoldCoin">
    <Middle>A_GoldCoin</Middle>
    <OverlapLeft>0</OverlapLeft>
    <OverlapTop>0</OverlapTop>
    <OverlapRight>0</OverlapRight>
    <OverlapBottom>0</OverlapBottom>
  </FrameTemplate>
  <FrameTemplate item="Header_SilvCoin">
    <Middle>A_SilverCoin</Middle>
    <OverlapLeft>0</OverlapLeft>
    <OverlapTop>0</OverlapTop>
    <OverlapRight>0</OverlapRight>
    <OverlapBottom>0</OverlapBottom>
  </FrameTemplate>
  <FrameTemplate item="Header_CoppCoin">
    <Middle>A_CopperCoin</Middle>
    <OverlapLeft>0</OverlapLeft>
    <OverlapTop>0</OverlapTop>
    <OverlapRight>0</OverlapRight>
    <OverlapBottom>0</OverlapBottom>
  </FrameTemplate>
  <FrameTemplate item="FT_DefTabBorder">
    <TopLeft>a_blkpix</TopLeft>
    <Top>a_blkpix</Top>
    <TopRight>a_blkpix</TopRight>
    <RightTop>a_blkpix</RightTop>
    <Right>a_blkpix</Right>
    <RightBottom>a_blkpix</RightBottom>
    <LeftTop>a_blkpix</LeftTop>
    <Left>a_blkpix</Left>
    <LeftBottom>a_blkpix</LeftBottom>
    <OverlapLeft>0</OverlapLeft>
    <OverlapTop>0</OverlapTop>
    <OverlapRight>0</OverlapRight>
    <OverlapBottom>0</OverlapBottom>
  </FrameTemplate>
  <FrameTemplate item="FT_DefPageBorder">
    <TopLeft>a_blkpix</TopLeft>
    <Top>a_blkpix</Top>
    <TopRight>a_blkpix</TopRight>
    <RightTop>a_blkpix</RightTop>
    <Right>a_blkpix</Right>
    <RightBottom>a_blkpix</RightBottom>
    <BottomRight>a_blkpix</BottomRight>
    <Bottom>a_blkpix</Bottom>
    <BottomLeft>a_blkpix</BottomLeft>
    <LeftTop>a_blkpix</LeftTop>
    <Left>a_blkpix</Left>
    <LeftBottom>a_blkpix</LeftBottom>
    <OverlapLeft>0</OverlapLeft>
    <OverlapTop>0</OverlapTop>
    <OverlapRight>0</OverlapRight>
    <OverlapBottom>0</OverlapBottom>
  </FrameTemplate>
</XML>
