<?xml version="1.0" encoding="us-ascii"?>
<XML ID="EQInterfaceDefinitionLanguage">
  <!-- Original Action by Teneniel, modified for Lunakin Quarmified by Brujoloco 11/11/23 -->
  <Schema xmlns="EverQuestData" xmlns:dt="EverQuestDataTypes" />
  <InvSlot item="AW_INV_R4">
    <ScreenID>Inv_Right4</ScreenID>
    <!--<Font>3</Font>-->
    <RelativePosition>true</RelativePosition>
    <Location>
      <X>363</X>
      <Y>33</Y>
    </Location>
    <Size>
      <CX>27</CX>
      <CY>28</CY>
    </Size>
    <Background>A_RecessedBox</Background>
    <EQType>29</EQType>
    <Style_VScroll>false</Style_VScroll>
    <Style_HScroll>false</Style_HScroll>
    <Style_Transparent>false</Style_Transparent>
    <!--<TooltipReference/>-->
  </InvSlot>
  <InvSlot item="AW_INV_R3">
    <ScreenID>Inv_Right3</ScreenID>
    <!--<Font>3</Font>-->
    <RelativePosition>true</RelativePosition>
    <Location>
      <X>338</X>
      <Y>33</Y>
    </Location>
    <Size>
      <CX>27</CX>
      <CY>28</CY>
    </Size>
    <Background>A_RecessedBox</Background>
    <EQType>28</EQType>
    <Style_VScroll>false</Style_VScroll>
    <Style_HScroll>false</Style_HScroll>
    <Style_Transparent>false</Style_Transparent>
    <!--<TooltipReference/>-->
  </InvSlot>
  <InvSlot item="AW_INV_R2">
    <ScreenID>Inv_Right2</ScreenID>
    <!--<Font>3</Font>-->
    <RelativePosition>true</RelativePosition>
    <Location>
      <X>313</X>
      <Y>33</Y>
    </Location>
    <Size>
      <CX>27</CX>
      <CY>28</CY>
    </Size>
    <Background>A_RecessedBox</Background>
    <EQType>27</EQType>
    <Style_VScroll>false</Style_VScroll>
    <Style_HScroll>false</Style_HScroll>
    <Style_Transparent>false</Style_Transparent>
    <!--<TooltipReference/>-->
  </InvSlot>
  <InvSlot item="AW_INV_R1">
    <ScreenID>Inventory Right 1</ScreenID>
    <!--<Font>3</Font>-->
    <RelativePosition>true</RelativePosition>
    <Location>
      <X>288</X>
      <Y>33</Y>
    </Location>
    <Size>
      <CX>27</CX>
      <CY>28</CY>
    </Size>
    <Background>A_RecessedBox</Background>
    <EQType>26</EQType>
    <Style_VScroll>false</Style_VScroll>
    <Style_HScroll>false</Style_HScroll>
    <Style_Transparent>false</Style_Transparent>
    <!--<TooltipReference/>-->
  </InvSlot>
  <Label item="AW_AA">
    <ScreenID>AAXP_L</ScreenID>
    <Font>3</Font>
    <Text>AAXP</Text>
    <TextColor>
      <R>255</R>
      <G>255</G>
      <B>255</B>
    </TextColor>
    <Size>
      <CX>37</CX>
      <CY>15</CY>
    </Size>
    <AlignCenter>true</AlignCenter>
    <Location>
      <X>313</X>
      <Y>3000</Y>
    </Location>
  </Label>
  <Label item="AW_WGT">
    <ScreenID>AAXP_L</ScreenID>
    <Font>3</Font>
    <Text>999</Text>
    <TextColor>
      <R>255</R>
      <G>255</G>
      <B>255</B>
    </TextColor>
    <Size>
      <CX>37</CX>
      <CY>15</CY>
    </Size>
    <AlignCenter>true</AlignCenter>
    <Location>
      <X>345</X>
      <Y>43</Y>
    </Location>
    <EQType>24</EQType>
  </Label>
  <Label item="AW_ATK">
    <ScreenID>XP_L</ScreenID>
    <Font>3</Font>
    <Text>9999</Text>
    <TextColor>
      <R>255</R>
      <G>255</G>
      <B>255</B>
    </TextColor>
    <Size>
      <CX>35</CX>
      <CY>15</CY>
    </Size>
    <AlignCenter>true</AlignCenter>
    <Location>
      <X>345</X>
      <Y>23</Y>
    </Location>
    <EQType>23</EQType>
  </Label>
  <Label item="AW_AC">
    <ScreenID>XP_L</ScreenID>
    <Font>3</Font>
    <Text>9999</Text>
    <TextColor>
      <R>255</R>
      <G>255</G>
      <B>255</B>
    </TextColor>
    <Size>
      <CX>35</CX>
      <CY>15</CY>
    </Size>
    <AlignCenter>true</AlignCenter>
    <Location>
      <X>345</X>
      <Y>3</Y>
    </Location>
    <EQType>22</EQType>
  </Label>
  <Label item="AW_CR">
    <ScreenID>AC_L</ScreenID>
    <Font>3</Font>
    <Text>100</Text>
    <TextColor>
      <R>255</R>
      <G>255</G>
      <B>255</B>
    </TextColor>
    <Size>
      <CX>28</CX>
      <CY>15</CY>
    </Size>
    <AlignCenter>true</AlignCenter>
    <Location>
      <X>268</X>
      <Y>43</Y>
    </Location>
    <EQType>15</EQType>
  </Label>
  <Label item="AW_FR">
    <ScreenID>AC_L</ScreenID>
    <Font>3</Font>
    <Text>100</Text>
    <TextColor>
      <R>255</R>
      <G>255</G>
      <B>255</B>
    </TextColor>
    <Size>
      <CX>28</CX>
      <CY>15</CY>
    </Size>
    <AlignCenter>true</AlignCenter>
    <Location>
      <X>268</X>
      <Y>23</Y>
    </Location>
    <EQType>14</EQType>
  </Label>
  <Label item="AW_DR">
    <ScreenID>AAXP_L</ScreenID>
    <Font>3</Font>
    <Text>100</Text>
    <TextColor>
      <R>255</R>
      <G>255</G>
      <B>255</B>
    </TextColor>
    <Size>
      <CX>28</CX>
      <CY>15</CY>
    </Size>
    <AlignCenter>true</AlignCenter>
    <Location>
      <X>268</X>
      <Y>3</Y>
    </Location>
    <EQType>13</EQType>
  </Label>
  <Label item="AW_MR">
    <ScreenID>AAXP_L</ScreenID>
    <Font>3</Font>
    <Text>100</Text>
    <TextColor>
      <R>255</R>
      <G>255</G>
      <B>255</B>
    </TextColor>
    <Size>
      <CX>28</CX>
      <CY>15</CY>
    </Size>
    <AlignCenter>true</AlignCenter>
    <Location>
      <X>190</X>
      <Y>43</Y>
    </Location>
    <EQType>16</EQType>
  </Label>
  <Label item="AW_PR">
    <ScreenID>XP_L</ScreenID>
    <Font>3</Font>
    <Text>100</Text>
    <TextColor>
      <R>255</R>
      <G>255</G>
      <B>255</B>
    </TextColor>
    <Size>
      <CX>28</CX>
      <CY>15</CY>
    </Size>
    <AlignCenter>true</AlignCenter>
    <Location>
      <X>190</X>
      <Y>23</Y>
    </Location>
    <EQType>12</EQType>
  </Label>
  <Label item="AW_CHA">
    <ScreenID>XP_L</ScreenID>
    <Font>3</Font>
    <Text>100</Text>
    <TextColor>
      <R>255</R>
      <G>255</G>
      <B>255</B>
    </TextColor>
    <Size>
      <CX>30</CX>
      <CY>15</CY>
    </Size>
    <AlignCenter>true</AlignCenter>
    <Location>
      <X>189</X>
      <Y>3</Y>
    </Location>
    <EQType>11</EQType>
  </Label>
  <Label item="AW_INT">
    <ScreenID>AC_L</ScreenID>
    <Font>3</Font>
    <Text>100</Text>
    <TextColor>
      <R>255</R>
      <G>255</G>
      <B>255</B>
    </TextColor>
    <Size>
      <CX>35</CX>
      <CY>15</CY>
    </Size>
    <AlignCenter>true</AlignCenter>
    <Location>
      <X>110</X>
      <Y>43</Y>
    </Location>
    <EQType>10</EQType>
  </Label>
  <Label item="AW_WIS">
    <ScreenID>AC_L</ScreenID>
    <Font>3</Font>
    <Text>100</Text>
    <TextColor>
      <R>255</R>
      <G>255</G>
      <B>255</B>
    </TextColor>
    <Size>
      <CX>35</CX>
      <CY>15</CY>
    </Size>
    <AlignCenter>true</AlignCenter>
    <Location>
      <X>110</X>
      <Y>23</Y>
    </Location>
    <EQType>9</EQType>
  </Label>
  <Label item="AW_DEX">
    <ScreenID>DEX_L</ScreenID>
    <Font>3</Font>
    <Text>100</Text>
    <TextColor>
      <R>255</R>
      <G>255</G>
      <B>255</B>
    </TextColor>
    <Size>
      <CX>35</CX>
      <CY>15</CY>
    </Size>
    <AlignCenter>true</AlignCenter>
    <Location>
      <X>110</X>
      <Y>3</Y>
    </Location>
    <EQType>7</EQType>
  </Label>
  <Label item="AW_AGI">
    <ScreenID>ATK_L</ScreenID>
    <Font>3</Font>
    <Text>100</Text>
    <TextColor>
      <R>255</R>
      <G>255</G>
      <B>255</B>
    </TextColor>
    <Size>
      <CX>28</CX>
      <CY>15</CY>
    </Size>
    <AlignCenter>true</AlignCenter>
    <Location>
      <X>35</X>
      <Y>43</Y>
    </Location>
    <EQType>8</EQType>
  </Label>
  <Label item="AW_STA">
    <ScreenID>STA_L</ScreenID>
    <Font>3</Font>
    <Text>100</Text>
    <TextColor>
      <R>255</R>
      <G>255</G>
      <B>255</B>
    </TextColor>
    <Size>
      <CX>28</CX>
      <CY>15</CY>
    </Size>
    <AlignCenter>true</AlignCenter>
    <Location>
      <X>35</X>
      <Y>23</Y>
    </Location>
    <EQType>6</EQType>
  </Label>
  <Label item="AW_STR">
    <ScreenID>STR_L</ScreenID>
    <Font>3</Font>
    <Text>100</Text>
    <TextColor>
      <R>255</R>
      <G>255</G>
      <B>255</B>
    </TextColor>
    <Size>
      <CX>28</CX>
      <CY>15</CY>
    </Size>
    <AlignCenter>true</AlignCenter>
    <Location>
      <X>35</X>
      <Y>3</Y>
    </Location>
    <EQType>5</EQType>
  </Label>
  <Label item="AW_AA_L">
    <ScreenID>AAXP_L</ScreenID>
    <Font>3</Font>
    <Text>AAXP</Text>
    <TextColor>
      <R>255</R>
      <G>255</G>
      <B>255</B>
    </TextColor>
    <Size>
      <CX>37</CX>
      <CY>15</CY>
    </Size>
    <AlignCenter>true</AlignCenter>
    <Location>
      <X>313</X>
      <Y>3000</Y>
    </Location>
  </Label>
  <Label item="AW_WGT_L">
    <ScreenID>AAXP_L</ScreenID>
    <Font>3</Font>
    <Text>WGT</Text>
    <TextColor>
      <R>150</R>
      <G>150</G>
      <B>200</B>
    </TextColor>
    <Size>
      <CX>32</CX>
      <CY>15</CY>
    </Size>
    <AlignCenter>true</AlignCenter>
    <Location>
      <X>312</X>
      <Y>43</Y>
    </Location>
  </Label>
  <Label item="AW_ATK_L">
    <ScreenID>XP_L</ScreenID>
    <Font>3</Font>
    <Text>ATK</Text>
    <TextColor>
      <R>150</R>
      <G>150</G>
      <B>200</B>
    </TextColor>
    <Size>
      <CX>28</CX>
      <CY>15</CY>
    </Size>
    <AlignCenter>true</AlignCenter>
    <Location>
      <X>315</X>
      <Y>23</Y>
    </Location>
  </Label>
  <Label item="AW_AC_L">
    <ScreenID>XP_L</ScreenID>
    <Font>3</Font>
    <Text>AC</Text>
    <TextColor>
      <R>150</R>
      <G>150</G>
      <B>200</B>
    </TextColor>
    <Size>
      <CX>28</CX>
      <CY>15</CY>
    </Size>
    <AlignCenter>true</AlignCenter>
    <Location>
      <X>315</X>
      <Y>3</Y>
    </Location>
  </Label>
  <Label item="AW_CR_L">
    <ScreenID>AC_L</ScreenID>
    <Font>3</Font>
    <Text>CR</Text>
    <TextColor>
      <R>150</R>
      <G>150</G>
      <B>255</B>
    </TextColor>
    <Size>
      <CX>28</CX>
      <CY>15</CY>
    </Size>
    <AlignCenter>true</AlignCenter>
    <Location>
      <X>236</X>
      <Y>43</Y>
    </Location>
  </Label>
  <Label item="AW_FR_L">
    <ScreenID>AC_L</ScreenID>
    <Font>3</Font>
    <Text>FR</Text>
    <TextColor>
      <R>255</R>
      <G>50</G>
      <B>50</B>
    </TextColor>
    <Size>
      <CX>28</CX>
      <CY>15</CY>
    </Size>
    <AlignCenter>true</AlignCenter>
    <Location>
      <X>236</X>
      <Y>23</Y>
    </Location>
  </Label>
  <Label item="AW_DR_L">
    <ScreenID>AAXP_L</ScreenID>
    <Font>3</Font>
    <Text>DR</Text>
    <TextColor>
      <R>0</R>
      <G>200</G>
      <B>0</B>
    </TextColor>
    <Size>
      <CX>28</CX>
      <CY>15</CY>
    </Size>
    <AlignCenter>true</AlignCenter>
    <Location>
      <X>236</X>
      <Y>3</Y>
    </Location>
  </Label>
  <Label item="AW_MR_L">
    <ScreenID>AAXP_L</ScreenID>
    <Font>3</Font>
    <Text>MR</Text>
    <TextColor>
      <R>255</R>
      <G>0</G>
      <B>255</B>
    </TextColor>
    <Size>
      <CX>28</CX>
      <CY>15</CY>
    </Size>
    <AlignCenter>true</AlignCenter>
    <Location>
      <X>159</X>
      <Y>43</Y>
    </Location>
  </Label>
  <Label item="AW_PR_L">
    <ScreenID>XP_L</ScreenID>
    <Font>3</Font>
    <Text>PR</Text>
    <TextColor>
      <R>30</R>
      <G>255</G>
      <B>30</B>
    </TextColor>
    <Size>
      <CX>28</CX>
      <CY>15</CY>
    </Size>
    <AlignCenter>true</AlignCenter>
    <Location>
      <X>159</X>
      <Y>23</Y>
    </Location>
  </Label>
  <Label item="AW_CHA_L">
    <ScreenID>XP_L</ScreenID>
    <Font>3</Font>
    <Text>CHA</Text>
    <TextColor>
      <R>150</R>
      <G>150</G>
      <B>200</B>
    </TextColor>
    <Size>
      <CX>30</CX>
      <CY>15</CY>
    </Size>
    <AlignCenter>true</AlignCenter>
    <Location>
      <X>157</X>
      <Y>3</Y>
    </Location>
  </Label>
  <Label item="AW_INT_L">
    <ScreenID>AC_L</ScreenID>
    <Font>3</Font>
    <Text>INT</Text>
    <TextColor>
      <R>150</R>
      <G>150</G>
      <B>200</B>
    </TextColor>
    <Size>
      <CX>35</CX>
      <CY>15</CY>
    </Size>
    <AlignCenter>true</AlignCenter>
    <Location>
      <X>78</X>
      <Y>43</Y>
    </Location>
  </Label>
  <Label item="AW_WIS_L">
    <ScreenID>AC_L</ScreenID>
    <Font>3</Font>
    <Text>WIS</Text>
    <TextColor>
      <R>150</R>
      <G>150</G>
      <B>200</B>
    </TextColor>
    <Size>
      <CX>35</CX>
      <CY>15</CY>
    </Size>
    <AlignCenter>true</AlignCenter>
    <Location>
      <X>78</X>
      <Y>23</Y>
    </Location>
  </Label>
  <Label item="AW_DEX_L">
    <ScreenID>DEX_L</ScreenID>
    <Font>3</Font>
    <Text>DEX</Text>
    <TextColor>
      <R>150</R>
      <G>150</G>
      <B>200</B>
    </TextColor>
    <Size>
      <CX>35</CX>
      <CY>15</CY>
    </Size>
    <AlignCenter>true</AlignCenter>
    <Location>
      <X>78</X>
      <Y>3</Y>
    </Location>
  </Label>
  <Label item="AW_AGI_L">
    <ScreenID>ATK_L</ScreenID>
    <Font>3</Font>
    <Text>AGI</Text>
    <TextColor>
      <R>150</R>
      <G>150</G>
      <B>200</B>
    </TextColor>
    <Size>
      <CX>28</CX>
      <CY>15</CY>
    </Size>
    <AlignCenter>true</AlignCenter>
    <Location>
      <X>3</X>
      <Y>43</Y>
    </Location>
  </Label>
  <Label item="AW_STA_L">
    <ScreenID>STA_L</ScreenID>
    <Font>3</Font>
    <Text>STA</Text>
    <TextColor>
      <R>150</R>
      <G>150</G>
      <B>200</B>
    </TextColor>
    <Size>
      <CX>28</CX>
      <CY>15</CY>
    </Size>
    <AlignCenter>true</AlignCenter>
    <Location>
      <X>3</X>
      <Y>23</Y>
    </Location>
  </Label>
  <Label item="AW_STR_L">
    <ScreenID>STR_L</ScreenID>
    <Font>3</Font>
    <Text>STR</Text>
    <TextColor>
      <R>150</R>
      <G>150</G>
      <B>200</B>
    </TextColor>
    <Size>
      <CX>28</CX>
      <CY>15</CY>
    </Size>
    <AlignCenter>true</AlignCenter>
    <Location>
      <X>3</X>
      <Y>3</Y>
    </Location>
  </Label>
  <InvSlot item="AW_Ammo">
    <ScreenID>Ammo</ScreenID>
    <!--<Font>3</Font>-->
    <RelativePosition>true</RelativePosition>
    <Location>
      <X>261</X>
      <Y>33</Y>
    </Location>
    <Size>
      <CX>27</CX>
      <CY>28</CY>
    </Size>
    <Background>A_InvAmmo</Background>
    <EQType>21</EQType>
    <Style_VScroll>false</Style_VScroll>
    <Style_HScroll>false</Style_HScroll>
    <Style_Transparent>false</Style_Transparent>
    <!--<TooltipReference/>-->
  </InvSlot>
  <InvSlot item="AW_Range">
    <ScreenID>Range</ScreenID>
    <!--<Font>3</Font>-->
    <RelativePosition>true</RelativePosition>
    <Location>
      <X>235</X>
      <Y>33</Y>
    </Location>
    <Size>
      <CX>27</CX>
      <CY>28</CY>
    </Size>
    <Background>A_InvRange</Background>
    <EQType>11</EQType>
    <Style_VScroll>false</Style_VScroll>
    <Style_HScroll>false</Style_HScroll>
    <Style_Transparent>false</Style_Transparent>
    <!--<TooltipReference/>-->
  </InvSlot>
  <InvSlot item="AW_Secondary">
    <ScreenID>Secondary</ScreenID>
    <!--<Font>3</Font>-->
    <RelativePosition>true</RelativePosition>
    <Location>
      <X>261</X>
      <Y>3</Y>
    </Location>
    <Size>
      <CX>27</CX>
      <CY>28</CY>
    </Size>
    <Background>A_InvSecondary</Background>
    <EQType>14</EQType>
    <Style_VScroll>false</Style_VScroll>
    <Style_HScroll>false</Style_HScroll>
    <Style_Transparent>false</Style_Transparent>
    <!--<TooltipReference/>-->
  </InvSlot>
  <InvSlot item="AW_Primary">
    <ScreenID>AW_Primary</ScreenID>
    <!--<Font>3</Font>-->
    <RelativePosition>true</RelativePosition>
    <Location>
      <X>235</X>
      <Y>3</Y>
    </Location>
    <Size>
      <CX>27</CX>
      <CY>28</CY>
    </Size>
    <Background>A_InvPrimary</Background>
    <EQType>13</EQType>
    <Style_VScroll>false</Style_VScroll>
    <Style_HScroll>false</Style_HScroll>
    <Style_Transparent>false</Style_Transparent>
    <!--<TooltipReference/>-->
  </InvSlot>
  <InvSlot item="AW_INV_L4">
    <ScreenID>Inv_Left4</ScreenID>
    <!--<Font>3</Font>-->
    <RelativePosition>true</RelativePosition>
    <Location>
      <X>363</X>
      <Y>3</Y>
    </Location>
    <Size>
      <CX>27</CX>
      <CY>28</CY>
    </Size>
    <Background>A_RecessedBox</Background>
    <EQType>25</EQType>
    <Style_VScroll>false</Style_VScroll>
    <Style_HScroll>false</Style_HScroll>
    <Style_Transparent>false</Style_Transparent>
    <!--<TooltipReference/>-->
  </InvSlot>
  <InvSlot item="AW_INV_L3">
    <ScreenID>Inv_Left3</ScreenID>
    <!--<Font>3</Font>-->
    <RelativePosition>true</RelativePosition>
    <Location>
      <X>338</X>
      <Y>3</Y>
    </Location>
    <Size>
      <CX>27</CX>
      <CY>28</CY>
    </Size>
    <Background>A_RecessedBox</Background>
    <EQType>24</EQType>
    <Style_VScroll>false</Style_VScroll>
    <Style_HScroll>false</Style_HScroll>
    <Style_Transparent>false</Style_Transparent>
    <!--<TooltipReference/>-->
  </InvSlot>
  <InvSlot item="AW_INV_L2">
    <ScreenID>Inv_Left2</ScreenID>
    <!--<Font>3</Font>-->
    <RelativePosition>true</RelativePosition>
    <Location>
      <X>313</X>
      <Y>3</Y>
    </Location>
    <Size>
      <CX>27</CX>
      <CY>28</CY>
    </Size>
    <Background>A_RecessedBox</Background>
    <EQType>23</EQType>
    <Style_VScroll>false</Style_VScroll>
    <Style_HScroll>false</Style_HScroll>
    <Style_Transparent>false</Style_Transparent>
    <!--<TooltipReference/>-->
  </InvSlot>
  <InvSlot item="AW_INV_L1">
    <ScreenID>Inv_Left1</ScreenID>
    <!--<Font>3</Font>-->
    <RelativePosition>true</RelativePosition>
    <Location>
      <X>288</X>
      <Y>3</Y>
    </Location>
    <Size>
      <CX>27</CX>
      <CY>28</CY>
    </Size>
    <Background>A_RecessedBox</Background>
    <EQType>22</EQType>
    <Style_VScroll>false</Style_VScroll>
    <Style_HScroll>false</Style_HScroll>
    <Style_Transparent>false</Style_Transparent>
    <!--<TooltipReference/>-->
  </InvSlot>
  <InvSlot item="Bad_invSlot">
    <ScreenID>Inv_Left1</ScreenID>
    <!--<Font>3</Font>-->
    <RelativePosition>true</RelativePosition>
    <Location>
      <X>292</X>
      <Y>32</Y>
    </Location>
    <Size>
      <CX>27</CX>
      <CY>28</CY>
    </Size>
    <Background>A_RecessedBox</Background>
    <EQType>22</EQType>
    <Style_VScroll>false</Style_VScroll>
    <Style_HScroll>false</Style_HScroll>
    <Style_Transparent>false</Style_Transparent>
    <!--<TooltipReference/>-->
  </InvSlot>
  <InvSlot item="AW_Charm">
    <ScreenID>Charm</ScreenID>
    <!--<Font>3</Font>-->
    <RelativePosition>true</RelativePosition>
    <Location>
      <X>131</X>
      <Y>33</Y>
    </Location>
    <Size>
      <CX>27</CX>
      <CY>28</CY>
    </Size>
    <Background>A_InvCharm</Background>
    <EQType>0</EQType>
    <Style_VScroll>false</Style_VScroll>
    <Style_HScroll>false</Style_HScroll>
    <Style_Transparent>false</Style_Transparent>
    <!--<TooltipReference/>-->
  </InvSlot>
  <InvSlot item="AW_Waist">
    <ScreenID>Waist</ScreenID>
    <!--<Font>3</Font>-->
    <RelativePosition>true</RelativePosition>
    <Location>
      <X>209</X>
      <Y>33</Y>
    </Location>
    <Size>
      <CX>27</CX>
      <CY>28</CY>
    </Size>
    <Background>A_InvWaist</Background>
    <EQType>20</EQType>
    <Style_VScroll>false</Style_VScroll>
    <Style_HScroll>false</Style_HScroll>
    <Style_Transparent>false</Style_Transparent>
    <!--<TooltipReference/>-->
  </InvSlot>
  <InvSlot item="AW_Feet">
    <ScreenID>Feet</ScreenID>
    <!--<Font>3</Font>-->
    <RelativePosition>true</RelativePosition>
    <Location>
      <X>209</X>
      <Y>3</Y>
    </Location>
    <Size>
      <CX>27</CX>
      <CY>28</CY>
    </Size>
    <Background>A_InvFeet</Background>
    <EQType>19</EQType>
    <Style_VScroll>false</Style_VScroll>
    <Style_HScroll>false</Style_HScroll>
    <Style_Transparent>false</Style_Transparent>
    <!--<TooltipReference/>-->
  </InvSlot>
  <InvSlot item="AW_Legs">
    <ScreenID>Legs</ScreenID>
    <!--<Font>3</Font>-->
    <RelativePosition>true</RelativePosition>
    <Location>
      <X>183</X>
      <Y>33</Y>
    </Location>
    <Size>
      <CX>27</CX>
      <CY>28</CY>
    </Size>
    <Background>A_InvLegs</Background>
    <EQType>18</EQType>
    <Style_VScroll>false</Style_VScroll>
    <Style_HScroll>false</Style_HScroll>
    <Style_Transparent>false</Style_Transparent>
    <!--<TooltipReference/>-->
  </InvSlot>
  <InvSlot item="AW_Chest">
    <ScreenID>Chestt</ScreenID>
    <!--<Font>3</Font>-->
    <RelativePosition>true</RelativePosition>
    <Location>
      <X>183</X>
      <Y>3</Y>
    </Location>
    <Size>
      <CX>27</CX>
      <CY>28</CY>
    </Size>
    <Background>A_InvChest</Background>
    <EQType>17</EQType>
    <Style_VScroll>false</Style_VScroll>
    <Style_HScroll>false</Style_HScroll>
    <Style_Transparent>false</Style_Transparent>
    <!--<TooltipReference/>-->
  </InvSlot>
  <InvSlot item="AW_R_Finger">
    <ScreenID>Right_Finger</ScreenID>
    <!--<Font>3</Font>-->
    <RelativePosition>true</RelativePosition>
    <Location>
      <X>157</X>
      <Y>33</Y>
    </Location>
    <Size>
      <CX>27</CX>
      <CY>28</CY>
    </Size>
    <Background>A_InvRing</Background>
    <EQType>16</EQType>
    <Style_VScroll>false</Style_VScroll>
    <Style_HScroll>false</Style_HScroll>
    <Style_Transparent>false</Style_Transparent>
    <!--<TooltipReference/>-->
  </InvSlot>
  <InvSlot item="AW_L_Finger">
    <ScreenID>Left_Finger</ScreenID>
    <!--<Font>3</Font>-->
    <RelativePosition>true</RelativePosition>
    <Location>
      <X>157</X>
      <Y>3</Y>
    </Location>
    <Size>
      <CX>27</CX>
      <CY>28</CY>
    </Size>
    <Background>A_InvRing</Background>
    <EQType>15</EQType>
    <Style_VScroll>false</Style_VScroll>
    <Style_HScroll>false</Style_HScroll>
    <Style_Transparent>false</Style_Transparent>
    <!--<TooltipReference/>-->
  </InvSlot>
  <InvSlot item="AW_Hands">
    <ScreenID>Handst</ScreenID>
    <!--<Font>3</Font>-->
    <RelativePosition>true</RelativePosition>
    <Location>
      <X>131</X>
      <Y>3</Y>
    </Location>
    <Size>
      <CX>27</CX>
      <CY>28</CY>
    </Size>
    <Background>A_InvHands</Background>
    <EQType>12</EQType>
    <Style_VScroll>false</Style_VScroll>
    <Style_HScroll>false</Style_HScroll>
    <Style_Transparent>false</Style_Transparent>
    <!--<TooltipReference/>-->
  </InvSlot>
  <InvSlot item="AW_R_Wrist">
    <ScreenID>Right_Wrist</ScreenID>
    <!--<Font>3</Font>-->
    <RelativePosition>true</RelativePosition>
    <Location>
      <X>105</X>
      <Y>33</Y>
    </Location>
    <Size>
      <CX>27</CX>
      <CY>28</CY>
    </Size>
    <Background>A_InvWrist</Background>
    <EQType>10</EQType>
    <Style_VScroll>false</Style_VScroll>
    <Style_HScroll>false</Style_HScroll>
    <Style_Transparent>false</Style_Transparent>
    <!--<TooltipReference/>-->
  </InvSlot>
  <InvSlot item="AW_L_Wrist">
    <ScreenID>Left_Wrist</ScreenID>
    <!--<Font>3</Font>-->
    <RelativePosition>true</RelativePosition>
    <Location>
      <X>105</X>
      <Y>3</Y>
    </Location>
    <Size>
      <CX>27</CX>
      <CY>28</CY>
    </Size>
    <Background>A_InvWrist</Background>
    <EQType>9</EQType>
    <Style_VScroll>false</Style_VScroll>
    <Style_HScroll>false</Style_HScroll>
    <Style_Transparent>false</Style_Transparent>
    <!--<TooltipReference/>-->
  </InvSlot>
  <InvSlot item="AW_Back">
    <ScreenID>Back</ScreenID>
    <!--<Font>3</Font>-->
    <RelativePosition>true</RelativePosition>
    <Location>
      <X>79</X>
      <Y>33</Y>
    </Location>
    <Size>
      <CX>27</CX>
      <CY>28</CY>
    </Size>
    <Background>A_InvAboutBody</Background>
    <EQType>8</EQType>
    <Style_VScroll>false</Style_VScroll>
    <Style_HScroll>false</Style_HScroll>
    <Style_Transparent>false</Style_Transparent>
    <!--<TooltipReference/>-->
  </InvSlot>
  <InvSlot item="ASW_Arms">
    <ScreenID>Arms</ScreenID>
    <!--<Font>3</Font>-->
    <RelativePosition>true</RelativePosition>
    <Location>
      <X>79</X>
      <Y>3</Y>
    </Location>
    <Size>
      <CX>27</CX>
      <CY>28</CY>
    </Size>
    <Background>A_InvArms</Background>
    <EQType>7</EQType>
    <Style_VScroll>false</Style_VScroll>
    <Style_HScroll>false</Style_HScroll>
    <Style_Transparent>false</Style_Transparent>
    <!--<TooltipReference/>-->
  </InvSlot>
  <InvSlot item="AW_Shoulder">
    <ScreenID>Shoulder</ScreenID>
    <!--<Font>3</Font>-->
    <RelativePosition>true</RelativePosition>
    <Location>
      <X>53</X>
      <Y>33</Y>
    </Location>
    <Size>
      <CX>27</CX>
      <CY>28</CY>
    </Size>
    <Background>A_InvShoulders</Background>
    <EQType>6</EQType>
    <Style_VScroll>false</Style_VScroll>
    <Style_HScroll>false</Style_HScroll>
    <Style_Transparent>false</Style_Transparent>
    <!--<TooltipReference/>-->
  </InvSlot>
  <InvSlot item="AW_Neck">
    <ScreenID>Neck</ScreenID>
    <!--<Font>3</Font>-->
    <RelativePosition>true</RelativePosition>
    <Location>
      <X>53</X>
      <Y>3</Y>
    </Location>
    <Size>
      <CX>27</CX>
      <CY>28</CY>
    </Size>
    <Background>A_InvNeck</Background>
    <EQType>5</EQType>
    <Style_VScroll>false</Style_VScroll>
    <Style_HScroll>false</Style_HScroll>
    <Style_Transparent>false</Style_Transparent>
    <!--<TooltipReference/>-->
  </InvSlot>
  <InvSlot item="AW_Face">
    <ScreenID>Face</ScreenID>
    <!--<Font>3</Font>-->
    <RelativePosition>true</RelativePosition>
    <Location>
      <X>27</X>
      <Y>33</Y>
    </Location>
    <Size>
      <CX>27</CX>
      <CY>28</CY>
    </Size>
    <Background>A_InvFace</Background>
    <EQType>3</EQType>
    <Style_VScroll>false</Style_VScroll>
    <Style_HScroll>false</Style_HScroll>
    <Style_Transparent>false</Style_Transparent>
    <!--<TooltipReference/>-->
  </InvSlot>
  <InvSlot item="AW_Head">
    <ScreenID>Head</ScreenID>
    <!--<Font>3</Font>-->
    <RelativePosition>true</RelativePosition>
    <Location>
      <X>27</X>
      <Y>3</Y>
    </Location>
    <Size>
      <CX>27</CX>
      <CY>28</CY>
    </Size>
    <Background>A_InvHead</Background>
    <EQType>2</EQType>
    <Style_VScroll>false</Style_VScroll>
    <Style_HScroll>false</Style_HScroll>
    <Style_Transparent>false</Style_Transparent>
    <!--<TooltipReference/>-->
  </InvSlot>
  <InvSlot item="AW_R_Ear">
    <ScreenID>Right_Ear</ScreenID>
    <!--<Font>3</Font>-->
    <RelativePosition>true</RelativePosition>
    <Location>
      <X>1</X>
      <Y>33</Y>
    </Location>
    <Size>
      <CX>27</CX>
      <CY>28</CY>
    </Size>
    <Background>A_InvEar</Background>
    <EQType>4</EQType>
    <Style_VScroll>false</Style_VScroll>
    <Style_HScroll>false</Style_HScroll>
    <Style_Transparent>false</Style_Transparent>
    <!--<TooltipReference/>-->
  </InvSlot>
  <InvSlot item="AW_L_Ear">
    <ScreenID>Left_Ear</ScreenID>
    <!--<Font>3</Font>-->
    <RelativePosition>true</RelativePosition>
    <Location>
      <X>1</X>
      <Y>3</Y>
    </Location>
    <Size>
      <CX>27</CX>
      <CY>28</CY>
    </Size>
    <Background>A_InvEar</Background>
    <EQType>1</EQType>
    <Style_VScroll>false</Style_VScroll>
    <Style_HScroll>false</Style_HScroll>
    <Style_Transparent>false</Style_Transparent>
    <!--<TooltipReference/>-->
  </InvSlot>
  <Page item="ActionsStatPage">
    <ScreenID>ActionsStatPage</ScreenID>
    <!--<Font>3</Font>-->
    <RelativePosition>true</RelativePosition>
    <Style_VScroll>false</Style_VScroll>
    <Style_HScroll>false</Style_HScroll>
    <Style_Transparent>false</Style_Transparent>
    <TooltipReference>Socials Page</TooltipReference>
    <DrawTemplate>WDT_Def</DrawTemplate>
    <Location>
      <X>0</X>
      <Y>22</Y>
    </Location>
    <Size>
      <CX>389</CX>
      <CY>62</CY>
    </Size>
    <TabText>Stats</TabText>
    <TabTextActiveColor>
      <G>250</G>
      <R>100</R>
    </TabTextActiveColor>
    <TabTextColor>
      <B>250</B>
      <G>250</G>
      <R>250</R>
    </TabTextColor>
    <Pieces>AW_STR</Pieces>
    <Pieces>AW_STA</Pieces>
    <Pieces>AW_AGI</Pieces>
    <Pieces>AW_DEX</Pieces>
    <Pieces>AW_WIS</Pieces>
    <Pieces>AW_INT</Pieces>
    <Pieces>AW_CHA</Pieces>
    <Pieces>AW_PR</Pieces>
    <Pieces>AW_MR</Pieces>
    <Pieces>AW_DR</Pieces>
    <Pieces>AW_FR</Pieces>
    <Pieces>AW_CR</Pieces>
    <Pieces>AW_AC</Pieces>
    <Pieces>AW_ATK</Pieces>
    <Pieces>AW_WGT</Pieces>
    <Pieces>AW_AA</Pieces>
    <Pieces>AW_STR_L</Pieces>
    <Pieces>AW_STA_L</Pieces>
    <Pieces>AW_AGI_L</Pieces>
    <Pieces>AW_DEX_L</Pieces>
    <Pieces>AW_WIS_L</Pieces>
    <Pieces>AW_INT_L</Pieces>
    <Pieces>AW_CHA_L</Pieces>
    <Pieces>AW_PR_L</Pieces>
    <Pieces>AW_MR_L</Pieces>
    <Pieces>AW_DR_L</Pieces>
    <Pieces>AW_FR_L</Pieces>
    <Pieces>AW_CR_L</Pieces>
    <Pieces>AW_AC_L</Pieces>
    <Pieces>AW_ATK_L</Pieces>
    <Pieces>AW_WGT_L</Pieces>
    <Pieces>AW_AA_L</Pieces>
  </Page>
  <Page item="ActionsClickyPage">
    <ScreenID>ActionsClickyPage</ScreenID>
    <!--<Font>3</Font>-->
    <RelativePosition>true</RelativePosition>
    <Style_VScroll>false</Style_VScroll>
    <Style_HScroll>false</Style_HScroll>
    <Style_Transparent>false</Style_Transparent>
    <TooltipReference>Socials Page</TooltipReference>
    <DrawTemplate>WDT_Def</DrawTemplate>
    <TabIconActive>A_CursorResizeEW</TabIconActive>
    <Pieces>AW_INV_R1</Pieces>
    <Pieces>AW_INV_R2</Pieces>
    <Pieces>AW_INV_R3</Pieces>
    <Pieces>AW_INV_R4</Pieces>
    <Pieces>AW_INV_L1</Pieces>
    <Pieces>AW_INV_L2</Pieces>
    <Pieces>AW_INV_L3</Pieces>
    <Pieces>AW_INV_L4</Pieces>
    <Pieces>AW_Primary</Pieces>
    <Pieces>AW_Secondary</Pieces>
    <Pieces>AW_Range</Pieces>
    <Pieces>AW_Ammo</Pieces>
    <Pieces>AW_L_Ear</Pieces>
    <Pieces>AW_R_Ear</Pieces>
    <Pieces>AW_Head</Pieces>
    <Pieces>AW_Face</Pieces>
    <Pieces>AW_Neck</Pieces>
    <Pieces>AW_Shoulder</Pieces>
    <Pieces>ASW_Arms</Pieces>
    <Pieces>AW_Back</Pieces>
    <Pieces>AW_L_Wrist</Pieces>
    <Pieces>AW_R_Wrist</Pieces>
    <Pieces>AW_Hands</Pieces>
    <Pieces>AW_L_Finger</Pieces>
    <Pieces>AW_R_Finger</Pieces>
    <Pieces>AW_Chest</Pieces>
    <Pieces>AW_Legs</Pieces>
    <Pieces>AW_Feet</Pieces>
    <Pieces>AW_Waist</Pieces>
    <Pieces>AW_Charm</Pieces>
    <Location>
      <X>0</X>
      <Y>22</Y>
    </Location>
    <Size>
      <CX>389</CX>
      <CY>62</CY>
    </Size>
    <TabIcon>A_CursorResizeEW</TabIcon>
  </Page>
  <!-- Actions Socials Page -->
  <Button item="ASP_SocialPageLeftButton">
    <ScreenID>ASP_SocialPageLeftButton</ScreenID>
    <!--<Font>3</Font>-->
    <RelativePosition>true</RelativePosition>
    <Location>
      <X>11</X>
      <Y>10</Y>
    </Location>
    <Size>
      <CX>22</CX>
      <CY>12</CY>
    </Size>
    <Text />
    <TextColor>
      <R>255</R>
      <G>255</G>
      <B>255</B>
    </TextColor>
    <ButtonDrawTemplate>
      <Normal>A_HSBLeftNormal</Normal>
      <Pressed>A_HSBLeftPressed</Pressed>
      <Flyby>A_HSBLeftFlyby</Flyby>
      <Disabled>A_HSBLeftDisabled</Disabled>
      <PressedFlyby>A_HSBLeftPressedFlyby</PressedFlyby>
    </ButtonDrawTemplate>
  </Button>
  <Label item="ASP_CurrentSocialPageLabel">
    <ScreenID>ASP_CurrentSocialPageLabel</ScreenID>
    <Font>2</Font>
    <RelativePosition>true</RelativePosition>
    <Location>
      <X>5</X>
      <Y>25</Y>
    </Location>
    <Size>
      <CX>36</CX>
      <CY>22</CY>
    </Size>
    <Text>1</Text>
    <TextColor>
      <R>255</R>
      <G>255</G>
      <B>255</B>
    </TextColor>
    <NoWrap>false</NoWrap>
    <AlignCenter>true</AlignCenter>
    <AlignRight>false</AlignRight>
  </Label>
  <Button item="ASP_SocialPageRightButton">
    <ScreenID>ASP_SocialPageRightButton</ScreenID>
    <!--<Font>3</Font>-->
    <RelativePosition>true</RelativePosition>
    <Location>
      <X>11</X>
      <Y>43</Y>
    </Location>
    <Size>
      <CX>22</CX>
      <CY>12</CY>
    </Size>
    <Text />
    <TextColor>
      <R>255</R>
      <G>255</G>
      <B>255</B>
    </TextColor>
    <ButtonDrawTemplate>
      <Normal>A_HSBRightNormal</Normal>
      <Pressed>A_HSBRightPressed</Pressed>
      <Flyby>A_HSBRightFlyby</Flyby>
      <Disabled>A_HSBRightDisabled</Disabled>
      <PressedFlyby>A_HSBRightPressedFlyby</PressedFlyby>
    </ButtonDrawTemplate>
  </Button>
  <Button item="ASP_SocialButton1">
    <ScreenID>ASP_SocialButton1</ScreenID>
    <Font>2</Font>
    <RelativePosition>true</RelativePosition>
    <Location>
      <X>47</X>
      <Y>0</Y>
    </Location>
    <Size>
      <CX>55</CX>
      <CY>30</CY>
    </Size>
    <Text />
    <TextColor>
      <R>255</R>
      <G>255</G>
      <B>255</B>
    </TextColor>
    <ButtonDrawTemplate>
      <Normal>A_SmallBtnNormal</Normal>
      <Pressed>A_SmallBtnPressed</Pressed>
      <Flyby>A_SmallBtnFlyby</Flyby>
      <Disabled>A_SmallBtnDisabled</Disabled>
      <PressedFlyby>A_SmallBtnPressedFlyby</PressedFlyby>
    </ButtonDrawTemplate>
  </Button>
  <Button item="ASP_SocialButton7">
    <ScreenID>ASP_SocialButton7</ScreenID>
    <Font>2</Font>
    <RelativePosition>true</RelativePosition>
    <Location>
      <X>47</X>
      <Y>33</Y>
    </Location>
    <Size>
      <CX>55</CX>
      <CY>30</CY>
    </Size>
    <Text />
    <TextColor>
      <R>255</R>
      <G>255</G>
      <B>255</B>
    </TextColor>
    <ButtonDrawTemplate>
      <Normal>A_SmallBtnNormal</Normal>
      <Pressed>A_SmallBtnPressed</Pressed>
      <Flyby>A_SmallBtnFlyby</Flyby>
      <Disabled>A_SmallBtnDisabled</Disabled>
      <PressedFlyby>A_SmallBtnPressedFlyby</PressedFlyby>
    </ButtonDrawTemplate>
  </Button>
  <Button item="ASP_SocialButton2">
    <ScreenID>ASP_SocialButton2</ScreenID>
    <Font>2</Font>
    <RelativePosition>true</RelativePosition>
    <Location>
      <X>102</X>
      <Y>0</Y>
    </Location>
    <Size>
      <CX>55</CX>
      <CY>30</CY>
    </Size>
    <Text />
    <TextColor>
      <R>255</R>
      <G>255</G>
      <B>255</B>
    </TextColor>
    <ButtonDrawTemplate>
      <Normal>A_SmallBtnNormal</Normal>
      <Pressed>A_SmallBtnPressed</Pressed>
      <Flyby>A_SmallBtnFlyby</Flyby>
      <Disabled>A_SmallBtnDisabled</Disabled>
      <PressedFlyby>A_SmallBtnPressedFlyby</PressedFlyby>
    </ButtonDrawTemplate>
  </Button>
  <Button item="ASP_SocialButton8">
    <ScreenID>ASP_SocialButton8</ScreenID>
    <Font>2</Font>
    <RelativePosition>true</RelativePosition>
    <Location>
      <X>102</X>
      <Y>33</Y>
    </Location>
    <Size>
      <CX>55</CX>
      <CY>30</CY>
    </Size>
    <Text />
    <TextColor>
      <R>255</R>
      <G>255</G>
      <B>255</B>
    </TextColor>
    <ButtonDrawTemplate>
      <Normal>A_SmallBtnNormal</Normal>
      <Pressed>A_SmallBtnPressed</Pressed>
      <Flyby>A_SmallBtnFlyby</Flyby>
      <Disabled>A_SmallBtnDisabled</Disabled>
      <PressedFlyby>A_SmallBtnPressedFlyby</PressedFlyby>
    </ButtonDrawTemplate>
  </Button>
  <Button item="ASP_SocialButton3">
    <ScreenID>ASP_SocialButton3</ScreenID>
    <Font>2</Font>
    <RelativePosition>true</RelativePosition>
    <Location>
      <X>157</X>
      <Y>0</Y>
    </Location>
    <Size>
      <CX>55</CX>
      <CY>30</CY>
    </Size>
    <Text />
    <TextColor>
      <R>255</R>
      <G>255</G>
      <B>255</B>
    </TextColor>
    <ButtonDrawTemplate>
      <Normal>A_SmallBtnNormal</Normal>
      <Pressed>A_SmallBtnPressed</Pressed>
      <Flyby>A_SmallBtnFlyby</Flyby>
      <Disabled>A_SmallBtnDisabled</Disabled>
      <PressedFlyby>A_SmallBtnPressedFlyby</PressedFlyby>
    </ButtonDrawTemplate>
  </Button>
  <Button item="ASP_SocialButton9">
    <ScreenID>ASP_SocialButton9</ScreenID>
    <Font>2</Font>
    <RelativePosition>true</RelativePosition>
    <Location>
      <X>157</X>
      <Y>33</Y>
    </Location>
    <Size>
      <CX>55</CX>
      <CY>30</CY>
    </Size>
    <Text />
    <TextColor>
      <R>255</R>
      <G>255</G>
      <B>255</B>
    </TextColor>
    <ButtonDrawTemplate>
      <Normal>A_SmallBtnNormal</Normal>
      <Pressed>A_SmallBtnPressed</Pressed>
      <Flyby>A_SmallBtnFlyby</Flyby>
      <Disabled>A_SmallBtnDisabled</Disabled>
      <PressedFlyby>A_SmallBtnPressedFlyby</PressedFlyby>
    </ButtonDrawTemplate>
  </Button>
  <Button item="ASP_SocialButton4">
    <ScreenID>ASP_SocialButton4</ScreenID>
    <Font>2</Font>
    <RelativePosition>true</RelativePosition>
    <Location>
      <X>212</X>
      <Y>0</Y>
    </Location>
    <Size>
      <CX>55</CX>
      <CY>30</CY>
    </Size>
    <Text />
    <TextColor>
      <R>255</R>
      <G>255</G>
      <B>255</B>
    </TextColor>
    <ButtonDrawTemplate>
      <Normal>A_SmallBtnNormal</Normal>
      <Pressed>A_SmallBtnPressed</Pressed>
      <Flyby>A_SmallBtnFlyby</Flyby>
      <Disabled>A_SmallBtnDisabled</Disabled>
      <PressedFlyby>A_SmallBtnPressedFlyby</PressedFlyby>
    </ButtonDrawTemplate>
  </Button>
  <Button item="ASP_SocialButton10">
    <ScreenID>ASP_SocialButton10</ScreenID>
    <Font>2</Font>
    <RelativePosition>true</RelativePosition>
    <Location>
      <X>212</X>
      <Y>33</Y>
    </Location>
    <Size>
      <CX>55</CX>
      <CY>30</CY>
    </Size>
    <Text />
    <TextColor>
      <R>255</R>
      <G>255</G>
      <B>255</B>
    </TextColor>
    <ButtonDrawTemplate>
      <Normal>A_SmallBtnNormal</Normal>
      <Pressed>A_SmallBtnPressed</Pressed>
      <Flyby>A_SmallBtnFlyby</Flyby>
      <Disabled>A_SmallBtnDisabled</Disabled>
      <PressedFlyby>A_SmallBtnPressedFlyby</PressedFlyby>
    </ButtonDrawTemplate>
  </Button>
  <Button item="ASP_SocialButton5">
    <ScreenID>ASP_SocialButton5</ScreenID>
    <Font>2</Font>
    <RelativePosition>true</RelativePosition>
    <Location>
      <X>267</X>
      <Y>0</Y>
    </Location>
    <Size>
      <CX>55</CX>
      <CY>30</CY>
    </Size>
    <Text />
    <TextColor>
      <R>255</R>
      <G>255</G>
      <B>255</B>
    </TextColor>
    <ButtonDrawTemplate>
      <Normal>A_SmallBtnNormal</Normal>
      <Pressed>A_SmallBtnPressed</Pressed>
      <Flyby>A_SmallBtnFlyby</Flyby>
      <Disabled>A_SmallBtnDisabled</Disabled>
      <PressedFlyby>A_SmallBtnPressedFlyby</PressedFlyby>
    </ButtonDrawTemplate>
  </Button>
  <Button item="ASP_SocialButton11">
    <ScreenID>ASP_SocialButton11</ScreenID>
    <Font>2</Font>
    <RelativePosition>true</RelativePosition>
    <Location>
      <X>267</X>
      <Y>33</Y>
    </Location>
    <Size>
      <CX>55</CX>
      <CY>30</CY>
    </Size>
    <Text />
    <TextColor>
      <R>255</R>
      <G>255</G>
      <B>255</B>
    </TextColor>
    <ButtonDrawTemplate>
      <Normal>A_SmallBtnNormal</Normal>
      <Pressed>A_SmallBtnPressed</Pressed>
      <Flyby>A_SmallBtnFlyby</Flyby>
      <Disabled>A_SmallBtnDisabled</Disabled>
      <PressedFlyby>A_SmallBtnPressedFlyby</PressedFlyby>
    </ButtonDrawTemplate>
  </Button>
  <Button item="ASP_SocialButton6">
    <ScreenID>ASP_SocialButton6</ScreenID>
    <Font>2</Font>
    <RelativePosition>true</RelativePosition>
    <Location>
      <X>322</X>
      <Y>0</Y>
    </Location>
    <Size>
      <CX>55</CX>
      <CY>30</CY>
    </Size>
    <Text />
    <TextColor>
      <R>255</R>
      <G>255</G>
      <B>255</B>
    </TextColor>
    <ButtonDrawTemplate>
      <Normal>A_SmallBtnNormal</Normal>
      <Pressed>A_SmallBtnPressed</Pressed>
      <Flyby>A_SmallBtnFlyby</Flyby>
      <Disabled>A_SmallBtnDisabled</Disabled>
      <PressedFlyby>A_SmallBtnPressedFlyby</PressedFlyby>
    </ButtonDrawTemplate>
  </Button>
  <Button item="ASP_SocialButton12">
    <ScreenID>ASP_SocialButton12</ScreenID>
    <Font>2</Font>
    <RelativePosition>true</RelativePosition>
    <Location>
      <X>322</X>
      <Y>33</Y>
    </Location>
    <Size>
      <CX>55</CX>
      <CY>30</CY>
    </Size>
    <Text />
    <TextColor>
      <R>255</R>
      <G>255</G>
      <B>255</B>
    </TextColor>
    <ButtonDrawTemplate>
      <Normal>A_SmallBtnNormal</Normal>
      <Pressed>A_SmallBtnPressed</Pressed>
      <Flyby>A_SmallBtnFlyby</Flyby>
      <Disabled>A_SmallBtnDisabled</Disabled>
      <PressedFlyby>A_SmallBtnPressedFlyby</PressedFlyby>
    </ButtonDrawTemplate>
  </Button>
  <Page item="ActionsSocialsPage">
    <ScreenID>ActionsSocialsPage</ScreenID>
    <!--<Font>3</Font>-->
    <RelativePosition>true</RelativePosition>
    <Style_VScroll>false</Style_VScroll>
    <Style_HScroll>false</Style_HScroll>
    <Style_Transparent>false</Style_Transparent>
    <TooltipReference>Socials Page</TooltipReference>
    <DrawTemplate>WDT_Def</DrawTemplate>
    <TabIcon>A_SocialsTabIcon</TabIcon>
    <TabIconActive>A_SocialsTabActiveIcon</TabIconActive>
    <Pieces>ASP_SocialPageLeftButton</Pieces>
    <Pieces>ASP_CurrentSocialPageLabel</Pieces>
    <Pieces>ASP_SocialPageRightButton</Pieces>
    <Pieces>ASP_SocialButton1</Pieces>
    <Pieces>ASP_SocialButton2</Pieces>
    <Pieces>ASP_SocialButton3</Pieces>
    <Pieces>ASP_SocialButton4</Pieces>
    <Pieces>ASP_SocialButton5</Pieces>
    <Pieces>ASP_SocialButton6</Pieces>
    <Pieces>ASP_SocialButton7</Pieces>
    <Pieces>ASP_SocialButton8</Pieces>
    <Pieces>ASP_SocialButton9</Pieces>
    <Pieces>ASP_SocialButton10</Pieces>
    <Pieces>ASP_SocialButton11</Pieces>
    <Pieces>ASP_SocialButton12</Pieces>
    <Location>
      <X>0</X>
      <Y>22</Y>
    </Location>
    <Size>
      <CX>389</CX>
      <CY>62</CY>
    </Size>
  </Page>
  <!-- Actions Main Page -->
  <!-- Note that the Who Button is being "replaced" by the Find button, so here it has been shrunk to have 0x0 dimensions. The button still exists in the window, so you can feel free to put it back in your own custom skin, if you desire.-->
  <Button item="AMP_WhoButton">
    <ScreenID>AMP_WhoButton</ScreenID>
    <!--<Font>3</Font>-->
    <RelativePosition>true</RelativePosition>
    <Location>
      <X>290</X>
      <Y>35</Y>
    </Location>
    <Size>
      <CX>90</CX>
      <CY>20</CY>
    </Size>
    <Text>Who</Text>
    <TextColor>
      <R>255</R>
      <G>255</G>
      <B>255</B>
    </TextColor>
    <ButtonDrawTemplate>
      <Normal>A_BtnNormal</Normal>
      <Pressed>A_BtnPressed</Pressed>
      <Flyby>A_BtnFlyby</Flyby>
      <Disabled>A_BtnDisabled</Disabled>
      <PressedFlyby>A_BtnPressedFlyby</PressedFlyby>
    </ButtonDrawTemplate>
  </Button>
  <Button item="AMP_FindButton">
    <ScreenID>AMP_FindButton</ScreenID>
    <!--<Font>3</Font>-->
    <RelativePosition>true</RelativePosition>
    <Location>
      <X>20</X>
      <Y>35</Y>
    </Location>
    <Size>
      <CX>90</CX>
      <CY>20</CY>
    </Size>
    <Text>Find</Text>
    <TextColor>
      <R>255</R>
      <G>255</G>
      <B>255</B>
    </TextColor>
    <ButtonDrawTemplate>
      <Normal>A_BtnNormal</Normal>
      <Pressed>A_BtnPressed</Pressed>
      <Flyby>A_BtnFlyby</Flyby>
      <Disabled>A_BtnDisabled</Disabled>
      <PressedFlyby>A_BtnPressedFlyby</PressedFlyby>
    </ButtonDrawTemplate>
  </Button>
  <Button item="AMP_EndFindButton">
    <ScreenID>AMP_EndFindButton</ScreenID>
    <!--<Font>3</Font>-->
    <RelativePosition>true</RelativePosition>
    <Location>
      <X>20</X>
      <Y>35</Y>
    </Location>
    <Size>
      <CX>90</CX>
      <CY>20</CY>
    </Size>
    <Text>End Find</Text>
    <TextColor>
      <R>255</R>
      <G>255</G>
      <B>255</B>
    </TextColor>
    <ButtonDrawTemplate>
      <Normal>A_BtnNormal</Normal>
      <Pressed>A_BtnPressed</Pressed>
      <Flyby>A_BtnFlyby</Flyby>
      <Disabled>A_BtnDisabled</Disabled>
      <PressedFlyby>A_BtnPressedFlyby</PressedFlyby>
    </ButtonDrawTemplate>
  </Button>
  <Button item="AMP_InviteButton">
    <ScreenID>AMP_InviteButton</ScreenID>
    <RelativePosition>true</RelativePosition>
    <Location>
      <X>20</X>
      <Y>10</Y>
    </Location>
    <Size>
      <CX>90</CX>
      <CY>20</CY>
    </Size>
    <Text>Invite</Text>
    <TextColor>
      <R>255</R>
      <G>255</G>
      <B>255</B>
    </TextColor>
    <ButtonDrawTemplate>
      <Normal>A_BtnNormal</Normal>
      <Pressed>A_BtnPressed</Pressed>
      <Flyby>A_BtnFlyby</Flyby>
      <Disabled>A_BtnDisabled</Disabled>
      <PressedFlyby>A_BtnPressedFlyby</PressedFlyby>
    </ButtonDrawTemplate>
  </Button>
  <Button item="AMP_FollowButton">
    <ScreenID>AMP_FollowButton</ScreenID>
    <RelativePosition>true</RelativePosition>
    <Location>
      <X>20</X>
      <Y>10</Y>
    </Location>
    <Size>
      <CX>90</CX>
      <CY>20</CY>
    </Size>
    <Text>Follow</Text>
    <TextColor>
      <R>255</R>
      <G>255</G>
      <B>255</B>
    </TextColor>
    <ButtonDrawTemplate>
      <Normal>A_BtnNormal</Normal>
      <Pressed>A_BtnPressed</Pressed>
      <Flyby>A_BtnFlyby</Flyby>
      <Disabled>A_BtnDisabled</Disabled>
      <PressedFlyby>A_BtnPressedFlyby</PressedFlyby>
    </ButtonDrawTemplate>
  </Button>
  <Button item="AMP_DisbandButton">
    <ScreenID>AMP_DisbandButton</ScreenID>
    <RelativePosition>true</RelativePosition>
    <Location>
      <X>110</X>
      <Y>10</Y>
    </Location>
    <Size>
      <CX>90</CX>
      <CY>20</CY>
    </Size>
    <Text>Disband</Text>
    <TextColor>
      <R>255</R>
      <G>255</G>
      <B>255</B>
    </TextColor>
    <ButtonDrawTemplate>
      <Normal>A_BtnNormal</Normal>
      <Pressed>A_BtnPressed</Pressed>
      <Flyby>A_BtnFlyby</Flyby>
      <Disabled>A_BtnDisabled</Disabled>
      <PressedFlyby>A_BtnPressedFlyby</PressedFlyby>
    </ButtonDrawTemplate>
  </Button>
  <Button item="AMP_CampButton">
    <ScreenID>AMP_CampButton</ScreenID>
    <!--<Font>3</Font>-->
    <RelativePosition>true</RelativePosition>
    <Location>
      <X>110</X>
      <Y>35</Y>
    </Location>
    <Size>
      <CX>180</CX>
      <CY>20</CY>
    </Size>
    <Text>Camp (Exit)</Text>
    <TextColor>
      <R>255</R>
      <G>255</G>
      <B>255</B>
    </TextColor>
    <ButtonDrawTemplate>
      <Normal>A_BtnNormal</Normal>
      <Pressed>A_BtnPressed</Pressed>
      <Flyby>A_BtnFlyby</Flyby>
      <Disabled>A_BtnDisabled</Disabled>
      <PressedFlyby>A_BtnPressedFlyby</PressedFlyby>
    </ButtonDrawTemplate>
  </Button>
  <Button item="AMP_SitButton">
    <ScreenID>AMP_SitButton</ScreenID>
    <!--<Font>3</Font>-->
    <RelativePosition>true</RelativePosition>
    <Location>
      <X>290</X>
      <Y>10</Y>
    </Location>
    <Size>
      <CX>90</CX>
      <CY>20</CY>
    </Size>
    <Text>Sit</Text>
    <TextColor>
      <R>255</R>
      <G>255</G>
      <B>255</B>
    </TextColor>
    <ButtonDrawTemplate>
      <Normal>A_BtnNormal</Normal>
      <Pressed>A_BtnPressed</Pressed>
      <Flyby>A_BtnFlyby</Flyby>
      <Disabled>A_BtnDisabled</Disabled>
      <PressedFlyby>A_BtnPressedFlyby</PressedFlyby>
    </ButtonDrawTemplate>
  </Button>
  <Button item="AMP_StandButton">
    <ScreenID>AMP_StandButton</ScreenID>
    <!--<Font>3</Font>-->
    <RelativePosition>true</RelativePosition>
    <Location>
      <X>290</X>
      <Y>10</Y>
    </Location>
    <Size>
      <CX>90</CX>
      <CY>20</CY>
    </Size>
    <Text>Stand</Text>
    <TextColor>
      <R>255</R>
      <G>255</G>
      <B>255</B>
    </TextColor>
    <ButtonDrawTemplate>
      <Normal>A_BtnNormal</Normal>
      <Pressed>A_BtnPressed</Pressed>
      <Flyby>A_BtnFlyby</Flyby>
      <Disabled>A_BtnDisabled</Disabled>
      <PressedFlyby>A_BtnPressedFlyby</PressedFlyby>
    </ButtonDrawTemplate>
  </Button>
  <Button item="AMP_RunButton">
    <ScreenID>AMP_RunButton</ScreenID>
    <!--<Font>3</Font>-->
    <RelativePosition>true</RelativePosition>
    <Location>
      <X>200</X>
      <Y>10</Y>
    </Location>
    <Size>
      <CX>90</CX>
      <CY>20</CY>
    </Size>
    <Text>Run</Text>
    <TextColor>
      <R>255</R>
      <G>255</G>
      <B>255</B>
    </TextColor>
    <ButtonDrawTemplate>
      <Normal>A_BtnNormal</Normal>
      <Pressed>A_BtnPressed</Pressed>
      <Flyby>A_BtnFlyby</Flyby>
      <Disabled>A_BtnDisabled</Disabled>
      <PressedFlyby>A_BtnPressedFlyby</PressedFlyby>
    </ButtonDrawTemplate>
  </Button>
  <Button item="AMP_WalkButton">
    <ScreenID>AMP_WalkButton</ScreenID>
    <!--<Font>3</Font>-->
    <RelativePosition>true</RelativePosition>
    <Location>
      <X>200</X>
      <Y>10</Y>
    </Location>
    <Size>
      <CX>90</CX>
      <CY>20</CY>
    </Size>
    <Text>Walk</Text>
    <TextColor>
      <R>255</R>
      <G>255</G>
      <B>255</B>
    </TextColor>
    <ButtonDrawTemplate>
      <Normal>A_BtnNormal</Normal>
      <Pressed>A_BtnPressed</Pressed>
      <Flyby>A_BtnFlyby</Flyby>
      <Disabled>A_BtnDisabled</Disabled>
      <PressedFlyby>A_BtnPressedFlyby</PressedFlyby>
    </ButtonDrawTemplate>
  </Button>
  <Page item="ActionsMainPage">
    <ScreenID>ActionsMainPage</ScreenID>
    <!--<Font>3</Font>-->
    <RelativePosition>true</RelativePosition>
    <Style_VScroll>false</Style_VScroll>
    <Style_HScroll>false</Style_HScroll>
    <Style_Transparent>false</Style_Transparent>
    <TooltipReference>Main Page</TooltipReference>
    <DrawTemplate>WDT_Def</DrawTemplate>
    <TabIcon>A_MainTabIcon</TabIcon>
    <TabIconActive>A_MainTabActiveIcon</TabIconActive>
    <Pieces>AMP_WhoButton</Pieces>
    <Pieces>AMP_FindButton</Pieces>
    <Pieces>AMP_EndFindButton</Pieces>
    <Pieces>AMP_InviteButton</Pieces>
    <Pieces>AMP_FollowButton</Pieces>
    <Pieces>AMP_DisbandButton</Pieces>
    <Pieces>AMP_CampButton</Pieces>
    <Pieces>AMP_SitButton</Pieces>
    <Pieces>AMP_StandButton</Pieces>
    <Pieces>AMP_RunButton</Pieces>
    <Pieces>AMP_WalkButton</Pieces>
    <Location>
      <X>0</X>
      <Y>22</Y>
    </Location>
    <Size>
      <CX>389</CX>
      <CY>62</CY>
    </Size>
  </Page>
  <!-- Actions Combat Page -->
  <Button item="ACP_MeleeAttackButton">
    <ScreenID>ACP_MeleeAttackButton</ScreenID>
    <Font>1</Font>
    <RelativePosition>true</RelativePosition>
    <Location>
      <X>10</X>
      <Y>7</Y>
    </Location>
    <Size>
      <CX>50</CX>
      <CY>50</CY>
    </Size>
    <Text>Melee Attack</Text>
    <TextColor>
      <R>255</R>
      <G>255</G>
      <B>255</B>
    </TextColor>
    <DecalSize>
      <CX>40</CX>
      <CY>40</CY>
    </DecalSize>
    <ButtonDrawTemplate>
      <Normal>A_SquareBtnNormal</Normal>
      <Pressed>A_SquareBtnPressed</Pressed>
      <Flyby>A_SquareBtnFlyby</Flyby>
      <Disabled>A_SquareBtnDisabled</Disabled>
      <PressedFlyby>A_SquareBtnPressedFlyby</PressedFlyby>
    </ButtonDrawTemplate>
  </Button>
  <Button item="ACP_RangeAttackButton">
    <ScreenID>ACP_RangeAttackButton</ScreenID>
    <Font>1</Font>
    <RelativePosition>true</RelativePosition>
    <Location>
      <X>75</X>
      <Y>7</Y>
    </Location>
    <Size>
      <CX>50</CX>
      <CY>50</CY>
    </Size>
    <Text>Range Attack</Text>
    <TextColor>
      <R>255</R>
      <G>255</G>
      <B>255</B>
    </TextColor>
    <DecalSize>
      <CX>40</CX>
      <CY>40</CY>
    </DecalSize>
    <ButtonDrawTemplate>
      <Normal>A_SquareBtnNormal</Normal>
      <Pressed>A_SquareBtnPressed</Pressed>
      <Flyby>A_SquareBtnFlyby</Flyby>
      <Disabled>A_SquareBtnDisabled</Disabled>
      <PressedFlyby>A_SquareBtnPressedFlyby</PressedFlyby>
    </ButtonDrawTemplate>
  </Button>
  <Button item="ACP_FirstAbilityButton">
    <ScreenID>ACP_FirstAbilityButton</ScreenID>
    <Font>1</Font>
    <RelativePosition>true</RelativePosition>
    <Location>
      <X>138</X>
      <Y>7</Y>
    </Location>
    <Size>
      <CX>50</CX>
      <CY>50</CY>
    </Size>
    <Text>1</Text>
    <TextColor>
      <R>255</R>
      <G>255</G>
      <B>255</B>
    </TextColor>
    <ButtonDrawTemplate>
      <Normal>A_SquareBtnNormal</Normal>
      <Pressed>A_SquareBtnPressed</Pressed>
      <Flyby>A_SquareBtnFlyby</Flyby>
      <Disabled>A_SquareBtnDisabled</Disabled>
      <PressedFlyby>A_SquareBtnPressedFlyby</PressedFlyby>
    </ButtonDrawTemplate>
  </Button>
  <Button item="ACP_SecondAbilityButton">
    <ScreenID>ACP_SecondAbilityButton</ScreenID>
    <Font>1</Font>
    <RelativePosition>true</RelativePosition>
    <Location>
      <X>204</X>
      <Y>7</Y>
    </Location>
    <Size>
      <CX>50</CX>
      <CY>50</CY>
    </Size>
    <Text>2</Text>
    <TextColor>
      <R>255</R>
      <G>255</G>
      <B>255</B>
    </TextColor>
    <ButtonDrawTemplate>
      <Normal>A_SquareBtnNormal</Normal>
      <Pressed>A_SquareBtnPressed</Pressed>
      <Flyby>A_SquareBtnFlyby</Flyby>
      <Disabled>A_SquareBtnDisabled</Disabled>
      <PressedFlyby>A_SquareBtnPressedFlyby</PressedFlyby>
    </ButtonDrawTemplate>
  </Button>
  <Button item="ACP_ThirdAbilityButton">
    <ScreenID>ACP_ThirdAbilityButton</ScreenID>
    <Font>1</Font>
    <RelativePosition>true</RelativePosition>
    <Location>
      <X>270</X>
      <Y>7</Y>
    </Location>
    <Size>
      <CX>50</CX>
      <CY>50</CY>
    </Size>
    <Text>3</Text>
    <TextColor>
      <R>255</R>
      <G>255</G>
      <B>255</B>
    </TextColor>
    <ButtonDrawTemplate>
      <Normal>A_SquareBtnNormal</Normal>
      <Pressed>A_SquareBtnPressed</Pressed>
      <Flyby>A_SquareBtnFlyby</Flyby>
      <Disabled>A_SquareBtnDisabled</Disabled>
      <PressedFlyby>A_SquareBtnPressedFlyby</PressedFlyby>
    </ButtonDrawTemplate>
  </Button>
  <Button item="ACP_FourthAbilityButton">
    <ScreenID>ACP_FourthAbilityButton</ScreenID>
    <Font>1</Font>
    <RelativePosition>true</RelativePosition>
    <Location>
      <X>335</X>
      <Y>7</Y>
    </Location>
    <Size>
      <CX>50</CX>
      <CY>50</CY>
    </Size>
    <Text>4</Text>
    <TextColor>
      <R>255</R>
      <G>255</G>
      <B>255</B>
    </TextColor>
    <ButtonDrawTemplate>
      <Normal>A_SquareBtnNormal</Normal>
      <Pressed>A_SquareBtnPressed</Pressed>
      <Flyby>A_SquareBtnFlyby</Flyby>
      <Disabled>A_SquareBtnDisabled</Disabled>
      <PressedFlyby>A_SquareBtnPressedFlyby</PressedFlyby>
    </ButtonDrawTemplate>
  </Button>
  <Page item="ActionsCombatPage">
    <ScreenID>ActionsCombatPage</ScreenID>
    <!--<Font>3</Font>-->
    <RelativePosition>true</RelativePosition>
    <Style_VScroll>false</Style_VScroll>
    <Style_HScroll>false</Style_HScroll>
    <Style_Transparent>false</Style_Transparent>
    <TooltipReference>Combat Page</TooltipReference>
    <DrawTemplate>WDT_Def</DrawTemplate>
    <TabIcon>A_CombatTabIcon</TabIcon>
    <TabIconActive>A_CombatTabActiveIcon</TabIconActive>
    <Pieces>ACP_MeleeAttackButton</Pieces>
    <Pieces>ACP_RangeAttackButton</Pieces>
    <Pieces>ACP_FirstAbilityButton</Pieces>
    <Pieces>ACP_SecondAbilityButton</Pieces>
    <Pieces>ACP_ThirdAbilityButton</Pieces>
    <Pieces>ACP_FourthAbilityButton</Pieces>
    <Location>
      <X>0</X>
      <Y>22</Y>
    </Location>
    <Size>
      <CX>389</CX>
      <CY>62</CY>
    </Size>
  </Page>
  <!-- Actions Abilities Page -->
  <Button item="AAP_FirstAbilityButton">
    <ScreenID>AAP_FirstAbilityButton</ScreenID>
    <Font>1</Font>
    <RelativePosition>true</RelativePosition>
    <Location>
      <X>10</X>
      <Y>7</Y>
    </Location>
    <Size>
      <CX>50</CX>
      <CY>50</CY>
    </Size>
    <Text>1</Text>
    <TextColor>
      <R>255</R>
      <G>255</G>
      <B>255</B>
    </TextColor>
    <ButtonDrawTemplate>
      <Normal>A_SquareBtnNormal</Normal>
      <Pressed>A_SquareBtnPressed</Pressed>
      <Flyby>A_SquareBtnFlyby</Flyby>
      <Disabled>A_SquareBtnDisabled</Disabled>
      <PressedFlyby>A_SquareBtnPressedFlyby</PressedFlyby>
    </ButtonDrawTemplate>
  </Button>
  <Button item="AAP_SecondAbilityButton">
    <ScreenID>AAP_SecondAbilityButton</ScreenID>
    <Font>1</Font>
    <RelativePosition>true</RelativePosition>
    <Location>
      <X>75</X>
      <Y>7</Y>
    </Location>
    <Size>
      <CX>50</CX>
      <CY>50</CY>
    </Size>
    <Text>2</Text>
    <TextColor>
      <R>255</R>
      <G>255</G>
      <B>255</B>
    </TextColor>
    <ButtonDrawTemplate>
      <Normal>A_SquareBtnNormal</Normal>
      <Pressed>A_SquareBtnPressed</Pressed>
      <Flyby>A_SquareBtnFlyby</Flyby>
      <Disabled>A_SquareBtnDisabled</Disabled>
      <PressedFlyby>A_SquareBtnPressedFlyby</PressedFlyby>
    </ButtonDrawTemplate>
  </Button>
  <Button item="AAP_ThirdAbilityButton">
    <ScreenID>AAP_ThirdAbilityButton</ScreenID>
    <Font>1</Font>
    <RelativePosition>true</RelativePosition>
    <Location>
      <X>138</X>
      <Y>7</Y>
    </Location>
    <Size>
      <CX>50</CX>
      <CY>50</CY>
    </Size>
    <Text>3</Text>
    <TextColor>
      <R>255</R>
      <G>255</G>
      <B>255</B>
    </TextColor>
    <ButtonDrawTemplate>
      <Normal>A_SquareBtnNormal</Normal>
      <Pressed>A_SquareBtnPressed</Pressed>
      <Flyby>A_SquareBtnFlyby</Flyby>
      <Disabled>A_SquareBtnDisabled</Disabled>
      <PressedFlyby>A_SquareBtnPressedFlyby</PressedFlyby>
    </ButtonDrawTemplate>
  </Button>
  <Button item="AAP_FourthAbilityButton">
    <ScreenID>AAP_FourthAbilityButton</ScreenID>
    <Font>1</Font>
    <RelativePosition>true</RelativePosition>
    <Location>
      <X>204</X>
      <Y>7</Y>
    </Location>
    <Size>
      <CX>50</CX>
      <CY>50</CY>
    </Size>
    <Text>4</Text>
    <TextColor>
      <R>255</R>
      <G>255</G>
      <B>255</B>
    </TextColor>
    <ButtonDrawTemplate>
      <Normal>A_SquareBtnNormal</Normal>
      <Pressed>A_SquareBtnPressed</Pressed>
      <Flyby>A_SquareBtnFlyby</Flyby>
      <Disabled>A_SquareBtnDisabled</Disabled>
      <PressedFlyby>A_SquareBtnPressedFlyby</PressedFlyby>
    </ButtonDrawTemplate>
  </Button>
  <Button item="AAP_FifthAbilityButton">
    <ScreenID>AAP_FifthAbilityButton</ScreenID>
    <Font>1</Font>
    <RelativePosition>true</RelativePosition>
    <Location>
      <X>270</X>
      <Y>7</Y>
    </Location>
    <Size>
      <CX>50</CX>
      <CY>50</CY>
    </Size>
    <Text>5</Text>
    <TextColor>
      <R>255</R>
      <G>255</G>
      <B>255</B>
    </TextColor>
    <ButtonDrawTemplate>
      <Normal>A_SquareBtnNormal</Normal>
      <Pressed>A_SquareBtnPressed</Pressed>
      <Flyby>A_SquareBtnFlyby</Flyby>
      <Disabled>A_SquareBtnDisabled</Disabled>
      <PressedFlyby>A_SquareBtnPressedFlyby</PressedFlyby>
    </ButtonDrawTemplate>
  </Button>
  <Button item="AAP_SixthAbilityButton">
    <ScreenID>AAP_SixthAbilityButton</ScreenID>
    <Font>1</Font>
    <RelativePosition>true</RelativePosition>
    <Location>
      <X>335</X>
      <Y>7</Y>
    </Location>
    <Size>
      <CX>50</CX>
      <CY>50</CY>
    </Size>
    <Text>6</Text>
    <TextColor>
      <R>255</R>
      <G>255</G>
      <B>255</B>
    </TextColor>
    <ButtonDrawTemplate>
      <Normal>A_SquareBtnNormal</Normal>
      <Pressed>A_SquareBtnPressed</Pressed>
      <Flyby>A_SquareBtnFlyby</Flyby>
      <Disabled>A_SquareBtnDisabled</Disabled>
      <PressedFlyby>A_SquareBtnPressedFlyby</PressedFlyby>
    </ButtonDrawTemplate>
  </Button>
  <Page item="ActionsAbilitiesPage">
    <ScreenID>ActionsAbilitiesPage</ScreenID>
    <!--<Font>3</Font>-->
    <RelativePosition>true</RelativePosition>
    <Style_VScroll>false</Style_VScroll>
    <Style_HScroll>false</Style_HScroll>
    <Style_Transparent>false</Style_Transparent>
    <TooltipReference>Abilities Page</TooltipReference>
    <DrawTemplate>WDT_Def</DrawTemplate>
    <TabIcon>A_AbilitiesTabIcon</TabIcon>
    <TabIconActive>A_AbilitiesTabActiveIcon</TabIconActive>
    <Pieces>AAP_FirstAbilityButton</Pieces>
    <Pieces>AAP_SecondAbilityButton</Pieces>
    <Pieces>AAP_ThirdAbilityButton</Pieces>
    <Pieces>AAP_FourthAbilityButton</Pieces>
    <Pieces>AAP_FifthAbilityButton</Pieces>
    <Pieces>AAP_SixthAbilityButton</Pieces>
    <Location>
      <X>0</X>
      <Y>22</Y>
    </Location>
    <Size>
      <CX>389</CX>
      <CY>62</CY>
    </Size>
  </Page>
  <!-- TabBox Brings all the Actions Pages Together -->
  <TabBox item="ACTW_ActionsSubwindows">
    <ScreenID>ACTW_ActionsSubwindows</ScreenID>
    <!--<Font>3</Font>-->
    <RelativePosition>true</RelativePosition>
    <AutoStretch>true</AutoStretch>
    <TopAnchorToTop>true</TopAnchorToTop>
    <BottomAnchorToTop>false</BottomAnchorToTop>
    <LeftAnchorToLeft>true</LeftAnchorToLeft>
    <RightAnchorToLeft>false</RightAnchorToLeft>
    <TabBorderTemplate>FT_DefTabBorder</TabBorderTemplate>
    <PageBorderTemplate>FT_DefPageBorder</PageBorderTemplate>
    <LeftAnchorOffset>2</LeftAnchorOffset>
    <RightAnchorOffset>0</RightAnchorOffset>
    <TopAnchorOffset>0</TopAnchorOffset>
    <BottomAnchorOffset>0</BottomAnchorOffset>
    <Size>
      <CX>0</CX>
      <CY>0</CY>
    </Size>
    <Location>
      <X>5</X>
      <Y>7</Y>
    </Location>
    <TextColor>
      <B>0</B>
      <G>0</G>
      <R>0</R>
    </TextColor>
    <Pages>ActionsMainPage</Pages>
    <Pages>ActionsAbilitiesPage</Pages>
    <Pages>ActionsCombatPage</Pages>
    <Pages>ActionsSocialsPage</Pages>
    <Pages>ActionsClickyPage</Pages>
    <Pages>ActionsStatPage</Pages>
  </TabBox>
  <Screen item="ActionsWindow">
    <!--<ScreenID/>-->
    <!--<Font>3</Font>-->
    <RelativePosition>false</RelativePosition>
    <Location>
      <X>516</X>
      <Y>292</Y>
    </Location>
    <Size>
      <CX>407</CX>
      <CY>100</CY>
    </Size>
    <Text>Actions</Text>
    <Style_VScroll>false</Style_VScroll>
    <Style_HScroll>false</Style_HScroll>
    <Style_Transparent>false</Style_Transparent>
    <!--<TooltipReference/>-->
    <DrawTemplate>WDT_blulun</DrawTemplate>
    <Style_Titlebar>false</Style_Titlebar>
    <Style_Closebox>false</Style_Closebox>
    <Style_Minimizebox>false</Style_Minimizebox>
    <Style_Border>true</Style_Border>
    <Style_Sizable>false</Style_Sizable>
    <Pieces>ACTW_ActionsSubwindows</Pieces>
  </Screen>
</XML>
