<?xml version="1.0" encoding="us-ascii"?>
<XML ID="EQInterfaceDefinitionLanguage">
  <Schema xmlns="EverQuestData" xmlns:dt="EverQuestDataTypes" />
  <!-- Original Horizontal by Veegiu / Modified by Brujoloco Nov 11 2023 -->
  <Label item="LabelF2">
    <ScreenID>A_Label</ScreenID>
    <Font>1</Font>
    <Text>F2</Text>
    <TextColor>
      <R>255</R>
      <G>130</G>
      <B>130</B>
    </TextColor>
    <Size>
      <CX>15</CX>
      <CY>15</CY>
    </Size>
    <AlignCenter>true</AlignCenter>
    <Location>
      <X>158</X>
      <Y>0</Y>
    </Location>
  </Label>
  <Label item="LabelF3">
    <ScreenID>A_Label</ScreenID>
    <Font>1</Font>
    <Text>F3</Text>
    <TextColor>
      <R>255</R>
      <G>130</G>
      <B>130</B>
    </TextColor>
    <Size>
      <CX>21</CX>
      <CY>15</CY>
    </Size>
    <AlignCenter>true</AlignCenter>
    <Location>
      <X>266</X>
      <Y>0</Y>
    </Location>
  </Label>
  <Label item="LabelF4">
    <ScreenID>A_Label</ScreenID>
    <Font>1</Font>
    <Text>F4</Text>
    <TextColor>
      <R>255</R>
      <G>130</G>
      <B>130</B>
    </TextColor>
    <Size>
      <CX>20</CX>
      <CY>15</CY>
    </Size>
    <AlignCenter>true</AlignCenter>
    <Location>
      <X>374</X>
      <Y>0</Y>
    </Location>
  </Label>
  <Label item="LabelF5">
    <ScreenID>A_Label</ScreenID>
    <Font>1</Font>
    <Text>F5</Text>
    <TextColor>
      <R>255</R>
      <G>130</G>
      <B>130</B>
    </TextColor>
    <Size>
      <CX>23</CX>
      <CY>15</CY>
    </Size>
    <AlignCenter>true</AlignCenter>
    <Location>
      <X>484</X>
      <Y>0</Y>
    </Location>
  </Label>
  <Label item="LabelF6">
    <ScreenID>A_Label</ScreenID>
    <Font>1</Font>
    <Text>F6</Text>
    <TextColor>
      <R>255</R>
      <G>130</G>
      <B>130</B>
    </TextColor>
    <Size>
      <CX>27</CX>
      <CY>15</CY>
    </Size>
    <AlignCenter>true</AlignCenter>
    <Location>
      <X>593</X>
      <Y>0</Y>
    </Location>
  </Label>
  <Button item="GW_InviteButton">
    <ScreenID>InviteButton</ScreenID>
    <!--<Font>3</Font>-->
    <RelativePosition>true</RelativePosition>
    <Location>
      <X>4</X>
      <Y>-2</Y>
    </Location>
    <Size>
      <CX>52</CX>
      <CY>16</CY>
    </Size>
    <Style_VScroll>false</Style_VScroll>
    <Style_HScroll>false</Style_HScroll>
    <Style_Transparent>false</Style_Transparent>
    <TooltipReference>Select a player and click to invite into the group</TooltipReference>
    <Style_Checkbox>false</Style_Checkbox>
    <!--<RadioGroup/>-->
    <Text>Invite</Text>
    <TextColor>
      <R>255</R>
      <G>255</G>
      <B>255</B>
    </TextColor>
    <ButtonDrawTemplate>
      <Normal>A_SmallBtnNormal</Normal>
      <Pressed>A_SmallBtnPressed</Pressed>
      <Flyby>A_SmallBtnFlyby</Flyby>
      <Disabled>A_SmallBtnDisabled</Disabled>
      <PressedFlyby>A_SmallBtnPressedFlyby</PressedFlyby>
    </ButtonDrawTemplate>
    <Text>Invite</Text>
    <Font>2</Font>
  </Button>
  <Button item="GW_DisbandButton">
    <ScreenID>DisbandButton</ScreenID>
    <!--<Font>3</Font>-->
    <RelativePosition>true</RelativePosition>
    <Location>
      <X>4</X>
      <Y>15</Y>
    </Location>
    <Size>
      <CX>52</CX>
      <CY>16</CY>
    </Size>
    <Style_VScroll>false</Style_VScroll>
    <Style_HScroll>false</Style_HScroll>
    <Style_Transparent>false</Style_Transparent>
    <TooltipReference>Click to disband your target from the group</TooltipReference>
    <Style_Checkbox>false</Style_Checkbox>
    <!--<RadioGroup/>-->
    <ButtonDrawTemplate>
      <Normal>A_SmallBtnNormal</Normal>
      <Pressed>A_SmallBtnPressed</Pressed>
      <Flyby>A_SmallBtnFlyby</Flyby>
      <Disabled>A_SmallBtnDisabled</Disabled>
      <PressedFlyby>A_SmallBtnPressedFlyby</PressedFlyby>
    </ButtonDrawTemplate>
    <Text>Disband</Text>
    <TextColor>
      <R>255</R>
      <G>255</G>
      <B>255</B>
    </TextColor>
    <Font>2</Font>
  </Button>
  <Button item="GW_FollowButton">
    <ScreenID>FollowButton</ScreenID>
    <!--<Font>3</Font>-->
    <RelativePosition>true</RelativePosition>
    <Location>
      <X>4</X>
      <Y>-2</Y>
    </Location>
    <Size>
      <CX>52</CX>
      <CY>16</CY>
    </Size>
    <Style_VScroll>false</Style_VScroll>
    <Style_HScroll>false</Style_HScroll>
    <Style_Transparent>false</Style_Transparent>
    <TooltipReference>Accept an invitation to group</TooltipReference>
    <Style_Checkbox>false</Style_Checkbox>
    <!--<RadioGroup/>-->
    <Text>Follow</Text>
    <TextColor>
      <R>255</R>
      <G>255</G>
      <B>255</B>
    </TextColor>
    <ButtonDrawTemplate>
      <Normal>A_BtnNormal</Normal>
      <Pressed>A_BtnPressed</Pressed>
      <Flyby>A_BtnFlyby</Flyby>
      <Disabled>A_BtnDisabled</Disabled>
      <PressedFlyby>A_BtnPressedFlyby</PressedFlyby>
    </ButtonDrawTemplate>
    <Text>Invite</Text>
    <Font>2</Font>
  </Button>
  <Button item="GW_DeclineButton">
    <ScreenID>DeclineButton</ScreenID>
    <!--<Font>3</Font>-->
    <RelativePosition>true</RelativePosition>
    <Location>
      <X>4</X>
      <Y>15</Y>
    </Location>
    <Size>
      <CX>52</CX>
      <CY>16</CY>
    </Size>
    <Style_VScroll>false</Style_VScroll>
    <Style_HScroll>false</Style_HScroll>
    <Style_Transparent>false</Style_Transparent>
    <TooltipReference>Refuse an invtitation to group</TooltipReference>
    <Style_Checkbox>false</Style_Checkbox>
    <!--<RadioGroup/>-->
    <ButtonDrawTemplate>
      <Normal>A_SmallBtnNormal</Normal>
      <Pressed>A_SmallBtnPressed</Pressed>
      <Flyby>A_SmallBtnFlyby</Flyby>
      <Disabled>A_SmallBtnDisabled</Disabled>
      <PressedFlyby>A_SmallBtnPressedFlyby</PressedFlyby>
    </ButtonDrawTemplate>
    <Text>Decline</Text>
    <TextColor>
      <R>255</R>
      <G>255</G>
      <B>255</B>
    </TextColor>
    <Font>2</Font>
  </Button>
  <Gauge item="GW_Gauge1">
    <ScreenID>Gauge1</ScreenID>
    <!--<Font>3</Font>-->
    <TextColor>
      <R>240</R>
      <G>240</G>
      <B>240</B>
    </TextColor>
    <RelativePosition>true</RelativePosition>
    <Location>
      <X>63</X>
      <Y>-1</Y>
    </Location>
    <Size>
      <CX>108</CX>
      <CY>24</CY>
    </Size>
    <TextOffsetX>8</TextOffsetX>
    <Style_VScroll>false</Style_VScroll>
    <Style_HScroll>false</Style_HScroll>
    <Style_Transparent>false</Style_Transparent>
    <!--<TooltipReference/>-->
    <FillTint>
      <R>220</R>
      <G>0</G>
      <B>0</B>
    </FillTint>
    <LinesFillTint>
      <R>220</R>
      <G>220</G>
      <B>0</B>
    </LinesFillTint>
    <DrawLinesFill>false</DrawLinesFill>
    <EQType>11</EQType>
    <GaugeDrawTemplate>
      <Background>A_GaugeBackground</Background>
      <Fill>A_GaugeFill</Fill>
      <Lines>A_GaugeLines</Lines>
      <LinesFill>A_GaugeLinesFill</LinesFill>
      <EndCapLeft>A_GaugeEndCapLeft</EndCapLeft>
      <EndCapRight>A_GaugeEndCapRight</EndCapRight>
    </GaugeDrawTemplate>
  </Gauge>
  <Gauge item="GW_PetGauge1">
    <ScreenID>PetGauge1</ScreenID>
    <!--<Font>3</Font>-->
    <TextColor>
      <R>240</R>
      <G>240</G>
      <B>240</B>
    </TextColor>
    <RelativePosition>true</RelativePosition>
    <Location>
      <X>67</X>
      <Y>21</Y>
    </Location>
    <Size>
      <CX>108</CX>
      <CY>2</CY>
    </Size>
    <TextOffsetY>-50</TextOffsetY>
    <GaugeOffsetY>-2</GaugeOffsetY>
    <Style_VScroll>false</Style_VScroll>
    <Style_HScroll>false</Style_HScroll>
    <Style_Transparent>false</Style_Transparent>
    <!--<TooltipReference/>-->
    <FillTint>
      <R>51</R>
      <G>192</G>
      <B>51</B>
    </FillTint>
    <LinesFillTint>
      <R>220</R>
      <G>220</G>
      <B>0</B>
    </LinesFillTint>
    <DrawLinesFill>false</DrawLinesFill>
    <EQType>17</EQType>
    <GaugeDrawTemplate>
      <Background>A_GaugeBackground</Background>
      <Fill>A_GaugeFill</Fill>
      <!--<Lines>A_GaugeLines</Lines>-->
      <!--<LinesFill>A_GaugeLinesFill</LinesFill>-->
      <!--<EndCapLeft>A_GaugeEndCapLeft</EndCapLeft>-->
      <!--<EndCapRight>A_GaugeEndCapRight</EndCapRight>-->
    </GaugeDrawTemplate>
  </Gauge>
  <Gauge item="GW_Gauge2">
    <ScreenID>Gauge2</ScreenID>
    <!--<Font>3</Font>-->
    <TextColor>
      <R>240</R>
      <G>240</G>
      <B>240</B>
    </TextColor>
    <RelativePosition>true</RelativePosition>
    <Location>
      <X>174</X>
      <Y>-1</Y>
    </Location>
    <Size>
      <CX>108</CX>
      <CY>24</CY>
    </Size>
    <TextOffsetX>8</TextOffsetX>
    <Style_VScroll>false</Style_VScroll>
    <Style_HScroll>false</Style_HScroll>
    <Style_Transparent>true</Style_Transparent>
    <!--<TooltipReference/>-->
    <FillTint>
      <R>220</R>
      <G>0</G>
      <B>0</B>
    </FillTint>
    <LinesFillTint>
      <R>220</R>
      <G>220</G>
      <B>0</B>
    </LinesFillTint>
    <DrawLinesFill>false</DrawLinesFill>
    <EQType>12</EQType>
    <GaugeDrawTemplate>
      <Background>A_GaugeBackground</Background>
      <Fill>A_GaugeFill</Fill>
      <Lines>A_GaugeLines</Lines>
      <LinesFill>A_GaugeLinesFill</LinesFill>
      <EndCapLeft>A_GaugeEndCapLeft</EndCapLeft>
      <EndCapRight>A_GaugeEndCapRight</EndCapRight>
    </GaugeDrawTemplate>
  </Gauge>
  <Gauge item="GW_PetGauge2">
    <ScreenID>PetGauge2</ScreenID>
    <!--<Font>3</Font>-->
    <TextColor>
      <R>240</R>
      <G>240</G>
      <B>240</B>
    </TextColor>
    <RelativePosition>true</RelativePosition>
    <Location>
      <X>179</X>
      <Y>21</Y>
    </Location>
    <Size>
      <CX>108</CX>
      <CY>2</CY>
    </Size>
    <TextOffsetY>-50</TextOffsetY>
    <GaugeOffsetY>-2</GaugeOffsetY>
    <Style_VScroll>false</Style_VScroll>
    <Style_HScroll>false</Style_HScroll>
    <Style_Transparent>true</Style_Transparent>
    <!--<TooltipReference/>-->
    <FillTint>
      <R>51</R>
      <G>192</G>
      <B>51</B>
    </FillTint>
    <LinesFillTint>
      <R>220</R>
      <G>220</G>
      <B>0</B>
    </LinesFillTint>
    <DrawLinesFill>false</DrawLinesFill>
    <EQType>18</EQType>
    <GaugeDrawTemplate>
      <Background>A_GaugeBackground</Background>
      <Fill>A_GaugeFill</Fill>
      <!--<Lines>A_GaugeLines</Lines>-->
      <!--<LinesFill>A_GaugeLinesFill</LinesFill>-->
      <!--<EndCapLeft>A_GaugeEndCapLeft</EndCapLeft>-->
      <!--<EndCapRight>A_GaugeEndCapRight</EndCapRight>-->
    </GaugeDrawTemplate>
  </Gauge>
  <Gauge item="GW_Gauge3">
    <ScreenID>Gauge3</ScreenID>
    <!--<Font>3</Font>-->
    <TextColor>
      <R>240</R>
      <G>240</G>
      <B>240</B>
    </TextColor>
    <RelativePosition>true</RelativePosition>
    <Location>
      <X>285</X>
      <Y>-1</Y>
    </Location>
    <Size>
      <CX>108</CX>
      <CY>24</CY>
    </Size>
    <TextOffsetX>8</TextOffsetX>
    <Style_VScroll>false</Style_VScroll>
    <Style_HScroll>false</Style_HScroll>
    <Style_Transparent>false</Style_Transparent>
    <!--<TooltipReference/>-->
    <FillTint>
      <R>220</R>
      <G>0</G>
      <B>0</B>
    </FillTint>
    <LinesFillTint>
      <R>220</R>
      <G>220</G>
      <B>0</B>
    </LinesFillTint>
    <DrawLinesFill>false</DrawLinesFill>
    <EQType>13</EQType>
    <GaugeDrawTemplate>
      <Background>A_GaugeBackground</Background>
      <Fill>A_GaugeFill</Fill>
      <Lines>A_GaugeLines</Lines>
      <LinesFill>A_GaugeLinesFill</LinesFill>
      <EndCapLeft>A_GaugeEndCapLeft</EndCapLeft>
      <EndCapRight>A_GaugeEndCapRight</EndCapRight>
    </GaugeDrawTemplate>
  </Gauge>
  <Gauge item="GW_PetGauge3">
    <ScreenID>PetGauge3</ScreenID>
    <!--<Font>3</Font>-->
    <TextColor>
      <R>240</R>
      <G>240</G>
      <B>240</B>
    </TextColor>
    <RelativePosition>true</RelativePosition>
    <Location>
      <X>290</X>
      <Y>21</Y>
    </Location>
    <Size>
      <CX>108</CX>
      <CY>2</CY>
    </Size>
    <TextOffsetY>-50</TextOffsetY>
    <GaugeOffsetY>-2</GaugeOffsetY>
    <Style_VScroll>false</Style_VScroll>
    <Style_HScroll>false</Style_HScroll>
    <Style_Transparent>false</Style_Transparent>
    <!--<TooltipReference/>-->
    <FillTint>
      <R>51</R>
      <G>192</G>
      <B>51</B>
    </FillTint>
    <LinesFillTint>
      <R>220</R>
      <G>220</G>
      <B>0</B>
    </LinesFillTint>
    <DrawLinesFill>false</DrawLinesFill>
    <EQType>19</EQType>
    <GaugeDrawTemplate>
      <Background>A_GaugeBackground</Background>
      <Fill>A_GaugeFill</Fill>
      <!--<Lines>A_GaugeLines</Lines>-->
      <!--<LinesFill>A_GaugeLinesFill</LinesFill>-->
      <!--<EndCapLeft>A_GaugeEndCapLeft</EndCapLeft>-->
      <!--<EndCapRight>A_GaugeEndCapRight</EndCapRight>-->
    </GaugeDrawTemplate>
  </Gauge>
  <Gauge item="GW_Gauge4">
    <ScreenID>Gauge4</ScreenID>
    <!--<Font>3</Font>-->
    <TextColor>
      <R>240</R>
      <G>240</G>
      <B>240</B>
    </TextColor>
    <RelativePosition>true</RelativePosition>
    <Location>
      <X>396</X>
      <Y>-1</Y>
    </Location>
    <Size>
      <CX>108</CX>
      <CY>24</CY>
    </Size>
    <TextOffsetX>8</TextOffsetX>
    <Style_VScroll>false</Style_VScroll>
    <Style_HScroll>false</Style_HScroll>
    <Style_Transparent>false</Style_Transparent>
    <!--<TooltipReference/>-->
    <FillTint>
      <R>220</R>
      <G>0</G>
      <B>0</B>
    </FillTint>
    <LinesFillTint>
      <R>220</R>
      <G>220</G>
      <B>0</B>
    </LinesFillTint>
    <DrawLinesFill>false</DrawLinesFill>
    <EQType>14</EQType>
    <GaugeDrawTemplate>
      <Background>A_GaugeBackground</Background>
      <Fill>A_GaugeFill</Fill>
      <Lines>A_GaugeLines</Lines>
      <LinesFill>A_GaugeLinesFill</LinesFill>
      <EndCapLeft>A_GaugeEndCapLeft</EndCapLeft>
      <EndCapRight>A_GaugeEndCapRight</EndCapRight>
    </GaugeDrawTemplate>
  </Gauge>
  <Gauge item="GW_PetGauge4">
    <ScreenID>PetGauge4</ScreenID>
    <!--<Font>3</Font>-->
    <TextColor>
      <R>240</R>
      <G>240</G>
      <B>240</B>
    </TextColor>
    <RelativePosition>true</RelativePosition>
    <Location>
      <X>400</X>
      <Y>21</Y>
    </Location>
    <Size>
      <CX>108</CX>
      <CY>2</CY>
    </Size>
    <TextOffsetY>-50</TextOffsetY>
    <GaugeOffsetY>-2</GaugeOffsetY>
    <Style_VScroll>false</Style_VScroll>
    <Style_HScroll>false</Style_HScroll>
    <Style_Transparent>false</Style_Transparent>
    <!--<TooltipReference/>-->
    <FillTint>
      <R>51</R>
      <G>192</G>
      <B>51</B>
    </FillTint>
    <LinesFillTint>
      <R>220</R>
      <G>220</G>
      <B>0</B>
    </LinesFillTint>
    <DrawLinesFill>false</DrawLinesFill>
    <EQType>20</EQType>
    <GaugeDrawTemplate>
      <Background>A_GaugeBackground</Background>
      <Fill>A_GaugeFill</Fill>
      <!--<Lines>A_GaugeLines</Lines>-->
      <!--<LinesFill>A_GaugeLinesFill</LinesFill>-->
      <!--<EndCapLeft>A_GaugeEndCapLeft</EndCapLeft>-->
      <!--<EndCapRight>A_GaugeEndCapRight</EndCapRight>-->
    </GaugeDrawTemplate>
  </Gauge>
  <Gauge item="GW_Gauge5">
    <ScreenID>Gauge5</ScreenID>
    <!--<Font>3</Font>-->
    <TextColor>
      <R>240</R>
      <G>240</G>
      <B>240</B>
    </TextColor>
    <RelativePosition>true</RelativePosition>
    <Location>
      <X>507</X>
      <Y>-1</Y>
    </Location>
    <Size>
      <CX>108</CX>
      <CY>24</CY>
    </Size>
    <TextOffsetX>8</TextOffsetX>
    <Style_VScroll>false</Style_VScroll>
    <Style_HScroll>false</Style_HScroll>
    <Style_Transparent>false</Style_Transparent>
    <!--<TooltipReference/>-->
    <FillTint>
      <R>220</R>
      <G>0</G>
      <B>0</B>
    </FillTint>
    <LinesFillTint>
      <R>220</R>
      <G>220</G>
      <B>0</B>
    </LinesFillTint>
    <DrawLinesFill>false</DrawLinesFill>
    <EQType>15</EQType>
    <GaugeDrawTemplate>
      <Background>A_GaugeBackground</Background>
      <Fill>A_GaugeFill</Fill>
      <Lines>A_GaugeLines</Lines>
      <LinesFill>A_GaugeLinesFill</LinesFill>
      <EndCapLeft>A_GaugeEndCapLeft</EndCapLeft>
      <EndCapRight>A_GaugeEndCapRight</EndCapRight>
    </GaugeDrawTemplate>
  </Gauge>
  <Gauge item="GW_PetGauge5">
    <ScreenID>PetGauge5</ScreenID>
    <!--<Font>3</Font>-->
    <TextColor>
      <R>240</R>
      <G>240</G>
      <B>240</B>
    </TextColor>
    <RelativePosition>true</RelativePosition>
    <Location>
      <X>512</X>
      <Y>21</Y>
    </Location>
    <Size>
      <CX>108</CX>
      <CY>2</CY>
    </Size>
    <TextOffsetY>-50</TextOffsetY>
    <GaugeOffsetY>-2</GaugeOffsetY>
    <Style_VScroll>false</Style_VScroll>
    <Style_HScroll>false</Style_HScroll>
    <Style_Transparent>false</Style_Transparent>
    <!--<TooltipReference/>-->
    <FillTint>
      <R>51</R>
      <G>192</G>
      <B>51</B>
    </FillTint>
    <LinesFillTint>
      <R>220</R>
      <G>220</G>
      <B>0</B>
    </LinesFillTint>
    <DrawLinesFill>false</DrawLinesFill>
    <EQType>21</EQType>
    <GaugeDrawTemplate>
      <Background>A_GaugeBackground</Background>
      <Fill>A_GaugeFill</Fill>
      <!--<Lines>A_GaugeLines</Lines>-->
      <!--<LinesFill>A_GaugeLinesFill</LinesFill>-->
      <!--<EndCapLeft>A_GaugeEndCapLeft</EndCapLeft>-->
      <!--<EndCapRight>A_GaugeEndCapRight</EndCapRight>-->
    </GaugeDrawTemplate>
  </Gauge>
  <Screen item="GroupWindow">
    <ScreenID />
    <RelativePosition>false</RelativePosition>
    <Location>
      <X>516</X>
      <Y>78</Y>
    </Location>
    <Size>
      <CX>628</CX>
      <CY>38</CY>
    </Size>
    <Text>Group</Text>
    <Style_VScroll>false</Style_VScroll>
    <Style_HScroll>false</Style_HScroll>
    <Style_Transparent>false</Style_Transparent>
    <TooltipReference>This is the party window.</TooltipReference>
    <DrawTemplate>WDT_blulun</DrawTemplate>
    <Style_Titlebar>False</Style_Titlebar>
    <Style_Closebox>false</Style_Closebox>
    <Style_Minimizebox>false</Style_Minimizebox>
    <Style_Border>true</Style_Border>
    <Style_Sizable>false</Style_Sizable>
    <Pieces>GW_InviteButton</Pieces>
    <Pieces>GW_DisbandButton</Pieces>
    <Pieces>GW_FollowButton</Pieces>
    <Pieces>GW_DeclineButton</Pieces>
    <Pieces>GW_Gauge1</Pieces>
    <Pieces>GW_Gauge2</Pieces>
    <Pieces>GW_Gauge3</Pieces>
    <Pieces>GW_Gauge4</Pieces>
    <Pieces>GW_Gauge5</Pieces>
    <Pieces>GW_PetGauge1</Pieces>
    <Pieces>GW_PetGauge2</Pieces>
    <Pieces>GW_PetGauge3</Pieces>
    <Pieces>GW_PetGauge4</Pieces>
    <Pieces>GW_PetGauge5</Pieces>
    <Pieces>LabelF6</Pieces>
    <Pieces>LabelF5</Pieces>
    <Pieces>LabelF4</Pieces>
    <Pieces>LabelF3</Pieces>
    <Pieces>LabelF2</Pieces>
  </Screen>
</XML>
