<?xml version="1.0" encoding="us-ascii"?>
<XML ID="EQInterfaceDefinitionLanguage">
  <Schema xmlns="EverQuestData" xmlns:dt="EverQuestDataTypes" />
  <!-- Original Translunwrap by Lunakin modified for Project Quarm by Brujoloco -->

  <Button item="SBW_Spell0">
    <ScreenID>SBW_Spell0</ScreenID>
    <!--<Font>3</Font>-->
    <RelativePosition>true</RelativePosition>
    <Location>
      <X>15</X>
      <Y>16</Y>
    </Location>
    <Size>
      <CX>44</CX>
      <CY>44</CY>
    </Size>
    <Style_Transparent>false</Style_Transparent>
    <!--<TooltipReference/>-->
    <Style_Checkbox>false</Style_Checkbox>
    <!--<RadioGroup/>-->
    <ButtonDrawTemplate>
      <Normal>BlueIconBackground</Normal>
      <NormalDecal>BuffIcons</NormalDecal>
    </ButtonDrawTemplate>
    <!--<SoundPressed/>-->
    <!--<SoundUp/>-->
    <!--<SoundFlyby/>-->
    <DecalOffset>
      <X>2</X>
      <Y>2</Y>
    </DecalOffset>
    <DecalSize>
      <CX>40</CX>
      <CY>40</CY>
    </DecalSize>
  </Button>
  <StaticText item="SBW_SpellName0">
    <ScreenID>SBW_SpellName0</ScreenID>
    <Font>1</Font>
    <RelativePosition>true</RelativePosition>
    <Location>
      <X>7</X>
      <Y>60</Y>
    </Location>
    <Size>
      <CX>60</CX>
      <CY>30</CY>
    </Size>
    <Text>Complete Healing</Text>
    <NoWrap>false</NoWrap>
    <AlignCenter>true</AlignCenter>
    <AlignRight>false</AlignRight>
    <TextColor>
      <B>0</B>
      <G>255</G>
      <R>0</R>
    </TextColor>
  </StaticText>
  <Button item="SBW_Spell1">
    <ScreenID>SBW_Spell1</ScreenID>
    <!--<Font>3</Font>-->
    <RelativePosition>true</RelativePosition>
    <Location>
      <X>75</X>
      <Y>16</Y>
    </Location>
    <Size>
      <CX>44</CX>
      <CY>44</CY>
    </Size>
    <Style_Transparent>false</Style_Transparent>
    <!--<TooltipReference/>-->
    <Style_Checkbox>false</Style_Checkbox>
    <!--<RadioGroup/>-->
    <ButtonDrawTemplate>
      <Normal>BlueIconBackground</Normal>
      <NormalDecal>BuffIcons</NormalDecal>
    </ButtonDrawTemplate>
    <!--<SoundPressed/>-->
    <!--<SoundUp/>-->
    <!--<SoundFlyby/>-->
    <DecalOffset>
      <X>2</X>
      <Y>2</Y>
    </DecalOffset>
    <DecalSize>
      <CX>40</CX>
      <CY>40</CY>
    </DecalSize>
  </Button>
  <StaticText item="SBW_SpellName1">
    <ScreenID>SBW_SpellName1</ScreenID>
    <Font>1</Font>
    <RelativePosition>true</RelativePosition>
    <Location>
      <X>67</X>
      <Y>60</Y>
    </Location>
    <Size>
      <CX>60</CX>
      <CY>30</CY>
    </Size>
    <Text>Blahblah's Melodious Concord</Text>
    <NoWrap>false</NoWrap>
    <AlignCenter>true</AlignCenter>
    <AlignRight>false</AlignRight>
    <TextColor>
      <B>0</B>
      <G>255</G>
      <R>0</R>
    </TextColor>
  </StaticText>
  <Button item="SBW_Spell2">
    <ScreenID>SBW_Spell2</ScreenID>
    <!--<Font>3</Font>-->
    <RelativePosition>true</RelativePosition>
    <Location>
      <X>135</X>
      <Y>16</Y>
    </Location>
    <Size>
      <CX>44</CX>
      <CY>44</CY>
    </Size>
    <Style_Transparent>false</Style_Transparent>
    <!--<TooltipReference/>-->
    <Style_Checkbox>false</Style_Checkbox>
    <!--<RadioGroup/>-->
    <ButtonDrawTemplate>
      <Normal>BlueIconBackground</Normal>
      <NormalDecal>BuffIcons</NormalDecal>
    </ButtonDrawTemplate>
    <!--<SoundPressed/>-->
    <!--<SoundUp/>-->
    <!--<SoundFlyby/>-->
    <DecalOffset>
      <X>2</X>
      <Y>2</Y>
    </DecalOffset>
    <DecalSize>
      <CX>40</CX>
      <CY>40</CY>
    </DecalSize>
  </Button>
  <StaticText item="SBW_SpellName2">
    <ScreenID>SBW_SpellName2</ScreenID>
    <Font>1</Font>
    <RelativePosition>true</RelativePosition>
    <Location>
      <X>127</X>
      <Y>60</Y>
    </Location>
    <Size>
      <CX>60</CX>
      <CY>30</CY>
    </Size>
    <Text>Blahblah's Complete Healing</Text>
    <NoWrap>false</NoWrap>
    <AlignCenter>true</AlignCenter>
    <AlignRight>false</AlignRight>
    <TextColor>
      <B>0</B>
      <G>255</G>
      <R>0</R>
    </TextColor>
  </StaticText>
  <Button item="SBW_Spell3">
    <ScreenID>SBW_Spell3</ScreenID>
    <!--<Font>3</Font>-->
    <RelativePosition>true</RelativePosition>
    <Location>
      <X>195</X>
      <Y>16</Y>
    </Location>
    <Size>
      <CX>44</CX>
      <CY>44</CY>
    </Size>
    <Style_Transparent>false</Style_Transparent>
    <!--<TooltipReference/>-->
    <Style_Checkbox>false</Style_Checkbox>
    <!--<RadioGroup/>-->
    <ButtonDrawTemplate>
      <Normal>BlueIconBackground</Normal>
      <NormalDecal>BuffIcons</NormalDecal>
    </ButtonDrawTemplate>
    <!--<SoundPressed/>-->
    <!--<SoundUp/>-->
    <!--<SoundFlyby/>-->
    <DecalOffset>
      <X>2</X>
      <Y>2</Y>
    </DecalOffset>
    <DecalSize>
      <CX>40</CX>
      <CY>40</CY>
    </DecalSize>
  </Button>
  <StaticText item="SBW_SpellName3">
    <ScreenID>SBW_SpellName3</ScreenID>
    <Font>1</Font>
    <RelativePosition>true</RelativePosition>
    <Location>
      <X>187</X>
      <Y>60</Y>
    </Location>
    <Size>
      <CX>60</CX>
      <CY>30</CY>
    </Size>
    <Text>Blahblah's Complete Healing</Text>
    <NoWrap>false</NoWrap>
    <AlignCenter>true</AlignCenter>
    <AlignRight>false</AlignRight>
    <TextColor>
      <B>0</B>
      <G>255</G>
      <R>0</R>
    </TextColor>
  </StaticText>
  <Button item="SBW_Spell4">
    <ScreenID>SBW_Spell4</ScreenID>
    <!--<Font>3</Font>-->
    <RelativePosition>true</RelativePosition>
    <Location>
      <X>15</X>
      <Y>93</Y>
    </Location>
    <Size>
      <CX>44</CX>
      <CY>44</CY>
    </Size>
    <Style_Transparent>false</Style_Transparent>
    <!--<TooltipReference/>-->
    <Style_Checkbox>false</Style_Checkbox>
    <!--<RadioGroup/>-->
    <ButtonDrawTemplate>
      <Normal>BlueIconBackground</Normal>
      <NormalDecal>BuffIcons</NormalDecal>
    </ButtonDrawTemplate>
    <!--<SoundPressed/>-->
    <!--<SoundUp/>-->
    <!--<SoundFlyby/>-->
    <DecalOffset>
      <X>2</X>
      <Y>2</Y>
    </DecalOffset>
    <DecalSize>
      <CX>40</CX>
      <CY>40</CY>
    </DecalSize>
  </Button>
  <StaticText item="SBW_SpellName4">
    <ScreenID>SBW_SpellName4</ScreenID>
    <Font>1</Font>
    <RelativePosition>true</RelativePosition>
    <Location>
      <X>7</X>
      <Y>137</Y>
    </Location>
    <Size>
      <CX>60</CX>
      <CY>30</CY>
    </Size>
    <Text>Blahblah's Complete Healing</Text>
    <NoWrap>false</NoWrap>
    <AlignCenter>true</AlignCenter>
    <AlignRight>false</AlignRight>
    <TextColor>
      <B>0</B>
      <G>255</G>
      <R>0</R>
    </TextColor>
  </StaticText>
  <Button item="SBW_Spell5">
    <ScreenID>SBW_Spell5</ScreenID>
    <!--<Font>3</Font>-->
    <RelativePosition>true</RelativePosition>
    <Location>
      <X>75</X>
      <Y>93</Y>
    </Location>
    <Size>
      <CX>44</CX>
      <CY>44</CY>
    </Size>
    <Style_Transparent>false</Style_Transparent>
    <!--<TooltipReference/>-->
    <Style_Checkbox>false</Style_Checkbox>
    <!--<RadioGroup/>-->
    <ButtonDrawTemplate>
      <Normal>BlueIconBackground</Normal>
      <NormalDecal>BuffIcons</NormalDecal>
    </ButtonDrawTemplate>
    <!--<SoundPressed/>-->
    <!--<SoundUp/>-->
    <!--<SoundFlyby/>-->
    <DecalOffset>
      <X>2</X>
      <Y>2</Y>
    </DecalOffset>
    <DecalSize>
      <CX>40</CX>
      <CY>40</CY>
    </DecalSize>
  </Button>
  <StaticText item="SBW_SpellName5">
    <ScreenID>SBW_SpellName5</ScreenID>
    <Font>1</Font>
    <RelativePosition>true</RelativePosition>
    <Location>
      <X>67</X>
      <Y>137</Y>
    </Location>
    <Size>
      <CX>60</CX>
      <CY>30</CY>
    </Size>
    <Text>Blahblah's Complete Healing</Text>
    <NoWrap>false</NoWrap>
    <AlignCenter>true</AlignCenter>
    <AlignRight>false</AlignRight>
    <TextColor>
      <B>0</B>
      <G>255</G>
      <R>0</R>
    </TextColor>
  </StaticText>
  <Button item="SBW_Spell6">
    <ScreenID>SBW_Spell6</ScreenID>
    <!--<Font>3</Font>-->
    <RelativePosition>true</RelativePosition>
    <Location>
      <X>135</X>
      <Y>93</Y>
    </Location>
    <Size>
      <CX>44</CX>
      <CY>44</CY>
    </Size>
    <Style_Transparent>false</Style_Transparent>
    <!--<TooltipReference/>-->
    <Style_Checkbox>false</Style_Checkbox>
    <!--<RadioGroup/>-->
    <ButtonDrawTemplate>
      <Normal>BlueIconBackground</Normal>
      <NormalDecal>BuffIcons</NormalDecal>
    </ButtonDrawTemplate>
    <!--<SoundPressed/>-->
    <!--<SoundUp/>-->
    <!--<SoundFlyby/>-->
    <DecalOffset>
      <X>2</X>
      <Y>2</Y>
    </DecalOffset>
    <DecalSize>
      <CX>40</CX>
      <CY>40</CY>
    </DecalSize>
  </Button>
  <StaticText item="SBW_SpellName6">
    <ScreenID>SBW_SpellName6</ScreenID>
    <Font>1</Font>
    <RelativePosition>true</RelativePosition>
    <Location>
      <X>127</X>
      <Y>137</Y>
    </Location>
    <Size>
      <CX>60</CX>
      <CY>30</CY>
    </Size>
    <Text>Blahblah's Complete Healing</Text>
    <NoWrap>false</NoWrap>
    <AlignCenter>true</AlignCenter>
    <AlignRight>false</AlignRight>
    <TextColor>
      <B>0</B>
      <G>255</G>
      <R>0</R>
    </TextColor>
  </StaticText>
  <Button item="SBW_Spell7">
    <ScreenID>SBW_Spell7</ScreenID>
    <!--<Font>3</Font>-->
    <RelativePosition>true</RelativePosition>
    <Location>
      <X>195</X>
      <Y>93</Y>
    </Location>
    <Size>
      <CX>44</CX>
      <CY>44</CY>
    </Size>
    <Style_Transparent>false</Style_Transparent>
    <!--<TooltipReference/>-->
    <Style_Checkbox>false</Style_Checkbox>
    <!--<RadioGroup/>-->
    <ButtonDrawTemplate>
      <Normal>BlueIconBackground</Normal>
      <NormalDecal>BuffIcons</NormalDecal>
    </ButtonDrawTemplate>
    <!--<SoundPressed/>-->
    <!--<SoundUp/>-->
    <!--<SoundFlyby/>-->
    <DecalOffset>
      <X>2</X>
      <Y>2</Y>
    </DecalOffset>
    <DecalSize>
      <CX>40</CX>
      <CY>40</CY>
    </DecalSize>
  </Button>
  <StaticText item="SBW_SpellName7">
    <ScreenID>SBW_SpellName7</ScreenID>
    <Font>1</Font>
    <RelativePosition>true</RelativePosition>
    <Location>
      <X>187</X>
      <Y>137</Y>
    </Location>
    <Size>
      <CX>60</CX>
      <CY>30</CY>
    </Size>
    <Text>Blahblah's Complete Healing</Text>
    <NoWrap>false</NoWrap>
    <AlignCenter>true</AlignCenter>
    <AlignRight>false</AlignRight>
    <TextColor>
      <B>0</B>
      <G>255</G>
      <R>0</R>
    </TextColor>
  </StaticText>
  <Button item="SBW_Spell8">
    <ScreenID>SBW_Spell8</ScreenID>
    <!--<Font>3</Font>-->
    <RelativePosition>true</RelativePosition>
    <Location>
      <X>255</X>
      <Y>16</Y>
    </Location>
    <Size>
      <CX>44</CX>
      <CY>44</CY>
    </Size>
    <Style_Transparent>false</Style_Transparent>
    <!--<TooltipReference/>-->
    <Style_Checkbox>false</Style_Checkbox>
    <!--<RadioGroup/>-->
    <ButtonDrawTemplate>
      <Normal>BlueIconBackground</Normal>
      <NormalDecal>BuffIcons</NormalDecal>
    </ButtonDrawTemplate>
    <!--<SoundPressed/>-->
    <!--<SoundUp/>-->
    <!--<SoundFlyby/>-->
    <DecalOffset>
      <X>2</X>
      <Y>2</Y>
    </DecalOffset>
    <DecalSize>
      <CX>40</CX>
      <CY>40</CY>
    </DecalSize>
  </Button>
  <StaticText item="SBW_SpellName8">
    <ScreenID>SBW_SpellName8</ScreenID>
    <Font>1</Font>
    <RelativePosition>true</RelativePosition>
    <Location>
      <X>247</X>
      <Y>60</Y>
    </Location>
    <Size>
      <CX>60</CX>
      <CY>30</CY>
    </Size>
    <Text>Complete Healing</Text>
    <NoWrap>false</NoWrap>
    <AlignCenter>true</AlignCenter>
    <AlignRight>false</AlignRight>
    <TextColor>
      <B>0</B>
      <G>255</G>
      <R>0</R>
    </TextColor>
  </StaticText>
  <Button item="SBW_Spell9">
    <ScreenID>SBW_Spell9</ScreenID>
    <!--<Font>3</Font>-->
    <RelativePosition>true</RelativePosition>
    <Location>
      <X>315</X>
      <Y>16</Y>
    </Location>
    <Size>
      <CX>44</CX>
      <CY>44</CY>
    </Size>
    <Style_Transparent>false</Style_Transparent>
    <!--<TooltipReference/>-->
    <Style_Checkbox>false</Style_Checkbox>
    <!--<RadioGroup/>-->
    <ButtonDrawTemplate>
      <Normal>BlueIconBackground</Normal>
      <NormalDecal>BuffIcons</NormalDecal>
    </ButtonDrawTemplate>
    <!--<SoundPressed/>-->
    <!--<SoundUp/>-->
    <!--<SoundFlyby/>-->
    <DecalOffset>
      <X>2</X>
      <Y>2</Y>
    </DecalOffset>
    <DecalSize>
      <CX>40</CX>
      <CY>40</CY>
    </DecalSize>
  </Button>
  <StaticText item="SBW_SpellName9">
    <ScreenID>SBW_SpellName9</ScreenID>
    <Font>1</Font>
    <RelativePosition>true</RelativePosition>
    <Location>
      <X>307</X>
      <Y>60</Y>
    </Location>
    <Size>
      <CX>60</CX>
      <CY>30</CY>
    </Size>
    <Text>Complete Healing</Text>
    <NoWrap>false</NoWrap>
    <AlignCenter>true</AlignCenter>
    <AlignRight>false</AlignRight>
    <TextColor>
      <B>0</B>
      <G>255</G>
      <R>0</R>
    </TextColor>
  </StaticText>
  <Button item="SBW_Spell10">
    <ScreenID>SBW_Spell10</ScreenID>
    <!--<Font>3</Font>-->
    <RelativePosition>true</RelativePosition>
    <Location>
      <X>375</X>
      <Y>16</Y>
    </Location>
    <Size>
      <CX>44</CX>
      <CY>44</CY>
    </Size>
    <Style_Transparent>false</Style_Transparent>
    <!--<TooltipReference/>-->
    <Style_Checkbox>false</Style_Checkbox>
    <!--<RadioGroup/>-->
    <ButtonDrawTemplate>
      <Normal>BlueIconBackground</Normal>
      <NormalDecal>BuffIcons</NormalDecal>
    </ButtonDrawTemplate>
    <!--<SoundPressed/>-->
    <!--<SoundUp/>-->
    <!--<SoundFlyby/>-->
    <DecalOffset>
      <X>2</X>
      <Y>2</Y>
    </DecalOffset>
    <DecalSize>
      <CX>40</CX>
      <CY>40</CY>
    </DecalSize>
  </Button>
  <StaticText item="SBW_SpellName10">
    <ScreenID>SBW_SpellName10</ScreenID>
    <Font>1</Font>
    <RelativePosition>true</RelativePosition>
    <Location>
      <X>367</X>
      <Y>60</Y>
    </Location>
    <Size>
      <CX>60</CX>
      <CY>30</CY>
    </Size>
    <Text>Blahblah's Complete Healing</Text>
    <NoWrap>false</NoWrap>
    <AlignCenter>true</AlignCenter>
    <AlignRight>false</AlignRight>
    <TextColor>
      <B>0</B>
      <G>255</G>
      <R>0</R>
    </TextColor>
  </StaticText>
  <Button item="SBW_Spell11">
    <ScreenID>SBW_Spell11</ScreenID>
    <!--<Font>3</Font>-->
    <RelativePosition>true</RelativePosition>
    <Location>
      <X>435</X>
      <Y>16</Y>
    </Location>
    <Size>
      <CX>44</CX>
      <CY>44</CY>
    </Size>
    <Style_Transparent>false</Style_Transparent>
    <!--<TooltipReference/>-->
    <Style_Checkbox>false</Style_Checkbox>
    <!--<RadioGroup/>-->
    <ButtonDrawTemplate>
      <Normal>BlueIconBackground</Normal>
      <NormalDecal>BuffIcons</NormalDecal>
    </ButtonDrawTemplate>
    <!--<SoundPressed/>-->
    <!--<SoundUp/>-->
    <!--<SoundFlyby/>-->
    <DecalOffset>
      <X>2</X>
      <Y>2</Y>
    </DecalOffset>
    <DecalSize>
      <CX>40</CX>
      <CY>40</CY>
    </DecalSize>
  </Button>
  <StaticText item="SBW_SpellName11">
    <ScreenID>SBW_SpellName11</ScreenID>
    <Font>1</Font>
    <RelativePosition>true</RelativePosition>
    <Location>
      <X>427</X>
      <Y>60</Y>
    </Location>
    <Size>
      <CX>60</CX>
      <CY>30</CY>
    </Size>
    <Text>Blahblah's Complete Healing</Text>
    <NoWrap>false</NoWrap>
    <AlignCenter>true</AlignCenter>
    <AlignRight>false</AlignRight>
    <TextColor>
      <B>0</B>
      <G>255</G>
      <R>0</R>
    </TextColor>
  </StaticText>
  <Button item="SBW_Spell12">
    <ScreenID>SBW_Spell12</ScreenID>
    <!--<Font>3</Font>-->
    <RelativePosition>true</RelativePosition>
    <Location>
      <X>255</X>
      <Y>93</Y>
    </Location>
    <Size>
      <CX>44</CX>
      <CY>44</CY>
    </Size>
    <Style_Transparent>false</Style_Transparent>
    <!--<TooltipReference/>-->
    <Style_Checkbox>false</Style_Checkbox>
    <!--<RadioGroup/>-->
    <ButtonDrawTemplate>
      <Normal>BlueIconBackground</Normal>
      <NormalDecal>BuffIcons</NormalDecal>
    </ButtonDrawTemplate>
    <!--<SoundPressed/>-->
    <!--<SoundUp/>-->
    <!--<SoundFlyby/>-->
    <DecalOffset>
      <X>2</X>
      <Y>2</Y>
    </DecalOffset>
    <DecalSize>
      <CX>40</CX>
      <CY>40</CY>
    </DecalSize>
  </Button>
  <StaticText item="SBW_SpellName12">
    <ScreenID>SBW_SpellName12</ScreenID>
    <Font>1</Font>
    <RelativePosition>true</RelativePosition>
    <Location>
      <X>247</X>
      <Y>137</Y>
    </Location>
    <Size>
      <CX>60</CX>
      <CY>30</CY>
    </Size>
    <Text>Blahblah's Complete Healing</Text>
    <NoWrap>false</NoWrap>
    <AlignCenter>true</AlignCenter>
    <AlignRight>false</AlignRight>
    <TextColor>
      <R>0</R>
      <G>255</G>
      <B>0</B>
    </TextColor>
  </StaticText>
  <Button item="SBW_Spell13">
    <ScreenID>SBW_Spell13</ScreenID>
    <!--<Font>3</Font>-->
    <RelativePosition>true</RelativePosition>
    <Location>
      <X>315</X>
      <Y>93</Y>
    </Location>
    <Size>
      <CX>44</CX>
      <CY>44</CY>
    </Size>
    <Style_Transparent>false</Style_Transparent>
    <!--<TooltipReference/>-->
    <Style_Checkbox>false</Style_Checkbox>
    <!--<RadioGroup/>-->
    <ButtonDrawTemplate>
      <Normal>BlueIconBackground</Normal>
      <NormalDecal>BuffIcons</NormalDecal>
    </ButtonDrawTemplate>
    <!--<SoundPressed/>-->
    <!--<SoundUp/>-->
    <!--<SoundFlyby/>-->
    <DecalOffset>
      <X>2</X>
      <Y>2</Y>
    </DecalOffset>
    <DecalSize>
      <CX>40</CX>
      <CY>40</CY>
    </DecalSize>
  </Button>
  <StaticText item="SBW_SpellName13">
    <ScreenID>SBW_SpellName13</ScreenID>
    <Font>1</Font>
    <RelativePosition>true</RelativePosition>
    <Location>
      <X>307</X>
      <Y>137</Y>
    </Location>
    <Size>
      <CX>60</CX>
      <CY>30</CY>
    </Size>
    <Text>Blahblah's Complete Healing</Text>
    <NoWrap>false</NoWrap>
    <AlignCenter>true</AlignCenter>
    <AlignRight>false</AlignRight>
    <TextColor>
      <B>0</B>
      <G>255</G>
      <R>0</R>
    </TextColor>
  </StaticText>
  <Button item="SBW_Spell14">
    <ScreenID>SBW_Spell14</ScreenID>
    <!--<Font>3</Font>-->
    <RelativePosition>true</RelativePosition>
    <Location>
      <X>375</X>
      <Y>93</Y>
    </Location>
    <Size>
      <CX>44</CX>
      <CY>44</CY>
    </Size>
    <Style_Transparent>false</Style_Transparent>
    <!--<TooltipReference/>-->
    <Style_Checkbox>false</Style_Checkbox>
    <!--<RadioGroup/>-->
    <ButtonDrawTemplate>
      <Normal>BlueIconBackground</Normal>
      <NormalDecal>BuffIcons</NormalDecal>
    </ButtonDrawTemplate>
    <!--<SoundPressed/>-->
    <!--<SoundUp/>-->
    <!--<SoundFlyby/>-->
    <DecalOffset>
      <X>2</X>
      <Y>2</Y>
    </DecalOffset>
    <DecalSize>
      <CX>40</CX>
      <CY>40</CY>
    </DecalSize>
  </Button>
  <StaticText item="SBW_SpellName14">
    <ScreenID>SBW_SpellName14</ScreenID>
    <Font>1</Font>
    <RelativePosition>true</RelativePosition>
    <Location>
      <X>367</X>
      <Y>137</Y>
    </Location>
    <Size>
      <CX>60</CX>
      <CY>30</CY>
    </Size>
    <Text>Blahblah's Complete Healing</Text>
    <NoWrap>false</NoWrap>
    <AlignCenter>true</AlignCenter>
    <AlignRight>false</AlignRight>
    <TextColor>
      <B>0</B>
      <G>255</G>
      <R>0</R>
    </TextColor>
  </StaticText>
  <Button item="SBW_Spell15">
    <ScreenID>SBW_Spell15</ScreenID>
    <!--<Font>3</Font>-->
    <RelativePosition>true</RelativePosition>
    <Location>
      <X>435</X>
      <Y>93</Y>
    </Location>
    <Size>
      <CX>44</CX>
      <CY>44</CY>
    </Size>
    <Style_Transparent>false</Style_Transparent>
    <!--<TooltipReference/>-->
    <Style_Checkbox>false</Style_Checkbox>
    <!--<RadioGroup/>-->
    <ButtonDrawTemplate>
      <Normal>BlueIconBackground</Normal>
      <NormalDecal>BuffIcons</NormalDecal>
    </ButtonDrawTemplate>
    <!--<SoundPressed/>-->
    <!--<SoundUp/>-->
    <!--<SoundFlyby/>-->
    <DecalOffset>
      <X>2</X>
      <Y>2</Y>
    </DecalOffset>
    <DecalSize>
      <CX>40</CX>
      <CY>40</CY>
    </DecalSize>
  </Button>
  <StaticText item="SBW_SpellName15">
    <ScreenID>SBW_SpellName15</ScreenID>
    <Font>1</Font>
    <RelativePosition>true</RelativePosition>
    <Location>
      <X>427</X>
      <Y>137</Y>
    </Location>
    <Size>
      <CX>60</CX>
      <CY>30</CY>
    </Size>
    <Text>Blahblah's Complete Healing</Text>
    <NoWrap>false</NoWrap>
    <AlignCenter>true</AlignCenter>
    <AlignRight>false</AlignRight>
    <TextColor>
      <B>0</B>
      <G>255</G>
      <R>0</R>
    </TextColor>
  </StaticText>
  <Gauge item="SBW_Memorize_Gauge">
    <ScreenID>SBW_Memorize_Gauge</ScreenID>
    <!--<Font>3</Font>-->
    <RelativePosition>true</RelativePosition>
    <Location>
      <X>195</X>
      <Y>8</Y>
    </Location>
    <Size>
      <CX>107</CX>
      <CY>5</CY>
    </Size>
    <GaugeOffsetY>0</GaugeOffsetY>
    <Style_Transparent>false</Style_Transparent>
    <!--<TooltipReference/>-->
    <FillTint>
      <R>200</R>
      <G>0</G>
      <B>200</B>
    </FillTint>
    <LinesFillTint>
      <R>0</R>
      <G>0</G>
      <B>0</B>
    </LinesFillTint>
    <DrawLinesFill>false</DrawLinesFill>
    <EQType>9</EQType>
    <GaugeDrawTemplate>
      <Fill>A_GaugeFill</Fill>
      <LinesFill>A_GaugeLinesFill</LinesFill>
    </GaugeDrawTemplate>
  </Gauge>
  <Gauge item="SBW_Scribe_Gauge">
    <ScreenID>SBW_Memorize_Gauge</ScreenID>
    <!--<Font>3</Font>-->
    <RelativePosition>true</RelativePosition>
    <Location>
      <X>195</X>
      <Y>8</Y>
    </Location>
    <Size>
      <CX>107</CX>
      <CY>5</CY>
    </Size>
    <GaugeOffsetY>0</GaugeOffsetY>
    <Style_Transparent>false</Style_Transparent>
    <!--<TooltipReference/>-->
    <FillTint>
      <R>200</R>
      <G>0</G>
      <B>200</B>
    </FillTint>
    <LinesFillTint>
      <R>0</R>
      <G>0</G>
      <B>0</B>
    </LinesFillTint>
    <DrawLinesFill>false</DrawLinesFill>
    <EQType>10</EQType>
    <GaugeDrawTemplate>
      <Fill>A_GaugeFill</Fill>
      <LinesFill>A_GaugeLinesFill</LinesFill>
    </GaugeDrawTemplate>
  </Gauge>
  <Button item="SBW_MemPage0_Button">
    <ScreenID>SBW_MemPage0_Button</ScreenID>
    <!--<Font>3</Font>-->
    <RelativePosition>true</RelativePosition>
    <Location>
      <X>76</X>
      <Y>305</Y>
    </Location>
    <Size>
      <CX>1</CX>
      <CY>1</CY>
      <!-- <CX>96</CX> -->
      <!-- <CY>20</CY> -->
    </Size>
    <Style_Transparent>false</Style_Transparent>
    <!--<TooltipReference/>-->
    <Style_Checkbox>false</Style_Checkbox>
    <!--<RadioGroup/>-->
    <Text>Mem. This Page</Text>
    <TextColor>
      <R>255</R>
      <G>255</G>
      <B>255</B>
    </TextColor>
    <ButtonDrawTemplate>
      <Normal>A_BtnNormal</Normal>
      <Pressed>A_BtnPressed</Pressed>
      <Flyby>A_BtnFlyby</Flyby>
      <Disabled>A_BtnDisabled</Disabled>
      <PressedFlyby>A_BtnPressedFlyby</PressedFlyby>
    </ButtonDrawTemplate>
    <!--<SoundPressed/>-->
    <!--<SoundUp/>-->
    <!--<SoundFlyby/>-->
  </Button>
  <Button item="SBW_MemPage1_Button">
    <ScreenID>SBW_MemPage1_Button</ScreenID>
    <!--<Font>3</Font>-->
    <RelativePosition>true</RelativePosition>
    <Location>
      <X>306</X>
      <Y>305</Y>
    </Location>
    <Size>
      <CX>1</CX>
      <CY>1</CY>
      <!-- <CX>96</CX> -->
      <!-- <CY>20</CY> -->
    </Size>
    <Style_Transparent>false</Style_Transparent>
    <!--<TooltipReference/>-->
    <Style_Checkbox>false</Style_Checkbox>
    <!--<RadioGroup/>-->
    <Text>Mem. This Page</Text>
    <TextColor>
      <R>255</R>
      <G>255</G>
      <B>255</B>
    </TextColor>
    <ButtonDrawTemplate>
      <Normal>A_BtnNormal</Normal>
      <Pressed>A_BtnPressed</Pressed>
      <Flyby>A_BtnFlyby</Flyby>
      <Disabled>A_BtnDisabled</Disabled>
      <PressedFlyby>A_BtnPressedFlyby</PressedFlyby>
    </ButtonDrawTemplate>
    <!--<SoundPressed/>-->
    <!--<SoundUp/>-->
    <!--<SoundFlyby/>-->
  </Button>
  <Button item="SBW_PageDown_Button">
    <ScreenID>SBW_PageDown_Button</ScreenID>
    <!--<Font>3</Font>-->
    <RelativePosition>true</RelativePosition>
    <Location>
      <X>0</X>
      <Y>-13</Y>
    </Location>
    <Size>
      <CX>12</CX>
      <CY>200</CY>
    </Size>
    <Style_Transparent>false</Style_Transparent>
    <!--<TooltipReference/>-->
    <Style_Checkbox>false</Style_Checkbox>
    <!--<RadioGroup/>-->
    <Text />
    <TextColor>
      <R>255</R>
      <G>255</G>
      <B>255</B>
    </TextColor>
    <ButtonDrawTemplate />
    <!--<SoundPressed/>-->
    <!--<SoundUp/>-->
    <!--<SoundFlyby/>-->
  </Button>
  <Button item="SBW_PageUp_Button">
    <ScreenID>SBW_PageUp_Button</ScreenID>
    <!--<Font>3</Font>-->
    <RelativePosition>true</RelativePosition>
    <Location>
      <X>482</X>
      <Y>-13</Y>
    </Location>
    <Size>
      <CX>12</CX>
      <CY>200</CY>
    </Size>
    <Style_Transparent>false</Style_Transparent>
    <!--<TooltipReference/>-->
    <Style_Checkbox>false</Style_Checkbox>
    <!--<RadioGroup/>-->
    <Text />
    <TextColor>
      <R>255</R>
      <G>255</G>
      <B>255</B>
    </TextColor>
    <ButtonDrawTemplate />
    <!--<SoundPressed/>-->
    <!--<SoundUp/>-->
    <!--<SoundFlyby/>-->
  </Button>
  <StaticText item="SBW_LeftPageNum">
    <ScreenID>SBW_LeftPageNum</ScreenID>
    <!--<Font>3</Font>-->
    <RelativePosition>true</RelativePosition>
    <Location>
      <X>19</X>
      <Y>1</Y>
    </Location>
    <Size>
      <CX>20</CX>
      <CY>16</CY>
    </Size>
    <Text>98</Text>
    <NoWrap>true</NoWrap>
    <AlignCenter>true</AlignCenter>
    <AlignRight>false</AlignRight>
    <TextColor>
      <B>0</B>
      <G>255</G>
      <R>0</R>
    </TextColor>
  </StaticText>
  <StaticText item="SBW_RightPageNum">
    <ScreenID>SBW_RightPageNum</ScreenID>
    <!--<Font>3</Font>-->
    <RelativePosition>true</RelativePosition>
    <Location>
      <X>458</X>
      <Y>1</Y>
    </Location>
    <Size>
      <CX>20</CX>
      <CY>16</CY>
    </Size>
    <Text>99</Text>
    <NoWrap>true</NoWrap>
    <AlignCenter>true</AlignCenter>
    <AlignRight>false</AlignRight>
    <TextColor>
      <B>0</B>
      <G>255</G>
      <R>0</R>
    </TextColor>
  </StaticText>
  <Button item="SBW_DoneButton">
    <ScreenID>DoneButton</ScreenID>
    <!--<Font>3</Font>-->
    <RelativePosition>true</RelativePosition>
    <AutoStretch>false</AutoStretch>
    <LeftAnchorOffset>294</LeftAnchorOffset>
    <TopAnchorOffset>200</TopAnchorOffset>
    <RightAnchorOffset>186</RightAnchorOffset>
    <BottomAnchorOffset>1</BottomAnchorOffset>
    <TopAnchorToTop>false</TopAnchorToTop>
    <BottomAnchorToTop>false</BottomAnchorToTop>
    <RightAnchorToLeft>false</RightAnchorToLeft>
    <LeftAnchorToLeft>false</LeftAnchorToLeft>
    <Style_Transparent>true</Style_Transparent>
    <!--<TooltipReference/>-->
    <Style_Checkbox>false</Style_Checkbox>
    <!--<RadioGroup/>-->
    <TextColor>
      <R>255</R>
      <G>255</G>
      <B>255</B>
    </TextColor>
    <ButtonDrawTemplate />
    <!--<SoundPressed/>-->
    <!--<<SoundUp/>-->
    <!--<SoundFlyby/>-->
    <Location>
      <X>97</X>
      <Y>0</Y>
    </Location>
    <Size>
      <CX>300</CX>
      <CY>15</CY>
    </Size>
    <DrawTemplate>WDT_Inner</DrawTemplate>
  </Button>
  <Screen item="SpellBookWnd">
    <!--<ScreenID/>-->
    <RelativePosition>false</RelativePosition>
    <Location>
      <X>40</X>
      <Y>10</Y>
    </Location>
    <Size>
      <CX>500</CX>
      <CY>170</CY>
    </Size>
    <Text>Spell Book</Text>
    <Style_Transparent>false</Style_Transparent>
    <TooltipReference>Your Spell Book</TooltipReference>
    <Style_Titlebar>false</Style_Titlebar>
    <Style_Closebox>false</Style_Closebox>
    <Style_Minimizebox>false</Style_Minimizebox>
    <Style_Border>true</Style_Border>
    <Style_Sizable>false</Style_Sizable>
    <Pieces>SBW_Spell0</Pieces>
    <Pieces>SBW_SpellName0</Pieces>
    <Pieces>SBW_Spell1</Pieces>
    <Pieces>SBW_SpellName1</Pieces>
    <Pieces>SBW_Spell2</Pieces>
    <Pieces>SBW_SpellName2</Pieces>
    <Pieces>SBW_Spell3</Pieces>
    <Pieces>SBW_SpellName3</Pieces>
    <Pieces>SBW_Spell4</Pieces>
    <Pieces>SBW_SpellName4</Pieces>
    <Pieces>SBW_Spell5</Pieces>
    <Pieces>SBW_SpellName5</Pieces>
    <Pieces>SBW_Spell6</Pieces>
    <Pieces>SBW_SpellName6</Pieces>
    <Pieces>SBW_Spell7</Pieces>
    <Pieces>SBW_SpellName7</Pieces>
    <Pieces>SBW_Spell8</Pieces>
    <Pieces>SBW_SpellName8</Pieces>
    <Pieces>SBW_Spell9</Pieces>
    <Pieces>SBW_SpellName9</Pieces>
    <Pieces>SBW_Spell10</Pieces>
    <Pieces>SBW_SpellName10</Pieces>
    <Pieces>SBW_Spell11</Pieces>
    <Pieces>SBW_SpellName11</Pieces>
    <Pieces>SBW_Spell12</Pieces>
    <Pieces>SBW_SpellName12</Pieces>
    <Pieces>SBW_Spell13</Pieces>
    <Pieces>SBW_SpellName13</Pieces>
    <Pieces>SBW_Spell14</Pieces>
    <Pieces>SBW_SpellName14</Pieces>
    <Pieces>SBW_Spell15</Pieces>
    <Pieces>SBW_SpellName15</Pieces>
    <Pieces>SBW_Memorize_Gauge</Pieces>
    <Pieces>SBW_Scribe_Gauge</Pieces>
    <Pieces>SBW_MemPage0_Button</Pieces>
    <Pieces>SBW_MemPage1_Button</Pieces>
    <Pieces>SBW_PageDown_Button</Pieces>
    <Pieces>SBW_PageUp_Button</Pieces>
    <Pieces>SBW_LeftPageNum</Pieces>
    <Pieces>SBW_RightPageNum</Pieces>
    <Pieces>SBW_DoneButton</Pieces>
    <DrawTemplate>WDT_blulun</DrawTemplate>
  </Screen>
</XML>
