<?xml version="1.0" encoding="us-ascii"?>
<XML ID="EQInterfaceDefinitionLanguage">
  <Schema xmlns="EverQuestData" xmlns:dt="EverQuestDataTypes" />
  <!-- Original File by Soontace Modified by Brujoloco for QQQuarm Nov 8 2023 -->
  <!-- Brujoloco: Reinstated SitButton -Modified Window Size - Arranged Slots  -->

  <Button item="PIW_AttackButton">
    <ScreenID>AttackButton</ScreenID>
    <!--<Font>3</Font>-->
    <RelativePosition>true</RelativePosition>
    <Location>
      <X>7</X>
      <Y>90</Y>
    </Location>
    <Size>
      <CX>114</CX>
      <CY>23</CY>
    </Size>
    <Style_VScroll>false</Style_VScroll>
    <Style_HScroll>false</Style_HScroll>
    <Style_Transparent>false</Style_Transparent>
    <TooltipReference>Pet Attack</TooltipReference>
    <Style_Checkbox>false</Style_Checkbox>
    <!--<RadioGroup/>-->
    <Text>Attack</Text>
    <TextColor>
      <R>255</R>
      <G>255</G>
      <B>255</B>
    </TextColor>
    <ButtonDrawTemplate>
      <Normal>A_BtnNormal</Normal>
      <Pressed>A_BtnPressed</Pressed>
      <Flyby>A_BtnFlyby</Flyby>
      <Disabled>A_BtnDisabled</Disabled>
      <PressedFlyby>A_BtnPressedFlyby</PressedFlyby>
    </ButtonDrawTemplate>
  </Button>
  <Button item="PIW_FollowButton">
    <ScreenID>FollowButton</ScreenID>
    <!--<Font>3</Font>-->
    <RelativePosition>true</RelativePosition>
    <Location>
      <X>7</X>
      <Y>28</Y>
    </Location>
    <Size>
      <CX>57</CX>
      <CY>20</CY>
    </Size>
    <Style_VScroll>false</Style_VScroll>
    <Style_HScroll>false</Style_HScroll>
    <Style_Transparent>false</Style_Transparent>
    <TooltipReference>Pet Follow Me</TooltipReference>
    <Style_Checkbox>false</Style_Checkbox>
    <!--<RadioGroup/>-->
    <Text>Follow</Text>
    <TextColor>
      <R>255</R>
      <G>255</G>
      <B>255</B>
    </TextColor>
    <ButtonDrawTemplate>
      <Normal>A_BtnNormal</Normal>
      <Pressed>A_BtnPressed</Pressed>
      <Flyby>A_BtnFlyby</Flyby>
      <Disabled>A_BtnDisabled</Disabled>
      <PressedFlyby>A_BtnPressedFlyby</PressedFlyby>
    </ButtonDrawTemplate>
  </Button>
  <Button item="PIW_TauntButton">
    <ScreenID>TauntButton</ScreenID>
    <!--<Font>3</Font>-->
    <RelativePosition>true</RelativePosition>
    <Location>
      <X>64</X>
      <Y>28</Y>
    </Location>
    <Size>
      <CX>57</CX>
      <CY>20</CY>
    </Size>
    <Style_VScroll>false</Style_VScroll>
    <Style_HScroll>false</Style_HScroll>
    <Style_Transparent>false</Style_Transparent>
    <TooltipReference>Pet Taunt</TooltipReference>
    <Style_Checkbox>false</Style_Checkbox>
    <!--<RadioGroup/>-->
    <Text>Taunt</Text>
    <TextColor>
      <R>255</R>
      <G>255</G>
      <B>255</B>
    </TextColor>
    <ButtonDrawTemplate>
      <Normal>A_BtnNormal</Normal>
      <Pressed>A_BtnPressed</Pressed>
      <Flyby>A_BtnFlyby</Flyby>
      <Disabled>A_BtnDisabled</Disabled>
      <PressedFlyby>A_BtnPressedFlyby</PressedFlyby>
    </ButtonDrawTemplate>
  </Button>
  <Button item="PIW_GuardButton">
    <ScreenID>GuardButton</ScreenID>
    <!--<Font>3</Font>-->
    <RelativePosition>true</RelativePosition>
    <Location>
      <X>64</X>
      <Y>50</Y>
    </Location>
    <Size>
      <CX>57</CX>
      <CY>40</CY>
    </Size>
    <Style_VScroll>false</Style_VScroll>
    <Style_HScroll>false</Style_HScroll>
    <Style_Transparent>false</Style_Transparent>
    <TooltipReference>Pet Guard Here</TooltipReference>
    <Style_Checkbox>false</Style_Checkbox>
    <!--<RadioGroup/>-->
    <Text>Guard</Text>
    <TextColor>
      <R>255</R>
      <G>255</G>
      <B>255</B>
    </TextColor>
    <ButtonDrawTemplate>
      <Normal>A_BtnNormal</Normal>
      <Pressed>A_BtnPressed</Pressed>
      <Flyby>A_BtnFlyby</Flyby>
      <Disabled>A_BtnDisabled</Disabled>
      <PressedFlyby>A_BtnPressedFlyby</PressedFlyby>
    </ButtonDrawTemplate>
  </Button>
   	<Button item = "PIW_SitButton">
		<ScreenID>SitButton</ScreenID>
		<!--<Font>3</Font>-->
		<RelativePosition>true</RelativePosition>
		<Location>
			<X>7</X>
			<Y>146</Y>
		</Location>
		<Size>
			<CX>114</CX>
			<CY>23</CY>
		</Size>
		<Style_VScroll>false</Style_VScroll>
		<Style_HScroll>false</Style_HScroll>
		<Style_Transparent>false</Style_Transparent>
		<TooltipReference>Pet Sit Down</TooltipReference>
		<Style_Checkbox>false</Style_Checkbox>
		<!--<RadioGroup/>-->
		<Text>Sit</Text>
		<TextColor>
				<R>255</R>
				<G>255</G>
				<B>255</B>
		</TextColor>
		<ButtonDrawTemplate>
			<Normal>A_BtnNormal</Normal>
			<Pressed>A_BtnPressed</Pressed>
			<Flyby>A_BtnFlyby</Flyby>
			<Disabled>A_BtnDisabled</Disabled>
			<PressedFlyby>A_BtnPressedFlyby</PressedFlyby>
		</ButtonDrawTemplate>
	</Button>
    <!-- Removed for being blank
  <Button item="PIW_StandButton">
    <ScreenID>StandButton</ScreenID>
    </Button> -->
  <Button item="PIW_BackButton">
    <ScreenID>BackButton</ScreenID>
    <!--<Font>3</Font>-->
    <RelativePosition>true</RelativePosition>
    <Location>
      <X>7</X>
      <Y>50</Y>
    </Location>
    <Size>
      <CX>57</CX>
      <CY>40</CY>
    </Size>
    <Style_VScroll>false</Style_VScroll>
    <Style_HScroll>false</Style_HScroll>
    <Style_Transparent>false</Style_Transparent>
    <TooltipReference>Pet Back Off</TooltipReference>
    <Style_Checkbox>false</Style_Checkbox>
    <!--<RadioGroup/>-->
    <Text>Back</Text>
    <TextColor>
      <R>255</R>
      <G>255</G>
      <B>255</B>
    </TextColor>
    <ButtonDrawTemplate>
      <Normal>A_BtnNormal</Normal>
      <Pressed>A_BtnPressed</Pressed>
      <Flyby>A_BtnFlyby</Flyby>
      <Disabled>A_BtnDisabled</Disabled>
      <PressedFlyby>A_BtnPressedFlyby</PressedFlyby>
    </ButtonDrawTemplate>
  </Button>
  <Button item="PIW_LostButton">
    <ScreenID>LostButton</ScreenID>
  </Button>
  <!-- IS_PRIMARY		13 -->
  <InvSlot item="InvSlotPrimary">
    <ScreenID>InvSlotPrimary</ScreenID>
    <!--<Font>3</Font>-->
    <RelativePosition>true</RelativePosition>
    <Location>
      <X>7</X>
      <Y>115</Y>
    </Location>
    <Size>
      <CX>30</CX>
      <CY>30</CY>
    </Size>
    <Background>A_InvPrimary</Background>
    <EQType>13</EQType>
    <Style_VScroll>false</Style_VScroll>
    <Style_HScroll>false</Style_HScroll>
    <Style_Transparent>true</Style_Transparent>
    <!--<TooltipReference/>-->
  </InvSlot>
  <!-- IS_SECONDARY	14 -->
  <InvSlot item="InvSlotSecondary">
    <ScreenID>InvSlotSecondary</ScreenID>
    <!--<Font>3</Font>-->
    <RelativePosition>true</RelativePosition>
    <Location>
      <X>39</X>
      <Y>115</Y>
    </Location>
    <Size>
      <CX>30</CX>
      <CY>30</CY>
    </Size>
    <Background>A_InvSecondary</Background>
    <EQType>14</EQType>
    <Style_VScroll>false</Style_VScroll>
    <Style_HScroll>false</Style_HScroll>
    <Style_Transparent>true</Style_Transparent>
    <!--<TooltipReference/>-->
  </InvSlot>
  <!-- IS_RANGE		11 -->
  <InvSlot item="InvSlotRange">
    <ScreenID>InvSlotRange</ScreenID>
    <!--<Font>3</Font>-->
    <RelativePosition>true</RelativePosition>
    <Location>
      <X>71</X>
      <Y>115</Y>
    </Location>
    <Size>
      <CX>30</CX>
      <CY>30</CY>
    </Size>
    <Background>A_InvRange</Background>
    <EQType>11</EQType>
    <Style_VScroll>false</Style_VScroll>
    <Style_HScroll>false</Style_HScroll>
    <Style_Transparent>true</Style_Transparent>
    <!--<TooltipReference/>-->
  </InvSlot>
  <!-- IS_AMMO	21-->
  <InvSlot item="InvSlotAmmo">
    <ScreenID>InvSlotAmmo</ScreenID>
    <!--<Font>3</Font>-->
    <RelativePosition>true</RelativePosition>
    <Location>
      <X>103</X>
      <Y>115</Y>
    </Location>
    <Size>
      <CX>30</CX>
      <CY>30</CY>
    </Size>
    <Background>A_InvAmmo</Background>
    <EQType>21</EQType>
    <Style_VScroll>false</Style_VScroll>
    <Style_HScroll>false</Style_HScroll>
    <Style_Transparent>true</Style_Transparent>
    <!--<TooltipReference/>-->
  </InvSlot>
  <Gauge item="PIW_PetHPGauge">
    <ScreenID>PetHPGauge</ScreenID>
    <!--<Font>3</Font>-->
    <RelativePosition>true</RelativePosition>
    <Location>
      <X>6</X>
      <Y>3</Y>
    </Location>
    <Size>
      <CX>108</CX>
      <CY>24</CY>
    </Size>
    <GaugeOffsetY>16</GaugeOffsetY>
    <Text>No Pet</Text>
    <TextOffsetY>0</TextOffsetY>
    <TextOffsetX>5</TextOffsetX>
    <TextColor>
      <R>240</R>
      <G>240</G>
      <B>240</B>
    </TextColor>
    <Style_VScroll>false</Style_VScroll>
    <Style_HScroll>false</Style_HScroll>
    <Style_Transparent>false</Style_Transparent>
    <!--<TooltipReference/>-->
    <FillTint>
      <R>0</R>
      <G>240</G>
      <B>0</B>
    </FillTint>
    <LinesFillTint>
      <R>0</R>
      <G>0</G>
      <B>0</B>
    </LinesFillTint>
    <DrawLinesFill>false</DrawLinesFill>
    <EQType>16</EQType>
    <GaugeDrawTemplate>
      <Background>A_GaugeBackground</Background>
      <Fill>A_GaugeFill</Fill>
      <Lines>A_GaugeLines</Lines>
      <LinesFill>A_GaugeLinesFill</LinesFill>
      <EndCapLeft>A_GaugeEndCapLeft</EndCapLeft>
      <EndCapRight>A_GaugeEndCapRight</EndCapRight>
    </GaugeDrawTemplate>
    <Font>2</Font>
  </Gauge>
  <Page item="PetPage">
    <ScreenID>petpage</ScreenID>
    <!--<Font>3</Font>-->
    <RelativePosition>true</RelativePosition>
    <Style_VScroll>false</Style_VScroll>
    <Style_HScroll>false</Style_HScroll>
    <Style_Transparent>false</Style_Transparent>
    <TooltipReference>Pet Page</TooltipReference>
    <DrawTemplate>WDT_Def</DrawTemplate>
    <TabText>Pet</TabText>
    <TabTextColor>
      <R>255</R>
      <G>255</G>
      <B>255</B>
    </TabTextColor>
    <TabTextActiveColor>
      <R>255</R>
      <G>255</G>
      <B>0</B>
    </TabTextActiveColor>
    <Pieces>InvSlotPrimary</Pieces>
    <Pieces>InvSlotSecondary</Pieces>
    <Pieces>InvSlotRange</Pieces>
    <Pieces>InvSlotAmmo</Pieces>
    <Pieces>PIW_AttackButton</Pieces>
    <Pieces>PIW_LostButton</Pieces>
    <Pieces>PIW_BackButton</Pieces>
    <Pieces>PIW_GuardButton</Pieces>
    <Pieces>PIW_FollowButton</Pieces>
    <Pieces>PIW_TauntButton</Pieces>
    <Pieces>PIW_SitButton</Pieces>
    <Pieces>PIW_PetHPGauge</Pieces>
    <!--
    <Pieces>PIW_StandButton</Pieces> -->
    <Location>
      <X>0</X>
      <Y>22</Y>
    </Location>
    <Size>
      <CX>122</CX>
      <CY>139</CY>
    </Size>
    <Pieces>CopyOfPlayer_Pet_HP_P</Pieces>
    <Pieces>CopyOfPercent_L</Pieces>
  </Page>
  <!-- NUMBER 100  over Pet Health main tab -->
  <!-- This goes before the one in Line 1650+-->
  <Label item="CopyOfPlayer_Pet_HP_P">
    <ScreenID>Player_Pet_HP_P</ScreenID>
    <EQType>69</EQType>
    <!--<Font>3</Font>-->
    <RelativePosition>true</RelativePosition>
    <Location>
      <X>44</X>
      <Y>3</Y>
    </Location>
    <Size>
      <CX>28</CX>
      <CY>14</CY>
    </Size>
    <Text>0</Text>
    <TextColor>
      <R>240</R>
      <G>240</G>
      <B>240</B>
    </TextColor>
    <NoWrap>true</NoWrap>
    <AlignCenter>false</AlignCenter>
    <AlignRight>true</AlignRight>
    <AlignLeft>false</AlignLeft>
  </Label>
  <!--Inventory Abilities Page -->
  <!-- IS_L_EAR		1 -->
  <InvSlot item="Inv_Slot1">
    <ScreenID>InvSlot1</ScreenID>
    <!--<Font>3</Font>-->
    <RelativePosition>true</RelativePosition>
    <Location>
      <X>10</X>
      <Y>0</Y>
    </Location>
    <Size>
      <CX>25</CX>
      <CY>25</CY>
    </Size>
    <Background>A_InvEar</Background>
    <EQType>1</EQType>
    <Style_VScroll>false</Style_VScroll>
    <Style_HScroll>false</Style_HScroll>
    <Style_Transparent>false</Style_Transparent>
    <!--<TooltipReference/>-->
  </InvSlot>
  <!-- IS_HEAD		2 -->
  <InvSlot item="Inv_Slot2">
    <ScreenID>InvSlot2</ScreenID>
    <!--<Font>3</Font>-->
    <RelativePosition>true</RelativePosition>
    <Location>
      <X>38</X>
      <Y>0</Y>
    </Location>
    <Size>
      <CX>25</CX>
      <CY>25</CY>
    </Size>
    <Background>A_InvHead</Background>
    <EQType>2</EQType>
    <Style_VScroll>false</Style_VScroll>
    <Style_HScroll>false</Style_HScroll>
    <Style_Transparent>false</Style_Transparent>
    <!--<TooltipReference/>-->
  </InvSlot>
  <!-- IS_FACE		3 -->
  <InvSlot item="Inv_Slot3">
    <ScreenID>InvSlot3</ScreenID>
    <!--<Font>3</Font>-->
    <RelativePosition>true</RelativePosition>
    <Location>
      <X>66</X>
      <Y>0</Y>
    </Location>
    <Size>
      <CX>25</CX>
      <CY>25</CY>
    </Size>
    <Background>A_InvFace</Background>
    <EQType>3</EQType>
    <Style_VScroll>false</Style_VScroll>
    <Style_HScroll>false</Style_HScroll>
    <Style_Transparent>false</Style_Transparent>
    <!--<TooltipReference/>-->
  </InvSlot>
  <!-- IS_R_EAR		4 -->
  <InvSlot item="Inv_Slot4">
    <ScreenID>InvSlot4</ScreenID>
    <!--<Font>3</Font>-->
    <RelativePosition>true</RelativePosition>
    <Location>
      <X>94</X>
      <Y>0</Y>
    </Location>
    <Size>
      <CX>25</CX>
      <CY>25</CY>
    </Size>
    <Background>A_InvEar</Background>
    <EQType>4</EQType>
    <Style_VScroll>false</Style_VScroll>
    <Style_HScroll>false</Style_HScroll>
    <Style_Transparent>false</Style_Transparent>
    <!--<TooltipReference/>-->
  </InvSlot>
  <!-- IS_NECK		5 -->
  <InvSlot item="Inv_Slot5">
    <ScreenID>InvSlot5</ScreenID>
    <!--<Font>3</Font>-->
    <RelativePosition>true</RelativePosition>
    <Location>
      <X>38</X>
      <Y>28</Y>
    </Location>
    <Size>
      <CX>25</CX>
      <CY>25</CY>
    </Size>
    <Background>A_InvNeck</Background>
    <EQType>5</EQType>
    <Style_VScroll>false</Style_VScroll>
    <Style_HScroll>false</Style_HScroll>
    <Style_Transparent>false</Style_Transparent>
    <!--<TooltipReference/>-->
  </InvSlot>
  <!-- IS_SHOULDERS	6 -->
  <InvSlot item="Inv_Slot6">
    <ScreenID>InvSlot6</ScreenID>
    <!--<Font>3</Font>-->
    <RelativePosition>true</RelativePosition>
    <Location>
      <X>10</X>
      <Y>28</Y>
    </Location>
    <Size>
      <CX>25</CX>
      <CY>25</CY>
    </Size>
    <Background>A_InvShoulders</Background>
    <EQType>6</EQType>
    <Style_VScroll>false</Style_VScroll>
    <Style_HScroll>false</Style_HScroll>
    <Style_Transparent>false</Style_Transparent>
    <!--<TooltipReference/>-->
  </InvSlot>
  <!-- IS_ARMS		7 -->
  <InvSlot item="Inv_Slot7">
    <ScreenID>InvSlot7</ScreenID>
    <!--<Font>3</Font>-->
    <RelativePosition>true</RelativePosition>
    <Location>
      <X>66</X>
      <Y>28</Y>
    </Location>
    <Size>
      <CX>25</CX>
      <CY>25</CY>
    </Size>
    <Background>A_InvArms</Background>
    <EQType>7</EQType>
    <Style_VScroll>false</Style_VScroll>
    <Style_HScroll>false</Style_HScroll>
    <Style_Transparent>false</Style_Transparent>
    <!--<TooltipReference/>-->
  </InvSlot>
  <!-- IS_ABOUT_BODY	8 -->
  <InvSlot item="Inv_Slot8">
    <ScreenID>InvSlot8</ScreenID>
    <!--<Font>3</Font>-->
    <RelativePosition>true</RelativePosition>
    <Location>
      <X>94</X>
      <Y>28</Y>
    </Location>
    <Size>
      <CX>25</CX>
      <CY>25</CY>
    </Size>
    <Background>A_InvAboutBody</Background>
    <EQType>8</EQType>
    <Style_VScroll>false</Style_VScroll>
    <Style_HScroll>false</Style_HScroll>
    <Style_Transparent>false</Style_Transparent>
    <!--<TooltipReference/>-->
  </InvSlot>
  <!-- IS_L_WRIST		9 -->
  <InvSlot item="Inv_Slot9">
    <ScreenID>InvSlot9</ScreenID>
    <!--<Font>3</Font>-->
    <RelativePosition>true</RelativePosition>
    <Location>
      <X>38</X>
      <Y>56</Y>
    </Location>
    <Size>
      <CX>25</CX>
      <CY>25</CY>
    </Size>
    <Background>A_InvWrist</Background>
    <EQType>9</EQType>
    <Style_VScroll>false</Style_VScroll>
    <Style_HScroll>false</Style_HScroll>
    <Style_Transparent>false</Style_Transparent>
    <!--<TooltipReference/>-->
  </InvSlot>
  <!-- IS_R_WRIST		10 -->
  <InvSlot item="Inv_Slot10">
    <ScreenID>InvSlot10</ScreenID>
    <!--<Font>3</Font>-->
    <RelativePosition>true</RelativePosition>
    <Location>
      <X>66</X>
      <Y>56</Y>
    </Location>
    <Size>
      <CX>25</CX>
      <CY>25</CY>
    </Size>
    <Background>A_InvWrist</Background>
    <EQType>10</EQType>
    <Style_VScroll>false</Style_VScroll>
    <Style_HScroll>false</Style_HScroll>
    <Style_Transparent>false</Style_Transparent>
    <!--<TooltipReference/>-->
  </InvSlot>
  <!-- IS_L_FINGERS	15 -->
  <InvSlot item="Inv_Slot15">
    <ScreenID>InvSlot15</ScreenID>
    <!--<Font>3</Font>-->
    <RelativePosition>true</RelativePosition>
    <Location>
      <X>10</X>
      <Y>56</Y>
    </Location>
    <Size>
      <CX>25</CX>
      <CY>25</CY>
    </Size>
    <Background>A_InvRing</Background>
    <EQType>15</EQType>
    <Style_VScroll>false</Style_VScroll>
    <Style_HScroll>false</Style_HScroll>
    <Style_Transparent>false</Style_Transparent>
    <!--<TooltipReference/>-->
  </InvSlot>
  <!-- IS_R_FINGERS	16 -->
  <InvSlot item="Inv_Slot16">
    <ScreenID>InvSlot16</ScreenID>
    <!--<Font>3</Font>-->
    <RelativePosition>true</RelativePosition>
    <Location>
      <X>94</X>
      <Y>56</Y>
    </Location>
    <Size>
      <CX>25</CX>
      <CY>25</CY>
    </Size>
    <Background>A_InvRing</Background>
    <EQType>16</EQType>
    <Style_VScroll>false</Style_VScroll>
    <Style_HScroll>false</Style_HScroll>
    <Style_Transparent>false</Style_Transparent>
    <!--<TooltipReference/>-->
  </InvSlot>
  <!-- IS_CHEST		17 -->
  <InvSlot item="Inv_Slot17">
    <ScreenID>InvSlot17</ScreenID>
    <!--<Font>3</Font>-->
    <RelativePosition>true</RelativePosition>
    <Location>
      <X>38</X>
      <Y>84</Y>
    </Location>
    <Size>
      <CX>25</CX>
      <CY>25</CY>
    </Size>
    <Background>A_InvChest</Background>
    <EQType>17</EQType>
    <Style_VScroll>false</Style_VScroll>
    <Style_HScroll>false</Style_HScroll>
    <Style_Transparent>false</Style_Transparent>
    <!--<TooltipReference/>-->
  </InvSlot>
  <!-- IS_LEGS		18 -->
  <InvSlot item="Inv_Slot18">
    <ScreenID>InvSlot18</ScreenID>
    <!--<Font>3</Font>-->
    <RelativePosition>true</RelativePosition>
    <Location>
      <X>94</X>
      <Y>84</Y>
    </Location>
    <Size>
      <CX>25</CX>
      <CY>25</CY>
    </Size>
    <Background>A_InvLegs</Background>
    <EQType>18</EQType>
    <Style_VScroll>false</Style_VScroll>
    <Style_HScroll>false</Style_HScroll>
    <Style_Transparent>false</Style_Transparent>
    <!--<TooltipReference/>-->
  </InvSlot>
  <!-- IS_HANDS		12 -->
  <InvSlot item="Inv_Slot12">
    <ScreenID>InvSlot12</ScreenID>
    <!--<Font>3</Font>-->
    <RelativePosition>true</RelativePosition>
    <Location>
      <X>10</X>
      <Y>84</Y>
    </Location>
    <Size>
      <CX>25</CX>
      <CY>25</CY>
    </Size>
    <Background>A_InvHands</Background>
    <EQType>12</EQType>
    <Style_VScroll>false</Style_VScroll>
    <Style_HScroll>false</Style_HScroll>
    <Style_Transparent>false</Style_Transparent>
    <!--<TooltipReference/>-->
  </InvSlot>
  <!-- IS_FEET		19 -->
  <InvSlot item="Inv_Slot19">
    <ScreenID>InvSlot19</ScreenID>
    <!--<Font>3</Font>-->
    <RelativePosition>true</RelativePosition>
    <Location>
      <X>94</X>
      <Y>112</Y>
    </Location>
    <Size>
      <CX>25</CX>
      <CY>25</CY>
    </Size>
    <Background>A_InvFeet</Background>
    <EQType>19</EQType>
    <Style_VScroll>false</Style_VScroll>
    <Style_HScroll>false</Style_HScroll>
    <Style_Transparent>false</Style_Transparent>
    <!--<TooltipReference/>-->
  </InvSlot>
  <!-- IS_WAIST		20 -->
  <InvSlot item="Inv_Slot20">
    <ScreenID>InvSlot20</ScreenID>
    <!--<Font>3</Font>-->
    <RelativePosition>true</RelativePosition>
    <Location>
      <X>66</X>
      <Y>84</Y>
    </Location>
    <Size>
      <CX>25</CX>
      <CY>25</CY>
    </Size>
    <Background>A_InvWaist</Background>
    <EQType>20</EQType>
    <Style_VScroll>false</Style_VScroll>
    <Style_HScroll>false</Style_HScroll>
    <Style_Transparent>false</Style_Transparent>
    <!--<TooltipReference/>-->
  </InvSlot>
  <!-- Name of Player in Second Tab -Brujo  -->
  <Label item="Player_NamePet">
    <ScreenID>PlayerNamePet</ScreenID>
    <EQType>1</EQType>
    <Font>3</Font>
    <RelativePosition>true</RelativePosition>
    <Location>
      <X>2</X>
      <Y>112</Y>
    </Location>
    <Size>
      <CX>87</CX>
      <CY>14</CY>
    </Size>
    <Text>0</Text>
    <TextColor>
      <R>255</R>
      <G>255</G>
      <B>0</B>
      <Alpha>255</Alpha>
    </TextColor>
    <NoWrap>true</NoWrap>
    <AlignCenter>false</AlignCenter>
    <AlignRight>false</AlignRight>
    <AlignLeft>true</AlignLeft>
  </Label>
  <Label item="Player_LastNamePet">
    <ScreenID>PlayerNamePet</ScreenID>
    <EQType>73</EQType>
    <Font>2</Font>
    <RelativePosition>true</RelativePosition>
    <Location>
      <X>1</X>
      <Y>12</Y>
    </Location>
    <Size>
      <CX>100</CX>
      <CY>14</CY>
    </Size>
    <Text>0</Text>
    <TextColor>
      <R>255</R>
      <G>255</G>
      <B>0</B>
      <Alpha>255</Alpha>
    </TextColor>
    <NoWrap>true</NoWrap>
    <AlignCenter>false</AlignCenter>
    <AlignRight>false</AlignRight>
    <AlignLeft>true</AlignLeft>
  </Label>
  <Label item="Player_LevelPet">
    <ScreenID>PlayerLevelPet</ScreenID>
    <EQType>2</EQType>
    <Font>2</Font>
    <RelativePosition>true</RelativePosition>
    <Location>
      <X>0</X>
      <Y>125</Y>
    </Location>
    <Size>
      <CX>20</CX>
      <CY>14</CY>
    </Size>
    <Text>0</Text>
    <TextColor>
      <R>0</R>
      <G>255</G>
      <B>255</B>
      <Alpha>255</Alpha>
    </TextColor>
    <NoWrap>true</NoWrap>
    <AlignCenter>true</AlignCenter>
    <AlignRight>false</AlignRight>
    <AlignLeft>false</AlignLeft>
  </Label>
  <Label item="Player_ClassPet">
    <ScreenID>PlayerClassPet</ScreenID>
    <EQType>3</EQType>
    <Font>2</Font>
    <RelativePosition>true</RelativePosition>
    <Location>
      <X>19</X>
      <Y>125</Y>
    </Location>
    <Size>
      <CX>69</CX>
      <CY>14</CY>
    </Size>
    <Text>0</Text>
    <TextColor>
      <R>255</R>
      <G>255</G>
      <B>0</B>
      <Alpha>255</Alpha>
    </TextColor>
    <NoWrap>true</NoWrap>
    <AlignCenter>false</AlignCenter>
    <AlignRight>false</AlignRight>
    <AlignLeft>true</AlignLeft>
  </Label>
  <Label item="Player_DietyPet">
    <ScreenID>PlayerDietyPet</ScreenID>
    <EQType>4</EQType>
    <Font>2</Font>
    <RelativePosition>true</RelativePosition>
    <Location>
      <X>1</X>
      <Y>35</Y>
    </Location>
    <Size>
      <CX>100</CX>
      <CY>14</CY>
    </Size>
    <Text>0</Text>
    <TextColor>
      <R>255</R>
      <G>255</G>
      <B>255</B>
    </TextColor>
    <NoWrap>true</NoWrap>
    <AlignCenter>false</AlignCenter>
    <AlignRight>false</AlignRight>
    <AlignLeft>true</AlignLeft>
  </Label>
  <Label item="Player_STRPet">
    <Font>2</Font>
    <RelativePosition>true</RelativePosition>
    <Location>
      <X>5</X>
      <Y>48</Y>
    </Location>
    <Size>
      <CX>21</CX>
      <CY>14</CY>
    </Size>
    <Text>STR</Text>
    <TextColor>
      <R>0</R>
      <G>255</G>
      <B>255</B>
      <Alpha>255</Alpha>
    </TextColor>
    <NoWrap>true</NoWrap>
    <AlignCenter>false</AlignCenter>
    <AlignRight>false</AlignRight>
    <AlignLeft>true</AlignLeft>
  </Label>
  <Label item="Player_STAPet">
    <Font>2</Font>
    <RelativePosition>true</RelativePosition>
    <Location>
      <X>5</X>
      <Y>59</Y>
    </Location>
    <Size>
      <CX>22</CX>
      <CY>14</CY>
    </Size>
    <Text>STA</Text>
    <TextColor>
      <R>0</R>
      <G>255</G>
      <B>255</B>
      <Alpha>255</Alpha>
    </TextColor>
    <NoWrap>true</NoWrap>
    <AlignCenter>false</AlignCenter>
    <AlignRight>false</AlignRight>
    <AlignLeft>true</AlignLeft>
  </Label>
  <Label item="Player_AGIPet">
    <Font>2</Font>
    <RelativePosition>true</RelativePosition>
    <Location>
      <X>5</X>
      <Y>70</Y>
    </Location>
    <Size>
      <CX>20</CX>
      <CY>14</CY>
    </Size>
    <Text>AGI</Text>
    <TextColor>
      <R>0</R>
      <G>255</G>
      <B>255</B>
      <Alpha>255</Alpha>
    </TextColor>
    <NoWrap>true</NoWrap>
    <AlignCenter>false</AlignCenter>
    <AlignRight>false</AlignRight>
    <AlignLeft>true</AlignLeft>
  </Label>
  <Label item="Player_DEXPet">
    <Font>2</Font>
    <RelativePosition>true</RelativePosition>
    <Location>
      <X>5</X>
      <Y>81</Y>
    </Location>
    <Size>
      <CX>23</CX>
      <CY>14</CY>
    </Size>
    <Text>DEX</Text>
    <TextColor>
      <R>0</R>
      <G>255</G>
      <B>255</B>
      <Alpha>255</Alpha>
    </TextColor>
    <NoWrap>true</NoWrap>
    <AlignCenter>false</AlignCenter>
    <AlignRight>false</AlignRight>
    <AlignLeft>true</AlignLeft>
  </Label>
  <Label item="Player_WISPet">
    <Font>2</Font>
    <RelativePosition>true</RelativePosition>
    <Location>
      <X>5</X>
      <Y>92</Y>
    </Location>
    <Size>
      <CX>20</CX>
      <CY>14</CY>
    </Size>
    <Text>WIS</Text>
    <TextColor>
      <R>0</R>
      <G>255</G>
      <B>255</B>
      <Alpha>255</Alpha>
    </TextColor>
    <NoWrap>true</NoWrap>
    <AlignCenter>false</AlignCenter>
    <AlignRight>false</AlignRight>
    <AlignLeft>true</AlignLeft>
  </Label>
  <Label item="Player_INTPet">
    <Font>2</Font>
    <RelativePosition>true</RelativePosition>
    <Location>
      <X>5</X>
      <Y>103</Y>
    </Location>
    <Size>
      <CX>20</CX>
      <CY>14</CY>
    </Size>
    <Text>INT</Text>
    <TextColor>
      <R>0</R>
      <G>255</G>
      <B>255</B>
      <Alpha>255</Alpha>
    </TextColor>
    <NoWrap>true</NoWrap>
    <AlignCenter>false</AlignCenter>
    <AlignRight>false</AlignRight>
    <AlignLeft>true</AlignLeft>
  </Label>
  <Label item="Player_CHAPet">
    <Font>2</Font>
    <RelativePosition>true</RelativePosition>
    <Location>
      <X>5</X>
      <Y>114</Y>
    </Location>
    <Size>
      <CX>27</CX>
      <CY>14</CY>
    </Size>
    <Text>CHA</Text>
    <TextColor>
      <R>0</R>
      <G>255</G>
      <B>255</B>
      <Alpha>255</Alpha>
    </TextColor>
    <NoWrap>true</NoWrap>
    <AlignCenter>false</AlignCenter>
    <AlignRight>false</AlignRight>
    <AlignLeft>true</AlignLeft>
  </Label>
  <Label item="Player_STRPetV">
    <EQType>5</EQType>
    <Font>2</Font>
    <RelativePosition>true</RelativePosition>
    <Location>
      <X>27</X>
      <Y>48</Y>
    </Location>
    <Size>
      <CX>30</CX>
      <CY>14</CY>
    </Size>
    <Text>0</Text>
    <TextColor>
      <R>255</R>
      <G>255</G>
      <B>0</B>
      <Alpha>255</Alpha>
    </TextColor>
    <NoWrap>true</NoWrap>
    <AlignCenter>true</AlignCenter>
    <AlignRight>false</AlignRight>
    <AlignLeft>false</AlignLeft>
  </Label>
  <Label item="Player_STAPetV">
    <EQType>6</EQType>
    <Font>2</Font>
    <RelativePosition>true</RelativePosition>
    <Location>
      <X>27</X>
      <Y>59</Y>
    </Location>
    <Size>
      <CX>30</CX>
      <CY>14</CY>
    </Size>
    <Text>0</Text>
    <TextColor>
      <R>255</R>
      <G>255</G>
      <B>0</B>
      <Alpha>255</Alpha>
    </TextColor>
    <NoWrap>true</NoWrap>
    <AlignCenter>true</AlignCenter>
    <AlignRight>false</AlignRight>
    <AlignLeft>false</AlignLeft>
  </Label>
  <Label item="Player_AGIPetV">
    <EQType>8</EQType>
    <Font>2</Font>
    <RelativePosition>true</RelativePosition>
    <Location>
      <X>27</X>
      <Y>70</Y>
    </Location>
    <Size>
      <CX>30</CX>
      <CY>14</CY>
    </Size>
    <Text>0</Text>
    <TextColor>
      <R>255</R>
      <G>255</G>
      <B>0</B>
      <Alpha>255</Alpha>
    </TextColor>
    <NoWrap>true</NoWrap>
    <AlignCenter>true</AlignCenter>
    <AlignRight>false</AlignRight>
    <AlignLeft>false</AlignLeft>
  </Label>
  <Label item="Player_DEXPetV">
    <EQType>7</EQType>
    <Font>2</Font>
    <RelativePosition>true</RelativePosition>
    <Location>
      <X>27</X>
      <Y>81</Y>
    </Location>
    <Size>
      <CX>30</CX>
      <CY>14</CY>
    </Size>
    <Text>0</Text>
    <TextColor>
      <R>255</R>
      <G>255</G>
      <B>0</B>
      <Alpha>255</Alpha>
    </TextColor>
    <NoWrap>true</NoWrap>
    <AlignCenter>true</AlignCenter>
    <AlignRight>false</AlignRight>
    <AlignLeft>false</AlignLeft>
  </Label>
  <Label item="Player_WISPetV">
    <EQType>9</EQType>
    <Font>2</Font>
    <RelativePosition>true</RelativePosition>
    <Location>
      <X>27</X>
      <Y>92</Y>
    </Location>
    <Size>
      <CX>30</CX>
      <CY>14</CY>
    </Size>
    <Text>0</Text>
    <TextColor>
      <R>255</R>
      <G>255</G>
      <B>0</B>
      <Alpha>255</Alpha>
    </TextColor>
    <NoWrap>true</NoWrap>
    <AlignCenter>true</AlignCenter>
    <AlignRight>false</AlignRight>
    <AlignLeft>false</AlignLeft>
  </Label>
  <Label item="Player_INTPetV">
    <EQType>10</EQType>
    <Font>2</Font>
    <RelativePosition>true</RelativePosition>
    <Location>
      <X>27</X>
      <Y>103</Y>
    </Location>
    <Size>
      <CX>30</CX>
      <CY>14</CY>
    </Size>
    <Text>0</Text>
    <TextColor>
      <R>255</R>
      <G>255</G>
      <B>0</B>
      <Alpha>255</Alpha>
    </TextColor>
    <NoWrap>true</NoWrap>
    <AlignCenter>true</AlignCenter>
    <AlignRight>false</AlignRight>
    <AlignLeft>false</AlignLeft>
  </Label>
  <Label item="Player_CHAPetV">
    <EQType>11</EQType>
    <Font>2</Font>
    <RelativePosition>true</RelativePosition>
    <Location>
      <X>27</X>
      <Y>114</Y>
    </Location>
    <Size>
      <CX>30</CX>
      <CY>14</CY>
    </Size>
    <Text>0</Text>
    <TextColor>
      <R>255</R>
      <G>255</G>
      <B>0</B>
      <Alpha>255</Alpha>
    </TextColor>
    <NoWrap>true</NoWrap>
    <AlignCenter>true</AlignCenter>
    <AlignRight>false</AlignRight>
    <AlignLeft>false</AlignLeft>
  </Label>
  <Label item="Player_MRPet">
    <Font>2</Font>
    <RelativePosition>true</RelativePosition>
    <Location>
      <X>60</X>
      <Y>48</Y>
    </Location>
    <Size>
      <CX>20</CX>
      <CY>14</CY>
    </Size>
    <Text>MR</Text>
    <TextColor>
      <R>0</R>
      <G>255</G>
      <B>255</B>
      <Alpha>255</Alpha>
    </TextColor>
    <NoWrap>true</NoWrap>
    <AlignCenter>false</AlignCenter>
    <AlignRight>false</AlignRight>
    <AlignLeft>true</AlignLeft>
  </Label>
  <Label item="Player_FRPet">
    <Font>2</Font>
    <RelativePosition>true</RelativePosition>
    <Location>
      <X>60</X>
      <Y>59</Y>
    </Location>
    <Size>
      <CX>20</CX>
      <CY>14</CY>
    </Size>
    <Text>FR</Text>
    <TextColor>
      <R>0</R>
      <G>255</G>
      <B>255</B>
      <Alpha>255</Alpha>
    </TextColor>
    <NoWrap>true</NoWrap>
    <AlignCenter>false</AlignCenter>
    <AlignRight>false</AlignRight>
    <AlignLeft>true</AlignLeft>
  </Label>
  <Label item="Player_CRPet">
    <Font>2</Font>
    <RelativePosition>true</RelativePosition>
    <Location>
      <X>60</X>
      <Y>70</Y>
    </Location>
    <Size>
      <CX>20</CX>
      <CY>14</CY>
    </Size>
    <Text>CR</Text>
    <TextColor>
      <R>0</R>
      <G>255</G>
      <B>255</B>
      <Alpha>255</Alpha>
    </TextColor>
    <NoWrap>true</NoWrap>
    <AlignCenter>false</AlignCenter>
    <AlignRight>false</AlignRight>
    <AlignLeft>true</AlignLeft>
  </Label>
  <Label item="Player_PRPet">
    <Font>2</Font>
    <RelativePosition>true</RelativePosition>
    <Location>
      <X>60</X>
      <Y>81</Y>
    </Location>
    <Size>
      <CX>20</CX>
      <CY>14</CY>
    </Size>
    <Text>PR</Text>
    <TextColor>
      <R>0</R>
      <G>255</G>
      <B>255</B>
      <Alpha>255</Alpha>
    </TextColor>
    <NoWrap>true</NoWrap>
    <AlignCenter>false</AlignCenter>
    <AlignRight>false</AlignRight>
    <AlignLeft>true</AlignLeft>
  </Label>
  <Label item="Player_DRPet">
    <Font>2</Font>
    <RelativePosition>true</RelativePosition>
    <Location>
      <X>60</X>
      <Y>92</Y>
    </Location>
    <Size>
      <CX>20</CX>
      <CY>14</CY>
    </Size>
    <Text>DR</Text>
    <TextColor>
      <R>0</R>
      <G>255</G>
      <B>255</B>
      <Alpha>255</Alpha>
    </TextColor>
    <NoWrap>true</NoWrap>
    <AlignCenter>false</AlignCenter>
    <AlignRight>false</AlignRight>
    <AlignLeft>true</AlignLeft>
  </Label>
  <Label item="Player_MRPetV">
    <EQType>16</EQType>
    <Font>2</Font>
    <RelativePosition>true</RelativePosition>
    <Location>
      <X>75</X>
      <Y>48</Y>
    </Location>
    <Size>
      <CX>30</CX>
      <CY>14</CY>
    </Size>
    <Text>0</Text>
    <TextColor>
      <R>255</R>
      <G>255</G>
      <B>0</B>
      <Alpha>255</Alpha>
    </TextColor>
    <NoWrap>true</NoWrap>
    <AlignCenter>true</AlignCenter>
    <AlignRight>false</AlignRight>
    <AlignLeft>false</AlignLeft>
  </Label>
  <Label item="Player_FRPetV">
    <EQType>14</EQType>
    <Font>2</Font>
    <RelativePosition>true</RelativePosition>
    <Location>
      <X>75</X>
      <Y>59</Y>
    </Location>
    <Size>
      <CX>30</CX>
      <CY>14</CY>
    </Size>
    <Text>0</Text>
    <TextColor>
      <R>255</R>
      <G>255</G>
      <B>0</B>
      <Alpha>255</Alpha>
    </TextColor>
    <NoWrap>true</NoWrap>
    <AlignCenter>true</AlignCenter>
    <AlignRight>false</AlignRight>
    <AlignLeft>false</AlignLeft>
  </Label>
  <Label item="Player_CRPetV">
    <EQType>15</EQType>
    <Font>2</Font>
    <RelativePosition>true</RelativePosition>
    <Location>
      <X>75</X>
      <Y>70</Y>
    </Location>
    <Size>
      <CX>30</CX>
      <CY>14</CY>
    </Size>
    <Text>0</Text>
    <TextColor>
      <R>255</R>
      <G>255</G>
      <B>0</B>
      <Alpha>255</Alpha>
    </TextColor>
    <NoWrap>true</NoWrap>
    <AlignCenter>true</AlignCenter>
    <AlignRight>false</AlignRight>
    <AlignLeft>false</AlignLeft>
  </Label>
  <Label item="Player_PRPetV">
    <EQType>12</EQType>
    <Font>2</Font>
    <RelativePosition>true</RelativePosition>
    <Location>
      <X>75</X>
      <Y>81</Y>
    </Location>
    <Size>
      <CX>30</CX>
      <CY>14</CY>
    </Size>
    <Text>0</Text>
    <TextColor>
      <R>255</R>
      <G>255</G>
      <B>0</B>
      <Alpha>255</Alpha>
    </TextColor>
    <NoWrap>true</NoWrap>
    <AlignCenter>true</AlignCenter>
    <AlignRight>false</AlignRight>
    <AlignLeft>false</AlignLeft>
  </Label>
  <Label item="Player_DRPetV">
    <EQType>13</EQType>
    <Font>2</Font>
    <RelativePosition>true</RelativePosition>
    <Location>
      <X>75</X>
      <Y>92</Y>
    </Location>
    <Size>
      <CX>30</CX>
      <CY>14</CY>
    </Size>
    <Text>0</Text>
    <TextColor>
      <R>255</R>
      <G>255</G>
      <B>0</B>
      <Alpha>255</Alpha>
    </TextColor>
    <NoWrap>true</NoWrap>
    <AlignCenter>true</AlignCenter>
    <AlignRight>false</AlignRight>
    <AlignLeft>false</AlignLeft>
  </Label>
  <Label item="Player_WTCurrentPet">
    <EQType>24</EQType>
    <Font>2</Font>
    <RelativePosition>true</RelativePosition>
    <Location>
      <X>39</X>
      <Y>125</Y>
    </Location>
    <Size>
      <CX>30</CX>
      <CY>14</CY>
    </Size>
    <Text>0</Text>
    <TextColor>
      <R>0</R>
      <G>255</G>
      <B>255</B>
      <Alpha>255</Alpha>
    </TextColor>
    <NoWrap>true</NoWrap>
    <AlignCenter>false</AlignCenter>
    <AlignRight>true</AlignRight>
    <AlignLeft>false</AlignLeft>
  </Label>
  <Label item="Player_WTPet">
    <Font>2</Font>
    <RelativePosition>true</RelativePosition>
    <Location>
      <X>71</X>
      <Y>125</Y>
    </Location>
    <Size>
      <CX>5</CX>
      <CY>14</CY>
    </Size>
    <Text>/</Text>
    <TextColor>
      <R>255</R>
      <G>255</G>
      <B>255</B>
    </TextColor>
    <NoWrap>true</NoWrap>
    <AlignCenter>false</AlignCenter>
    <AlignRight>false</AlignRight>
    <AlignLeft>true</AlignLeft>
  </Label>
  <Label item="Player_WTMaxPet">
    <EQType>25</EQType>
    <Font>2</Font>
    <RelativePosition>true</RelativePosition>
    <Location>
      <X>78</X>
      <Y>125</Y>
    </Location>
    <Size>
      <CX>30</CX>
      <CY>14</CY>
    </Size>
    <Text>0</Text>
    <TextColor>
      <R>255</R>
      <G>255</G>
      <B>0</B>
      <Alpha>255</Alpha>
    </TextColor>
    <NoWrap>true</NoWrap>
    <AlignCenter>false</AlignCenter>
    <AlignRight>false</AlignRight>
    <AlignLeft>true</AlignLeft>
  </Label>
  <Label item="CopyOfCopyOfXP_L">
    <ScreenID>XP_L</ScreenID>
    <Font>2</Font>
    <Text>XP</Text>
    <TextColor>
      <R>255</R>
      <G>255</G>
      <B>255</B>
      <Alpha>255</Alpha>
    </TextColor>
    <Size>
      <CX>20</CX>
      <CY>15</CY>
    </Size>
    <AlignCenter>true</AlignCenter>
    <Location>
      <X>5</X>
      <Y>2</Y>
    </Location>
  </Label>
  <Label item="CopyOfCopyOfPlayer_XP_P">
    <ScreenID>Player_XP_P</ScreenID>
    <EQType>26</EQType>
    <!--<Font>3</Font>-->
    <RelativePosition>true</RelativePosition>
    <Location>
      <X>67</X>
      <Y>2</Y>
    </Location>
    <Size>
      <CX>35</CX>
      <CY>14</CY>
    </Size>
    <Text>0</Text>
    <TextColor>
      <R>255</R>
      <G>255</G>
      <B>0</B>
    </TextColor>
    <NoWrap>true</NoWrap>
    <AlignCenter>false</AlignCenter>
    <AlignRight>true</AlignRight>
    <AlignLeft>false</AlignLeft>
  </Label>
  <!--% Symbol of 3rd tab Player XP-->
  <Label item="CopyOfCopyOfPercent_L">
    <ScreenID>Percent_L</ScreenID>
    <Font>3</Font>
    <Text>%</Text>
    <TextColor>
      <R>255</R>
      <G>255</G>
      <B>0</B>
      <Alpha>255</Alpha>
    </TextColor>
    <Size>
      <CX>15</CX>
      <CY>15</CY>
    </Size>
    <AlignCenter>true</AlignCenter>
    <Location>
      <X>100</X>
      <Y>2</Y>
    </Location>
  </Label>
  <Label item="CopyOfCopyOfCopyOfPercent_L">
    <ScreenID>Percent_L</ScreenID>
    <Font>3</Font>
    <Text>%</Text>
    <TextColor>
      <R>255</R>
      <G>255</G>
      <B>0</B>
      <Alpha>255</Alpha>
    </TextColor>
    <Size>
      <CX>15</CX>
      <CY>15</CY>
    </Size>
    <AlignCenter>true</AlignCenter>
    <Location>
      <X>100</X>
      <Y>27</Y>
    </Location>
  </Label>
  <Gauge item="CopyOfPlayer_XP_G">
    <ScreenID>Player_XP_G</ScreenID>
    <!--<Font>3</Font>-->
    <RelativePosition>true</RelativePosition>
    <Location>
      <X>6</X>
      <Y>16</Y>
    </Location>
    <Size>
      <CX>108</CX>
      <CY>8</CY>
    </Size>
    <GaugeOffsetY>0</GaugeOffsetY>
    <Text />
    <TextOffsetY>0</TextOffsetY>
    <TextOffsetX>0</TextOffsetX>
    <TextColor>
      <R>240</R>
      <G>240</G>
      <B>240</B>
    </TextColor>
    <Style_VScroll>false</Style_VScroll>
    <Style_HScroll>false</Style_HScroll>
    <Style_Transparent>false</Style_Transparent>
    <!--<TooltipReference/>-->
    <FillTint>
      <R>220</R>
      <G>150</G>
      <B>0</B>
    </FillTint>
    <LinesFillTint>
      <R>0</R>
      <G>80</G>
      <B>220</B>
    </LinesFillTint>
    <DrawLinesFill>true</DrawLinesFill>
    <EQType>4</EQType>
    <GaugeDrawTemplate>
      <Background>A_GaugeBackground</Background>
      <Fill>A_GaugeFill</Fill>
      <Lines>A_GaugeLines</Lines>
      <LinesFill>A_GaugeLinesFill</LinesFill>
      <EndCapLeft>A_GaugeEndCapLeft</EndCapLeft>
      <EndCapRight>A_GaugeEndCapRight</EndCapRight>
    </GaugeDrawTemplate>
  </Gauge>
  <Label item="CopyOfCopyOfPlayer_AAXP_P">
    <ScreenID>Player_AAXP_P</ScreenID>
    <EQType>27</EQType>
    <!--<Font>3</Font>-->
    <RelativePosition>true</RelativePosition>
    <Location>
      <X>67</X>
      <Y>27</Y>
    </Location>
    <Size>
      <CX>35</CX>
      <CY>14</CY>
    </Size>
    <Text>0</Text>
    <TextColor>
      <R>255</R>
      <G>255</G>
      <B>0</B>
    </TextColor>
    <NoWrap>true</NoWrap>
    <AlignCenter>false</AlignCenter>
    <AlignRight>true</AlignRight>
    <AlignLeft>false</AlignLeft>
  </Label>
  <!-- % of Pet Life in First Tab , took me 20 minutes finding this omfg, its confusing to find it in line 1650+-->
  <!-- This is why commenting is important alongside proper placement , love to you for reading this -->
  <!-- Hope you have a wonderful day! Love from across time and space by Brujoloco -->
  <!-- This one goes after the Number in line 380 -->
  <Label item="CopyOfPercent_L">
    <ScreenID>Percent_L</ScreenID>
    <Font>3</Font>
    <Text>%</Text>
    <TextColor>
      <R>255</R>
      <G>255</G>
      <B>0</B>
      <Alpha>255</Alpha>
    </TextColor>
    <Size>
      <CX>15</CX>
      <CY>15</CY>
    </Size>
    <AlignCenter>true</AlignCenter>
    <Location>
      <X>72</X>
      <Y>4</Y>
    </Location>
  </Label>
  <Label item="CopyOfCopyOfAAXP_L">
    <ScreenID>AAXP_L</ScreenID>
    <Font>2</Font>
    <Text>AAXP</Text>
    <TextColor>
      <R>255</R>
      <G>255</G>
      <B>255</B>
      <Alpha>255</Alpha>
    </TextColor>
    <Size>
      <CX>37</CX>
      <CY>15</CY>
    </Size>
    <AlignCenter>true</AlignCenter>
    <Location>
      <X>5</X>
      <Y>27</Y>
    </Location>
  </Label>
  <Gauge item="CopyOfPlayer_AAXP_G">
    <ScreenID>Player_AAXP_G</ScreenID>
    <!--<Font>3</Font>-->
    <RelativePosition>true</RelativePosition>
    <Location>
      <X>6</X>
      <Y>41</Y>
    </Location>
    <Size>
      <CX>108</CX>
      <CY>8</CY>
    </Size>
    <GaugeOffsetY>0</GaugeOffsetY>
    <Text />
    <TextOffsetY>0</TextOffsetY>
    <TextOffsetX>0</TextOffsetX>
    <TextColor>
      <R>240</R>
      <G>240</G>
      <B>240</B>
    </TextColor>
    <Style_VScroll>false</Style_VScroll>
    <Style_HScroll>false</Style_HScroll>
    <Style_Transparent>false</Style_Transparent>
    <!--<TooltipReference/>-->
    <FillTint>
      <R>220</R>
      <G>150</G>
      <B>0</B>
    </FillTint>
    <LinesFillTint>
      <R>0</R>
      <G>80</G>
      <B>220</B>
    </LinesFillTint>
    <DrawLinesFill>true</DrawLinesFill>
    <EQType>5</EQType>
    <GaugeDrawTemplate>
      <Background>A_GaugeBackground</Background>
      <Fill>A_GaugeFill</Fill>
      <Lines>A_GaugeLines</Lines>
      <LinesFill>A_GaugeLinesFill</LinesFill>
      <EndCapLeft>A_GaugeEndCapLeft</EndCapLeft>
      <EndCapRight>A_GaugeEndCapRight</EndCapRight>
    </GaugeDrawTemplate>
  </Gauge>
  <Page item="PlayerPage">
    <ScreenID>PlayerPage</ScreenID>
    <!--<Font>3</Font>-->
    <RelativePosition>true</RelativePosition>
    <Style_VScroll>false</Style_VScroll>
    <Style_HScroll>false</Style_HScroll>
    <Style_Transparent>false</Style_Transparent>
    <TooltipReference>Stats Page</TooltipReference>
    <DrawTemplate>WDT_Def</DrawTemplate>
    <TabText>Stats</TabText>
    <TabTextColor>
      <R>255</R>
      <G>255</G>
      <B>255</B>
    </TabTextColor>
    <TabTextActiveColor>
      <R>255</R>
      <G>255</G>
      <B>0</B>
    </TabTextActiveColor>
    <Pieces>Player_STRPet</Pieces>
    <Pieces>Player_STAPet</Pieces>
    <Pieces>Player_AGIPet</Pieces>
    <Pieces>Player_DEXPet</Pieces>
    <Pieces>Player_WISPet</Pieces>
    <Pieces>Player_INTPet</Pieces>
    <Pieces>Player_CHAPet</Pieces>
    <Pieces>Player_STRPetV</Pieces>
    <Pieces>Player_STAPetV</Pieces>
    <Pieces>Player_AGIPetV</Pieces>
    <Pieces>Player_DEXPetV</Pieces>
    <Pieces>Player_WISPetV</Pieces>
    <Pieces>Player_INTPetV</Pieces>
    <Pieces>Player_CHAPetV</Pieces>
    <Pieces>Player_MRPet</Pieces>
    <Pieces>Player_FRPet</Pieces>
    <Pieces>Player_CRPet</Pieces>
    <Pieces>Player_PRPet</Pieces>
    <Pieces>Player_DRPet</Pieces>
    <Pieces>Player_MRPetV</Pieces>
    <Pieces>Player_FRPetV</Pieces>
    <Pieces>Player_CRPetV</Pieces>
    <Pieces>Player_PRPetV</Pieces>
    <Pieces>Player_DRPetV</Pieces>
    <Pieces>Player_WTCurrentPet</Pieces>
    <Pieces>Player_WTMaxPet</Pieces>
    <Pieces>Player_WTPet</Pieces>
    <Location>
      <X>0</X>
      <Y>22</Y>
    </Location>
    <Size>
      <CX>122</CX>
      <CY>139</CY>
    </Size>
    <Pieces>CopyOfCopyOfXP_L</Pieces>
    <Pieces>CopyOfCopyOfAAXP_L</Pieces>
    <Pieces>CopyOfCopyOfPlayer_XP_P</Pieces>
    <Pieces>CopyOfCopyOfPercent_L</Pieces>
    <Pieces>CopyOfCopyOfCopyOfPercent_L</Pieces>
    <Pieces>CopyOfPlayer_XP_G</Pieces>
    <Pieces>CopyOfPlayer_AAXP_G</Pieces>
    <Pieces>CopyOfCopyOfPlayer_AAXP_P</Pieces>
    <Pieces>CopyOfLabel</Pieces>
  </Page>
  <Page item="InventoryPage">
    <ScreenID>InventoryPage</ScreenID>
    <!--<Font>3</Font>-->
    <RelativePosition>true</RelativePosition>
    <Style_VScroll>false</Style_VScroll>
    <Style_HScroll>false</Style_HScroll>
    <Style_Transparent>false</Style_Transparent>
    <TooltipReference>Inventory Page</TooltipReference>
    <DrawTemplate>WDT_Def</DrawTemplate>
    <TabText>Inv</TabText>
    <TabTextColor>
      <R>255</R>
      <G>255</G>
      <B>255</B>
    </TabTextColor>
    <TabTextActiveColor>
      <R>255</R>
      <G>255</G>
      <B>0</B>
    </TabTextActiveColor>
    <Pieces>Inv_Slot12</Pieces>
    <Pieces>Inv_Slot1</Pieces>
    <Pieces>Inv_Slot2</Pieces>
    <Pieces>Inv_Slot3</Pieces>
    <Pieces>Inv_Slot4</Pieces>
    <Pieces>Inv_Slot5</Pieces>
    <Pieces>Inv_Slot6</Pieces>
    <Pieces>Inv_Slot7</Pieces>
    <Pieces>Inv_Slot8</Pieces>
    <Pieces>Inv_Slot9</Pieces>
    <Pieces>Inv_Slot10</Pieces>
    <Pieces>Inv_Slot15</Pieces>
    <Pieces>Inv_Slot16</Pieces>
    <Pieces>Inv_Slot17</Pieces>
    <Pieces>Inv_Slot18</Pieces>
    <Pieces>Inv_Slot19</Pieces>
    <Pieces>Inv_Slot20</Pieces>
    <Location>
      <X>0</X>
      <Y>22</Y>
    </Location>
    <Size>
      <CX>122</CX>
      <CY>139</CY>
    </Size>
    <Pieces>Player_NamePet</Pieces>
    <Pieces>Player_LevelPet</Pieces>
    <Pieces>Player_ClassPet</Pieces>
  </Page>
  <TabBox item="PETW_Subwindows">
    <ScreenID>PETW_Subwindows</ScreenID>
    <!--<Font>3</Font>-->
    <RelativePosition>true</RelativePosition>
    <AutoStretch>true</AutoStretch>
    <TopAnchorToTop>true</TopAnchorToTop>
    <BottomAnchorToTop>false</BottomAnchorToTop>
    <LeftAnchorToLeft>true</LeftAnchorToLeft>
    <RightAnchorToLeft>false</RightAnchorToLeft>
    <TabBorderTemplate>FT_DefTabBorder</TabBorderTemplate>
    <PageBorderTemplate>FT_DefPageBorder</PageBorderTemplate>
    <Pages>PetPage</Pages>
    <Pages>InventoryPage</Pages>
    <Pages>PlayerPage</Pages>
    <LeftAnchorOffset>1</LeftAnchorOffset>
    <RightAnchorOffset>0</RightAnchorOffset>
    <TopAnchorOffset>0</TopAnchorOffset>
    <BottomAnchorOffset>0</BottomAnchorOffset>
  </TabBox>
  <Label item="CopyOfLabel">
    <ScreenID>A_Label</ScreenID>
    <Font>2</Font>
    <Text>Weight</Text>
    <TextColor>
      <R>255</R>
      <G>255</G>
      <B>0</B>
      <Alpha>255</Alpha>
    </TextColor>
    <Size>
      <CX>34</CX>
      <CY>13</CY>
    </Size>
    <AlignCenter>true</AlignCenter>
    <Location>
      <X>5</X>
      <Y>125</Y>
    </Location>
  </Label>
  <Screen item="PetInfoWindow">
    <!--<ScreenID/>-->
    <RelativePosition>false</RelativePosition>
    <Location>
      <X>50</X>
      <Y>160</Y>
    </Location>
    <Size>
      <CX>139</CX>
      <CY>200</CY>
    </Size>
    <Style_VScroll>false</Style_VScroll>
    <Style_HScroll>false</Style_HScroll>
    <Style_Transparent>false</Style_Transparent>
    <!--<TooltipReference/>-->
    <Text>Pet Info</Text>
    <DrawTemplate>WDT_Rounded</DrawTemplate>
    <Style_Titlebar>false</Style_Titlebar>
    <Style_Closebox>true</Style_Closebox>
    <Style_Minimizebox>false</Style_Minimizebox>
    <Style_Border>true</Style_Border>
    <Style_Sizable>false</Style_Sizable>
    <Pieces>PETW_Subwindows</Pieces>
  </Screen>
</XML>
