<?xml version="1.0" encoding="us-ascii"?>
<XML ID="EQInterfaceDefinitionLanguage">
  <Schema xmlns="EverQuestData" xmlns:dt="EverQuestDataTypes" />
  <!-- Horizontal Buff Window by: Cairenn of E'ci -->
  <!-- Tweaks and Modifications by: Remelio Gemweaver of Tarew Marr -->
  <!-- Original Translunwrap by Lunakin modified for Project Quarm by Brujoloco -->
  <TextureInfo item="buff.tga">
    <Size>
      <CX>256</CX>
      <CY>256</CY>
    </Size>
  </TextureInfo>
  <Button item="BW_Buff0_Button">
    <ScreenID>Buff0</ScreenID>
    <Font>3</Font>
    <Text />
    <Location>
      <X>2</X>
      <Y>1</Y>
    </Location>
    <Size>
      <CX>100</CX>
      <CY>40</CY>
    </Size>
    <Style_Checkbox>false</Style_Checkbox>
    <ButtonDrawTemplate>
      <Normal>BlueIconBackground</Normal>
      <NormalDecal>BuffIcons</NormalDecal>
    </ButtonDrawTemplate>
    <DecalOffset>
      <X>1</X>
      <Y>1</Y>
    </DecalOffset>
    <DecalSize>
      <CX>38</CX>
      <CY>38</CY>
    </DecalSize>
  </Button>
  <Label item="BW_Buff0_Label">
    <ScreenID>BW_Buff0_Label</ScreenID>
    <Font>2</Font>
    <EQType>45</EQType>
    <Location>
      <X>42</X>
      <Y>0</Y>
    </Location>
    <Size>
      <CX>60</CX>
      <CY>40</CY>
    </Size>
    <TextColor>
      <R>255</R>
      <G>255</G>
      <B>255</B>
    </TextColor>
    <AlignCenter>true</AlignCenter>
    <Text>Speed of Vallon</Text>
    <TopAnchorToTop>false</TopAnchorToTop>
  </Label>
  <Button item="BW_Buff1_Button">
    <ScreenID>Buff1</ScreenID>
    <Font>3</Font>
    <Text />
    <Location>
      <X>2</X>
      <Y>42</Y>
    </Location>
    <Size>
      <CX>100</CX>
      <CY>40</CY>
    </Size>
    <Style_Checkbox>false</Style_Checkbox>
    <ButtonDrawTemplate>
      <Normal>RedIconBackground</Normal>
      <NormalDecal>BuffIcons</NormalDecal>
    </ButtonDrawTemplate>
    <DecalOffset>
      <X>1</X>
      <Y>1</Y>
    </DecalOffset>
    <DecalSize>
      <CX>38</CX>
      <CY>38</CY>
    </DecalSize>
    <TextColor>
      <Alpha>255</Alpha>
    </TextColor>
  </Button>
  <Label item="BW_Buff1_Label">
    <ScreenID>BW_Buff1_Label</ScreenID>
    <Font>2</Font>
    <EQType>46</EQType>
    <Location>
      <X>42</X>
      <Y>41</Y>
    </Location>
    <Size>
      <CX>60</CX>
      <CY>40</CY>
    </Size>
    <Text>Katta's Song of Sword Dancing</Text>
    <TextColor>
      <R>255</R>
      <G>255</G>
      <B>255</B>
      <Alpha>255</Alpha>
    </TextColor>
    <AlignCenter>true</AlignCenter>
  </Label>
  <Button item="BW_Buff2_Button">
    <ScreenID>Buff2</ScreenID>
    <Font>3</Font>
    <Text />
    <Location>
      <X>2</X>
      <Y>83</Y>
    </Location>
    <Size>
      <CX>100</CX>
      <CY>40</CY>
    </Size>
    <Style_Checkbox>false</Style_Checkbox>
    <ButtonDrawTemplate>
      <Normal>RedIconBackground</Normal>
      <NormalDecal>BuffIcons</NormalDecal>
    </ButtonDrawTemplate>
    <DecalOffset>
      <X>1</X>
      <Y>1</Y>
    </DecalOffset>
    <DecalSize>
      <CX>38</CX>
      <CY>38</CY>
    </DecalSize>
  </Button>
  <Label item="BW_Buff2_Label">
    <ScreenID>BW_Buff2_Label</ScreenID>
    <Font>2</Font>
    <EQType>47</EQType>
    <Location>
      <X>42</X>
      <Y>82</Y>
    </Location>
    <Size>
      <CX>60</CX>
      <CY>40</CY>
    </Size>
    <Text>Katta's Song of Sword Dancing</Text>
    <TextColor>
      <R>255</R>
      <G>255</G>
      <B>255</B>
    </TextColor>
    <AlignCenter>true</AlignCenter>
  </Label>
  <Button item="BW_Buff3_Button">
    <ScreenID>Buff3</ScreenID>
    <Font>3</Font>
    <Text />
    <Location>
      <X>2</X>
      <Y>124</Y>
    </Location>
    <Size>
      <CX>100</CX>
      <CY>40</CY>
    </Size>
    <!--<TooltipReference/>   -->
    <Style_Checkbox>false</Style_Checkbox>
    <RadioGroup />
    <ButtonDrawTemplate>
      <Normal>BlueIconBackground</Normal>
      <NormalDecal>BuffIcons</NormalDecal>
    </ButtonDrawTemplate>
    <DecalOffset>
      <X>1</X>
      <Y>1</Y>
    </DecalOffset>
    <DecalSize>
      <CX>38</CX>
      <CY>38</CY>
    </DecalSize>
  </Button>
  <Label item="BW_Buff3_Label">
    <ScreenID>BW_Buff3_Label</ScreenID>
    <Font>2</Font>
    <EQType>48</EQType>
    <Location>
      <X>42</X>
      <Y>123</Y>
    </Location>
    <Size>
      <CX>60</CX>
      <CY>40</CY>
    </Size>
    <Text>Katta's Song of Sword Dancing</Text>
    <TextColor>
      <R>255</R>
      <G>255</G>
      <B>255</B>
    </TextColor>
    <AlignCenter>true</AlignCenter>
  </Label>
  <Button item="BW_Buff4_Button">
    <ScreenID>Buff4</ScreenID>
    <Font>3</Font>
    <Text />
    <Location>
      <X>2</X>
      <Y>165</Y>
    </Location>
    <Size>
      <CX>100</CX>
      <CY>40</CY>
    </Size>
    <TooltipReference />
    <Style_Checkbox>false</Style_Checkbox>
    <ButtonDrawTemplate>
      <Normal>RedIconBackground</Normal>
      <NormalDecal>BuffIcons</NormalDecal>
    </ButtonDrawTemplate>
    <DecalOffset>
      <X>1</X>
      <Y>1</Y>
    </DecalOffset>
    <DecalSize>
      <CX>38</CX>
      <CY>38</CY>
    </DecalSize>
  </Button>
  <Label item="BW_Buff4_Label">
    <ScreenID>BW_Buff4_Label</ScreenID>
    <Font>2</Font>
    <EQType>49</EQType>
    <Location>
      <X>42</X>
      <Y>164</Y>
    </Location>
    <Size>
      <CX>60</CX>
      <CY>40</CY>
    </Size>
    <Text>Katta's Song of Sword Dancing</Text>
    <TextColor>
      <R>255</R>
      <G>255</G>
      <B>255</B>
    </TextColor>
    <AlignCenter>true</AlignCenter>
  </Label>
  <Button item="BW_Buff5_Button">
    <ScreenID>Buff5</ScreenID>
    <Font>3</Font>
    <Text />
    <Location>
      <X>2</X>
      <Y>206</Y>
    </Location>
    <Size>
      <CX>100</CX>
      <CY>40</CY>
    </Size>
    <Style_Checkbox>false</Style_Checkbox>
    <ButtonDrawTemplate>
      <Normal>RedIconBackground</Normal>
      <NormalDecal>BuffIcons</NormalDecal>
    </ButtonDrawTemplate>
    <DecalOffset>
      <X>1</X>
      <Y>1</Y>
    </DecalOffset>
    <DecalSize>
      <CX>38</CX>
      <CY>38</CY>
    </DecalSize>
  </Button>
  <Label item="BW_Buff5_Label">
    <ScreenID>BW_Buff5_Label</ScreenID>
    <Font>2</Font>
    <EQType>50</EQType>
    <Location>
      <X>42</X>
      <Y>205</Y>
    </Location>
    <Size>
      <CX>60</CX>
      <CY>40</CY>
    </Size>
    <Text>Katta's Song of Sword Dancing</Text>
    <TextColor>
      <R>255</R>
      <G>255</G>
      <B>255</B>
    </TextColor>
    <AlignCenter>true</AlignCenter>
  </Label>
  <Button item="BW_Buff6_Button">
    <ScreenID>Buff6</ScreenID>
    <Font>3</Font>
    <Text />
    <Location>
      <X>2</X>
      <Y>247</Y>
    </Location>
    <Size>
      <CX>100</CX>
      <CY>40</CY>
    </Size>
    <TooltipReference />
    <Style_Checkbox>false</Style_Checkbox>
    <ButtonDrawTemplate>
      <Normal>BlueIconBackground</Normal>
      <NormalDecal>BuffIcons</NormalDecal>
    </ButtonDrawTemplate>
    <DecalOffset>
      <X>1</X>
      <Y>1</Y>
    </DecalOffset>
    <DecalSize>
      <CX>38</CX>
      <CY>38</CY>
    </DecalSize>
  </Button>
  <Label item="BW_Buff6_Label">
    <ScreenID>BW_Buff6_Label</ScreenID>
    <Font>2</Font>
    <EQType>51</EQType>
    <Location>
      <X>42</X>
      <Y>246</Y>
    </Location>
    <Size>
      <CX>60</CX>
      <CY>40</CY>
    </Size>
    <Text>Katta's Song of Sword Dancing</Text>
    <TextColor>
      <R>255</R>
      <G>255</G>
      <B>255</B>
    </TextColor>
    <AlignCenter>true</AlignCenter>
  </Label>
  <Button item="BW_Buff7_Button">
    <ScreenID>Buff7</ScreenID>
    <Font>3</Font>
    <Text />
    <Location>
      <X>2</X>
      <Y>288</Y>
    </Location>
    <Size>
      <CX>100</CX>
      <CY>40</CY>
    </Size>
    <Style_Checkbox>false</Style_Checkbox>
    <ButtonDrawTemplate>
      <Normal>RedIconBackground</Normal>
      <NormalDecal>BuffIcons</NormalDecal>
    </ButtonDrawTemplate>
    <DecalOffset>
      <X>1</X>
      <Y>1</Y>
    </DecalOffset>
    <DecalSize>
      <CX>38</CX>
      <CY>38</CY>
    </DecalSize>
  </Button>
  <Label item="BW_Buff7_Label">
    <ScreenID>BW_Buff7_Label</ScreenID>
    <Font>2</Font>
    <EQType>52</EQType>
    <Location>
      <X>42</X>
      <Y>287</Y>
    </Location>
    <Size>
      <CX>60</CX>
      <CY>40</CY>
    </Size>
    <Text>Katta's Song of Sword Dancing</Text>
    <TextColor>
      <R>255</R>
      <G>255</G>
      <B>255</B>
    </TextColor>
    <AlignCenter>true</AlignCenter>
  </Label>
  <Button item="BW_Buff8_Button">
    <ScreenID>Buff8</ScreenID>
    <Font>3</Font>
    <Text />
    <Location>
      <X>2</X>
      <Y>329</Y>
    </Location>
    <Size>
      <CX>100</CX>
      <CY>40</CY>
    </Size>
    <Style_Checkbox>false</Style_Checkbox>
    <ButtonDrawTemplate>
      <Normal>RedIconBackground</Normal>
      <NormalDecal>BuffIcons</NormalDecal>
    </ButtonDrawTemplate>
    <DecalOffset>
      <X>1</X>
      <Y>1</Y>
    </DecalOffset>
    <DecalSize>
      <CX>38</CX>
      <CY>38</CY>
    </DecalSize>
  </Button>
  <Label item="BW_Buff8_Label">
    <ScreenID>BW_Buff8_Label</ScreenID>
    <Font>2</Font>
    <EQType>53</EQType>
    <Location>
      <X>42</X>
      <Y>328</Y>
    </Location>
    <Size>
      <CX>60</CX>
      <CY>40</CY>
    </Size>
    <Text>Katta's Song of Sword Dancing</Text>
    <TextColor>
      <R>255</R>
      <G>255</G>
      <B>255</B>
    </TextColor>
    <AlignCenter>true</AlignCenter>
  </Label>
  <Button item="BW_Buff9_Button">
    <ScreenID>Buff9</ScreenID>
    <Font>3</Font>
    <Text />
    <Location>
      <X>2</X>
      <Y>370</Y>
    </Location>
    <Size>
      <CX>100</CX>
      <CY>40</CY>
    </Size>
    <Style_Checkbox>false</Style_Checkbox>
    <ButtonDrawTemplate>
      <Normal>BlueIconBackground</Normal>
      <NormalDecal>BuffIcons</NormalDecal>
    </ButtonDrawTemplate>
    <DecalOffset>
      <X>1</X>
      <Y>1</Y>
    </DecalOffset>
    <DecalSize>
      <CX>38</CX>
      <CY>38</CY>
    </DecalSize>
  </Button>
  <Label item="BW_Buff9_Label">
    <ScreenID>BW_Buff9_Label</ScreenID>
    <Font>2</Font>
    <EQType>54</EQType>
    <Location>
      <X>42</X>
      <Y>369</Y>
    </Location>
    <Size>
      <CX>60</CX>
      <CY>40</CY>
    </Size>
    <Text>Katta's Song of Sword Dancing</Text>
    <TextColor>
      <R>255</R>
      <G>255</G>
      <B>255</B>
    </TextColor>
    <AlignCenter>true</AlignCenter>
  </Label>
  <Button item="BW_Buff10_Button">
    <ScreenID>Buff10</ScreenID>
    <Font>3</Font>
    <Text />
    <Location>
      <X>2</X>
      <Y>411</Y>
    </Location>
    <Size>
      <CX>100</CX>
      <CY>40</CY>
    </Size>
    <Style_Checkbox>false</Style_Checkbox>
    <ButtonDrawTemplate>
      <Normal>RedIconBackground</Normal>
      <NormalDecal>BuffIcons</NormalDecal>
    </ButtonDrawTemplate>
    <DecalOffset>
      <X>1</X>
      <Y>1</Y>
    </DecalOffset>
    <DecalSize>
      <CX>38</CX>
      <CY>38</CY>
    </DecalSize>
  </Button>
  <Label item="BW_Buff10_Label">
    <ScreenID>BW_Buff10_Label</ScreenID>
    <Font>2</Font>
    <EQType>55</EQType>
    <Location>
      <X>42</X>
      <Y>410</Y>
    </Location>
    <Size>
      <CX>60</CX>
      <CY>40</CY>
    </Size>
    <Text>Katta's Song of Sword Dancing</Text>
    <TextColor>
      <R>255</R>
      <G>255</G>
      <B>255</B>
    </TextColor>
    <AlignCenter>true</AlignCenter>
    <LeftAnchorToLeft>True</LeftAnchorToLeft>
  </Label>
  <Button item="BW_Buff11_Button">
    <ScreenID>Buff11</ScreenID>
    <Font>3</Font>
    <Text />
    <Location>
      <X>2</X>
      <Y>452</Y>
    </Location>
    <Size>
      <CX>100</CX>
      <CY>40</CY>
    </Size>
    <Style_Checkbox>false</Style_Checkbox>
    <ButtonDrawTemplate>
      <Normal>RedIconBackground</Normal>
      <NormalDecal>BuffIcons</NormalDecal>
    </ButtonDrawTemplate>
    <DecalOffset>
      <X>1</X>
      <Y>1</Y>
    </DecalOffset>
    <DecalSize>
      <CX>38</CX>
      <CY>38</CY>
    </DecalSize>
  </Button>
  <Label item="BW_Buff11_Label">
    <ScreenID>BW_Buff11_Label</ScreenID>
    <Font>2</Font>
    <EQType>56</EQType>
    <Location>
      <X>42</X>
      <Y>451</Y>
    </Location>
    <Size>
      <CX>60</CX>
      <CY>40</CY>
    </Size>
    <Text>Katta's Song of Sword Dancing</Text>
    <TextColor>
      <R>255</R>
      <G>255</G>
      <B>255</B>
    </TextColor>
    <AlignCenter>true</AlignCenter>
  </Label>
  <Button item="BW_Buff12_Button">
    <ScreenID>Buff12</ScreenID>
    <Font>3</Font>
    <Text />
    <Location>
      <X>2</X>
      <Y>493</Y>
    </Location>
    <Size>
      <CX>100</CX>
      <CY>40</CY>
    </Size>
    <Style_Checkbox>false</Style_Checkbox>
    <ButtonDrawTemplate>
      <Normal>BlueIconBackground</Normal>
      <NormalDecal>BuffIcons</NormalDecal>
    </ButtonDrawTemplate>
    <DecalOffset>
      <X>1</X>
      <Y>1</Y>
    </DecalOffset>
    <DecalSize>
      <CX>38</CX>
      <CY>38</CY>
    </DecalSize>
  </Button>
  <Label item="BW_Buff12_Label">
    <ScreenID>BW_Buff12_Label</ScreenID>
    <Font>2</Font>
    <EQType>57</EQType>
    <Location>
      <X>42</X>
      <Y>492</Y>
    </Location>
    <Size>
      <CX>60</CX>
      <CY>40</CY>
    </Size>
    <Text>Katta's Song of Sword Dancing</Text>
    <TextColor>
      <R>255</R>
      <G>255</G>
      <B>255</B>
    </TextColor>
    <AlignCenter>true</AlignCenter>
  </Label>
  <Button item="BW_Buff13_Button">
    <ScreenID>Buff13</ScreenID>
    <Font>3</Font>
    <Text />
    <Location>
      <X>2</X>
      <Y>534</Y>
    </Location>
    <Size>
      <CX>100</CX>
      <CY>40</CY>
    </Size>
    <Style_Checkbox>false</Style_Checkbox>
    <ButtonDrawTemplate>
      <Normal>RedIconBackground</Normal>
      <NormalDecal>BuffIcons</NormalDecal>
    </ButtonDrawTemplate>
    <DecalOffset>
      <X>1</X>
      <Y>1</Y>
    </DecalOffset>
    <DecalSize>
      <CX>38</CX>
      <CY>38</CY>
    </DecalSize>
  </Button>
  <Label item="BW_Buff13_Label">
    <ScreenID>BW_Buff13_Label</ScreenID>
    <Font>2</Font>
    <EQType>58</EQType>
    <Location>
      <X>42</X>
      <Y>533</Y>
    </Location>
    <Size>
      <CX>60</CX>
      <CY>40</CY>
    </Size>
    <Text>Katta's Song of Sword Dancing</Text>
    <TextColor>
      <R>255</R>
      <G>255</G>
      <B>255</B>
    </TextColor>
    <AlignCenter>true</AlignCenter>
  </Label>
  <Button item="BW_Buff14_Button">
    <ScreenID>Buff14</ScreenID>
    <Font>3</Font>
    <Text />
    <Location>
      <X>2</X>
      <Y>575</Y>
    </Location>
    <Size>
      <CX>100</CX>
      <CY>40</CY>
    </Size>
    <Style_Checkbox>false</Style_Checkbox>
    <ButtonDrawTemplate>
      <Normal>RedIconBackground</Normal>
      <NormalDecal>BuffIcons</NormalDecal>
    </ButtonDrawTemplate>
    <DecalOffset>
      <X>1</X>
      <Y>1</Y>
    </DecalOffset>
    <DecalSize>
      <CX>38</CX>
      <CY>38</CY>
    </DecalSize>
  </Button>
  <Label item="BW_Buff14_Label">
    <ScreenID>BW_Buff14_Label</ScreenID>
    <Font>2</Font>
    <EQType>59</EQType>
    <Location>
      <X>42</X>
      <Y>574</Y>
    </Location>
    <Size>
      <CX>60</CX>
      <CY>40</CY>
    </Size>
    <Text>Katta's Song of Sword Dancing</Text>
    <TextColor>
      <R>255</R>
      <G>255</G>
      <B>255</B>
    </TextColor>
    <AlignCenter>true</AlignCenter>
  </Label>
  <Screen item="BuffWindow">
    <!--<ScreenID/>-->
    <Text>Buffs</Text>
    <RelativePosition>false</RelativePosition>
    <Location>
      <X>0</X>
      <Y>20</Y>
    </Location>
    <Size>
      <CX>105</CX>
      <CY>625</CY>
    </Size>
    <Style_Transparent>true</Style_Transparent>
    <DrawTemplate>WDT_topclrlun</DrawTemplate>
    <Style_Titlebar>false</Style_Titlebar>
    <Style_Closebox>false</Style_Closebox>
    <Style_Minimizebox>false</Style_Minimizebox>
    <Style_Border>true</Style_Border>
    <Style_Sizable>false</Style_Sizable>
    <Pieces>BW_Buff0_Button</Pieces>
    <Pieces>BW_Buff0_Label</Pieces>
    <Pieces>BW_Buff1_Button</Pieces>
    <Pieces>BW_Buff1_Label</Pieces>
    <Pieces>BW_Buff2_Button</Pieces>
    <Pieces>BW_Buff2_Label</Pieces>
    <Pieces>BW_Buff3_Button</Pieces>
    <Pieces>BW_Buff3_Label</Pieces>
    <Pieces>BW_Buff4_Button</Pieces>
    <Pieces>BW_Buff4_Label</Pieces>
    <Pieces>BW_Buff5_Button</Pieces>
    <Pieces>BW_Buff5_Label</Pieces>
    <Pieces>BW_Buff6_Button</Pieces>
    <Pieces>BW_Buff6_Label</Pieces>
    <Pieces>BW_Buff7_Button</Pieces>
    <Pieces>BW_Buff7_Label</Pieces>
    <Pieces>BW_Buff8_Button</Pieces>
    <Pieces>BW_Buff8_Label</Pieces>
    <Pieces>BW_Buff9_Button</Pieces>
    <Pieces>BW_Buff9_Label</Pieces>
    <Pieces>BW_Buff10_Button</Pieces>
    <Pieces>BW_Buff10_Label</Pieces>
    <Pieces>BW_Buff11_Button</Pieces>
    <Pieces>BW_Buff11_Label</Pieces>
    <Pieces>BW_Buff12_Button</Pieces>
    <Pieces>BW_Buff12_Label</Pieces>
    <Pieces>BW_Buff13_Button</Pieces>
    <Pieces>BW_Buff13_Label</Pieces>
    <Pieces>BW_Buff14_Button</Pieces>
    <Pieces>BW_Buff14_Label</Pieces>
  </Screen>
</XML>
