<?xml version="1.0" encoding="us-ascii"?>
<XML ID="EQInterfaceDefinitionLanguage">
 <!-- Original Translunwrap by Lunakin modified for Project Quarm by Brujoloco 2023-->
  <!--  Modded to add Zeal type 80 indicator May 2025   -->

  <Schema xmlns="EverQuestData" xmlns:dt="EverQuestDataTypes" />
  <Label item="Player_HPPercLabel">
    <ScreenID>A_Label</ScreenID>
    <Font>3</Font>
    <Text>Imalabel</Text>
    <TextColor>
      <R>255</R>
      <G>255</G>
      <B>255</B>
    </TextColor>
    <Size>
      <CX>1</CX>
      <CY>1</CY>
    </Size>
    <AlignCenter>true</AlignCenter>
    <Location>
      <X>0</X>
      <Y>0</Y>
    </Location>
  </Label>
  <!-- Changed to fit LQ Style Mana -Brujoloco Nov18 2023 -->
  <Label item="tw_manaper">
    <ScreenID>A_Label</ScreenID>
    <Font>5</Font>
    <Text>100</Text>
    <TextColor>
      <R>1</R>
      <G>200</G>
      <B>255</B>
    </TextColor>
    <Size>
      <CX>32</CX>
      <CY>15</CY>
    </Size>
    <AlignCenter>false</AlignCenter>
    <Location>
      <X>249</X>
      <Y>32</Y>
    </Location>
    <AlignRight>true</AlignRight>
    <EQType>20</EQType>
  </Label>
   <Label item="tw_manaper2">
    <ScreenID>A_Label</ScreenID>
    <Font>5</Font>
    <Text>100</Text>
    <TextColor>
      <R>1</R>
      <G>1</G>
      <B>200</B>
    </TextColor>
    <Size>
      <CX>32</CX>
      <CY>15</CY>
    </Size>
    <AlignCenter>false</AlignCenter>
    <Location>
      <X>250</X>
      <Y>33</Y>
    </Location>
    <AlignRight>true</AlignRight>
    <EQType>20</EQType>
  </Label>
  <!-- Mana New Zeal EQType -->

   <Label item="Zeal_Mana">
    <ScreenID>A_Label</ScreenID>
    <Font>5</Font>
    <Text>10000</Text>
    <TextColor>
      <R>1</R>
      <G>200</G>
      <B>255</B>
    </TextColor>
    <Size>
      <CX>63</CX>
      <CY>15</CY>
    </Size>
    <AlignCenter>false</AlignCenter>
    <Location>
      <X>294</X>
      <Y>32</Y>
    </Location>
    <AlignRight>true</AlignRight>
    <EQType>80</EQType>
  </Label>

   <Label item="Zeal_Mana2">
    <ScreenID>A_Label</ScreenID>
    <Font>5</Font>
    <Text>10000</Text>
    <TextColor>
      <R>1</R>
      <G>1</G>
      <B>200</B>
    </TextColor>
    <Size>
      <CX>63</CX>
      <CY>15</CY>
    </Size>
    <AlignCenter>false</AlignCenter>
    <Location>
      <X>295</X>
      <Y>33</Y>
    </Location>
    <AlignRight>true</AlignRight>
    <EQType>80</EQType>
  </Label>

  <!-- End New Mana Zeal EQType -->
  <Label item="Player_HPLabel">
    <ScreenID>A_Label</ScreenID>
    <Font>5</Font>
    <Text>100</Text>
    <TextColor>
      <R>0</R>
      <G>255</G>
      <B>0</B>
    </TextColor>
    <Size>
      <CX>32</CX>
      <CY>15</CY>
    </Size>
    <AlignCenter>false</AlignCenter>
    <Location>
      <X>249</X>
      <Y>18</Y>
    </Location>
    <AlignRight>true</AlignRight>
    <EQType>19</EQType>
  </Label>
  <Label item="Player_HPLabel2">
    <ScreenID>A_Label</ScreenID>
    <Font>5</Font>
    <Text>100</Text>
    <TextColor>
      <R>255</R>
      <G>1</G>
      <B>255</B>
    </TextColor>
    <Size>
      <CX>32</CX>
      <CY>15</CY>
    </Size>
    <AlignCenter>false</AlignCenter>
    <Location>
      <X>250</X>
      <Y>19</Y>
    </Location>
    <AlignRight>true</AlignRight>
    <EQType>19</EQType>
  </Label>
  <!-- Yep, this is the HP Label for Enemies -Brujoloco -->
  <Label item="tw_tarhpper">
    <ScreenID>A_Label</ScreenID>
    <Font>5</Font>
    <Text>100</Text>
    <TextColor>
      <R>255</R>
      <G>255</G>
      <B>255</B>
    </TextColor>
    <Size>
      <CX>32</CX>
      <CY>15</CY>
    </Size>
    <AlignCenter>false</AlignCenter>
    <Location>
      <X>249</X>
      <Y>4</Y>
    </Location>
    <AlignRight>true</AlignRight>
    <EQType>29</EQType>
  </Label>
  <Gauge item="CopyOfCasting_G">
    <ScreenID>Casting_G</ScreenID>
    <!--<Font>3</Font>-->
    <RelativePosition>true</RelativePosition>
    <Location>
      <X>3</X>
      <Y>1</Y>
    </Location>
    <Size>
      <CX>250</CX>
      <CY>4</CY>
    </Size>
    <GaugeOffsetY>0</GaugeOffsetY>
    <Style_VScroll>false</Style_VScroll>
    <Style_HScroll>false</Style_HScroll>
    <Style_Transparent>false</Style_Transparent>
    <!--<TooltipReference/>-->
    <FillTint>
      <R>1</R>
      <G>192</G>
      <B>2</B>
    </FillTint>
    <LinesFillTint>
      <R>0</R>
      <G>0</G>
      <B>0</B>
    </LinesFillTint>
    <DrawLinesFill>false</DrawLinesFill>
    <EQType>7</EQType>
    <GaugeDrawTemplate>
      <Background>A_biglunagbg</Background>
      <Fill>A_biglunagfill</Fill>
    </GaugeDrawTemplate>
    <GaugeOffsetX>0</GaugeOffsetX>
  </Gauge>
  <Gauge item="CopyOfTarget_HP_G">
    <ScreenID>Target_HP_G</ScreenID>
    <!--<Font>3</Font>-->
    <TextColor>
      <R>240</R>
      <G>240</G>
      <B>240</B>
    </TextColor>
    <RelativePosition>true</RelativePosition>
    <Location>
      <X>3</X>
      <Y>5</Y>
    </Location>
    <Size>
      <CX>250</CX>
      <CY>15</CY>
    </Size>
    <TextOffsety>0</TextOffsety>
    <TextOffsetX>2</TextOffsetX>
    <GaugeOffsetY>0</GaugeOffsetY>
    <Style_VScroll>false</Style_VScroll>
    <Style_HScroll>false</Style_HScroll>
    <Style_Transparent>false</Style_Transparent>
    <!--<TooltipReference/>-->
    <FillTint>
      <R>100</R>
      <G>25</G>
      <B>200</B>
    </FillTint>
    <LinesFillTint>
      <R>220</R>
      <G>220</G>
      <B>0</B>
    </LinesFillTint>
    <DrawLinesFill>false</DrawLinesFill>
    <EQType>6</EQType>
    <GaugeDrawTemplate>
      <Background>A_biglunagbg</Background>
      <Fill>A_biglunagfill</Fill>
    </GaugeDrawTemplate>
    <Font>4</Font>
  </Gauge>
  <Gauge item="Player_HP">
    <ScreenID>PlayerHP</ScreenID>
    <!--<Font>3</Font>-->
    <TextColor>
      <R>240</R>
      <G>240</G>
      <B>240</B>
    </TextColor>
    <RelativePosition>true</RelativePosition>
    <Location>
      <X>3</X>
      <Y>20</Y>
    </Location>
    <Size>
      <CX>250</CX>
      <CY>9</CY>
    </Size>
    <TextOffsetX>0</TextOffsetX>
    <GaugeOffsetY>-4</GaugeOffsetY>
    <Style_VScroll>false</Style_VScroll>
    <Style_HScroll>false</Style_HScroll>
    <Style_Transparent>false</Style_Transparent>
    <!--<TooltipReference/>-->
    <FillTint>
      <R>180</R>
      <G>0</G>
      <B>0</B>
    </FillTint>
    <LinesFillTint>
      <R>220</R>
      <G>220</G>
      <B>0</B>
    </LinesFillTint>
    <DrawLinesFill>false</DrawLinesFill>
    <EQType>1</EQType>
    <GaugeDrawTemplate>
      <Background>A_biglunagbg</Background>
      <Fill>A_biglunagfill</Fill>
    </GaugeDrawTemplate>
    <TextOffsetY>30</TextOffsetY>
  </Gauge>
  <Gauge item="Pet_HP">
    <ScreenID>PetHP</ScreenID>
    <!--<Font>3</Font>-->
    <TextColor>
      <R>0</R>
      <G>0</G>
      <B>0</B>
    </TextColor>
    <RelativePosition>true</RelativePosition>
    <Location>
      <X>3</X>
      <Y>26</Y>
    </Location>
    <Size>
      <CX>250</CX>
      <CY>3</CY>
    </Size>
    <TextOffsetY>-50</TextOffsetY>
    <GaugeOffsetY>-2</GaugeOffsetY>
    <Style_VScroll>false</Style_VScroll>
    <Style_HScroll>false</Style_HScroll>
    <Style_Transparent>false</Style_Transparent>
    <!--<TooltipReference/>-->
    <FillTint>
      <R>51</R>
      <G>192</G>
      <B>51</B>
    </FillTint>
    <LinesFillTint>
      <R>0</R>
      <G>0</G>
      <B>0</B>
    </LinesFillTint>
    <DrawLinesFill>false</DrawLinesFill>
    <EQType>16</EQType>
    <GaugeDrawTemplate>
      <Fill>A_thinlunagfill</Fill>
      <!--<Lines>A_GaugeLines</Lines>-->
      <!--<EndCapLeft>A_GaugeEndCapLeft</EndCapLeft>-->
      <!--<EndCapRight>A_GaugeEndCapRight</EndCapRight>-->
    </GaugeDrawTemplate>
  </Gauge>
  <Gauge item="Player_Mana">
    <ScreenID>PlayerMana</ScreenID>
    <!--<Font>3</Font>-->
    <RelativePosition>true</RelativePosition>
    <Location>
      <X>3</X>
      <Y>29</Y>
    </Location>
    <Size>
      <CX>250</CX>
      <CY>9</CY>
    </Size>
    <GaugeOffsetY>-4</GaugeOffsetY>
    <Style_VScroll>false</Style_VScroll>
    <Style_HScroll>false</Style_HScroll>
    <Style_Transparent>false</Style_Transparent>
    <!--<TooltipReference/>-->
    <FillTint>
      <R>0</R>
      <G>0</G>
      <B>220</B>
    </FillTint>
    <LinesFillTint>
      <R>0</R>
      <G>220</G>
      <B>220</B>
    </LinesFillTint>
    <DrawLinesFill>false</DrawLinesFill>
    <EQType>2</EQType>
    <GaugeDrawTemplate>
      <Background>A_biglunagbg</Background>
      <Fill>A_biglunagfill</Fill>
    </GaugeDrawTemplate>
  </Gauge>
   <!--Zeal Tick Code stolen from around the web, love stealing the code!-->
  <Gauge item="Zeal_Tick">
	<ScreenID>ZealTick</ScreenID>
	<RelativePosition>true</RelativePosition>
	<Location>
  	<X>3</X>
  	<Y>29</Y>
	</Location>
	<Size>
  	<CX>250</CX>
  	<CY>9</CY>
	</Size>
	<GaugeOffsetY>0</GaugeOffsetY>
	<TextOffsetX>-500</TextOffsetX>
	<Style_VScroll>false</Style_VScroll>
	<Style_HScroll>false</Style_HScroll>
	<Style_Transparent>true</Style_Transparent>
	<!--<TooltipReference/>-->
	<FillTint>
  	<R>255</R>
  	<G>255</G>
  	<B>255</B>
	</FillTint>
	<LinesFillTint>
  	<R>0</R>
  	<G>220</G>
  	<B>220</B>
	</LinesFillTint>
	<DrawLinesFill>false</DrawLinesFill>
	<EQType>24</EQType>
	<GaugeDrawTemplate>
  	<Fill>A_GaugeLinesFill</Fill>
	</GaugeDrawTemplate>
  </Gauge>
  <!--End Zeal Tick Code stolen blatantly from the net, because I feel like a gnome rogue!-->
  <Gauge item="Player_Fatigue">
    <ScreenID>PlayerFatigue</ScreenID>
    <!--<Font>3</Font>-->
    <RelativePosition>true</RelativePosition>
    <Location>
      <X>3</X>
      <Y>38</Y>
    </Location>
    <Size>
      <CX>250</CX>
      <CY>3</CY>
    </Size>
    <GaugeOffsetY>0</GaugeOffsetY>
    <Style_VScroll>false</Style_VScroll>
    <Style_HScroll>false</Style_HScroll>
    <Style_Transparent>false</Style_Transparent>
    <!--<TooltipReference/>-->
    <FillTint>
      <R>225</R>
      <G>225</G>
      <B>0</B>
    </FillTint>
    <LinesFillTint>
      <R>0</R>
      <G>220</G>
      <B>0</B>
    </LinesFillTint>
    <DrawLinesFill>false</DrawLinesFill>
    <EQType>3</EQType>
    <GaugeDrawTemplate>
      <Fill>A_biglunagfill</Fill>
      <Background>A_biglunagbg</Background>
    </GaugeDrawTemplate>
  </Gauge>
  <Screen item="PlayerWindow">
    <!--<ScreenID/>-->
    <RelativePosition>false</RelativePosition>
    <Location>
      <X>516</X>
      <Y>0</Y>
    </Location>
    <Size>
      <CX>390</CX>
      <CY>50</CY>
    </Size>
    <Text>Player</Text>
    <Style_VScroll>false</Style_VScroll>
    <Style_HScroll>false</Style_HScroll>
    <Style_Transparent>true</Style_Transparent>
    <TooltipReference>The Breath Meter</TooltipReference>
    <DrawTemplate>WDT_clrlun</DrawTemplate>
    <Style_Titlebar>false</Style_Titlebar>
    <Style_Closebox>false</Style_Closebox>
    <Style_Minimizebox>false</Style_Minimizebox>
    <Style_Border>true</Style_Border>
    <Style_Sizable>false</Style_Sizable>
    <Pieces>Player_HP</Pieces>
    <Pieces>Player_HPLabel2</Pieces>
    <Pieces>Player_Mana</Pieces>
    <Pieces>Player_Fatigue</Pieces>
    <Pieces>Pet_HP</Pieces>
    <Pieces>CopyOfTarget_HP_G</Pieces>
    <Pieces>CopyOfCasting_G</Pieces>
    <Pieces>tw_tarhpper</Pieces>
    <Pieces>Player_HPLabel</Pieces>
    <Pieces>tw_manaper2</Pieces>
    <Pieces>tw_manaper</Pieces>
    <Pieces>Player_HPPercLabel</Pieces>
    <Pieces>Zeal_Tick</Pieces>
    <Pieces>Zeal_Mana2</Pieces>
    <Pieces>Zeal_Mana</Pieces>

  </Screen>
</XML>
